time,ask,bid,ask_volume,bid_volume
2020-03-12 12:40:00.222000,1.12235,1.12229,750000,190000
2020-03-12 12:40:00.272000,1.12237,1.12229,2250000,940000
2020-03-12 12:40:00.323000,1.12236,1.12231,100000,190000
2020-03-12 12:40:00.425000,1.12237,1.12231,450000,190000
2020-03-12 12:40:00.526000,1.12237,1.12232,100000,190000
2020-03-12 12:40:00.627000,1.12241,1.12236,450000,750000
2020-03-12 12:40:00.729000,1.12245,1.12238,820000,190000
2020-03-12 12:40:00.779000,1.12247,1.1224,4200000,940000
2020-03-12 12:40:00.881000,1.12245,1.12241,100000,940000
2020-03-12 12:40:00.932000,1.12247,1.12242,100000,190000
2020-03-12 12:40:01.033000,1.12249,1.12243,820000,190000
2020-03-12 12:40:01.286000,1.12251,1.12245,1200000,190000
2020-03-12 12:40:01.387000,1.12251,1.12246,450000,190000
2020-03-12 12:40:01.488000,1.12253,1.12249,750000,940000
2020-03-12 12:40:01.590000,1.12257,1.12253,750000,2440000
2020-03-12 12:40:01.641000,1.12262,1.12255,750000,2060000
2020-03-12 12:40:01.743000,1.12259,1.12253,750000,940000
2020-03-12 12:40:02.046000,1.12258,1.12253,820000,190000
2020-03-12 12:40:02.147000,1.12254,1.12251,750000,190000
2020-03-12 12:40:02.248000,1.12252,1.12247,820000,190000
2020-03-12 12:40:02.350000,1.12253,1.12247,1200000,940000
2020-03-12 12:40:02.806000,1.12255,1.12247,2320000,940000
2020-03-12 12:40:03.209000,1.12254,1.12247,2320000,750000
2020-03-12 12:40:03.411000,1.12253,1.12246,450000,940000
2020-03-12 12:40:03.513000,1.12254,1.12247,1570000,190000
2020-03-12 12:40:05.076000,1.12253,1.12246,1570000,940000
2020-03-12 12:40:05.127000,1.12246,1.12243,750000,940000
2020-03-12 12:40:05.178000,1.12247,1.1224,2140000,100000
2020-03-12 12:40:05.329000,1.12245,1.12238,750000,1570000
2020-03-12 12:40:05.431000,1.12246,1.1224,750000,820000
2020-03-12 12:40:05.532000,1.12246,1.12242,750000,1690000
2020-03-12 12:40:05.583000,1.12248,1.12242,750000,940000
2020-03-12 12:40:05.684000,1.12248,1.12243,1500000,190000
2020-03-12 12:40:05.786000,1.12249,1.12243,1500000,190000
2020-03-12 12:40:05.988000,1.1225,1.12246,750000,750000
2020-03-12 12:40:06.090000,1.12252,1.12246,1500000,940000
2020-03-12 12:40:06.191000,1.1225,1.12243,750000,940000
2020-03-12 12:40:06.329000,1.12246,1.12241,190000,750000
2020-03-12 12:40:06.381000,1.12246,1.12239,940000,750000
2020-03-12 12:40:06.736000,1.12246,1.12238,1500000,820000
2020-03-12 12:40:07.303000,1.12244,1.12238,750000,940000
2020-03-12 12:40:07.405000,1.12245,1.12237,750000,940000
2020-03-12 12:40:07.507000,1.12244,1.12237,750000,940000
2020-03-12 12:40:07.862000,1.12245,1.12238,750000,820000
2020-03-12 12:40:07.963000,1.12245,1.12239,750000,190000
2020-03-12 12:40:08.441000,1.12244,1.12238,750000,1010000
2020-03-12 12:40:08.592000,1.12244,1.12239,750000,190000
2020-03-12 12:40:08.694000,1.12245,1.1224,750000,190000
2020-03-12 12:40:09.116000,1.12243,1.1224,450000,190000
2020-03-12 12:40:09.166000,1.12243,1.12238,450000,940000
2020-03-12 12:40:09.517000,1.12243,1.12239,100000,750000
2020-03-12 12:40:09.618000,1.12245,1.12239,1200000,1500000
2020-03-12 12:40:10.310000,1.12244,1.12239,100000,940000
2020-03-12 12:40:10.942000,1.12244,1.12238,100000,940000
2020-03-12 12:40:11.044000,1.12244,1.12239,100000,750000
2020-03-12 12:40:11.145000,1.12245,1.1224,1200000,750000
2020-03-12 12:40:11.247000,1.12246,1.1224,1570000,750000
2020-03-12 12:40:11.348000,1.12245,1.1224,100000,750000
2020-03-12 12:40:11.449000,1.12247,1.12242,100000,940000
2020-03-12 12:40:11.550000,1.12249,1.12242,1570000,190000
2020-03-12 12:40:11.651000,1.1225,1.12243,2320000,190000
2020-03-12 12:40:11.753000,1.1225,1.12242,2700000,940000
2020-03-12 12:40:11.855000,1.12247,1.12241,100000,190000
2020-03-12 12:40:12.006000,1.12247,1.1224,450000,750000
2020-03-12 12:40:12.107000,1.12248,1.12244,100000,190000
2020-03-12 12:40:12.208000,1.12249,1.12244,750000,190000
2020-03-12 12:40:12.259000,1.12248,1.12241,820000,940000
2020-03-12 12:40:12.765000,1.12247,1.12241,450000,190000
2020-03-12 12:40:12.867000,1.12247,1.1224,3070000,190000
2020-03-12 12:40:13.085000,1.12247,1.12241,1500000,750000
2020-03-12 12:40:13.137000,1.12249,1.12242,3750000,190000
2020-03-12 12:40:13.339000,1.12248,1.12241,750000,190000
2020-03-12 12:40:13.744000,1.12249,1.12241,2250000,190000
2020-03-12 12:40:13.794000,1.12249,1.12243,2250000,190000
2020-03-12 12:40:14.650000,1.12242,1.12241,750000,190000
2020-03-12 12:40:14.701000,1.12247,1.12241,940000,1500000
2020-03-12 12:40:14.752000,1.12248,1.12243,2250000,190000
2020-03-12 12:40:14.905000,1.12249,1.12243,3000000,190000
2020-03-12 12:40:15.321000,1.12246,1.12243,750000,190000
2020-03-12 12:40:15.372000,1.12249,1.12245,750000,750000
2020-03-12 12:40:15.423000,1.12252,1.12246,750000,190000
2020-03-12 12:40:15.524000,1.12253,1.12246,1500000,190000
2020-03-12 12:40:15.625000,1.12253,1.12245,1500000,1010000
2020-03-12 12:40:15.726000,1.12254,1.12246,3750000,750000
2020-03-12 12:40:15.827000,1.12253,1.12246,750000,190000
2020-03-12 12:40:15.979000,1.12253,1.12245,3070000,1690000
2020-03-12 12:40:16.080000,1.12253,1.12246,750000,190000
2020-03-12 12:40:16.181000,1.12254,1.12246,1500000,940000
2020-03-12 12:40:16.730000,1.12248,1.12244,750000,190000
2020-03-12 12:40:16.781000,1.12247,1.12241,940000,1500000
2020-03-12 12:40:16.832000,1.12247,1.12239,940000,750000
2020-03-12 12:40:16.983000,1.12248,1.12241,3450000,190000
2020-03-12 12:40:17.236000,1.12248,1.12242,1500000,190000
2020-03-12 12:40:17.388000,1.12248,1.12243,1500000,190000
2020-03-12 12:40:17.489000,1.12248,1.12242,1570000,190000
2020-03-12 12:40:18.240000,1.12247,1.12242,750000,190000
2020-03-12 12:40:18.341000,1.12248,1.12242,3450000,190000
2020-03-12 12:40:18.442000,1.12247,1.12242,750000,190000
2020-03-12 12:40:18.995000,1.12246,1.12242,750000,190000
2020-03-12 12:40:19.198000,1.12247,1.12242,820000,190000
2020-03-12 12:40:19.299000,1.12246,1.12242,750000,190000
2020-03-12 12:40:19.501000,1.12248,1.12242,2250000,190000
2020-03-12 12:40:19.602000,1.12249,1.12243,3000000,190000
2020-03-12 12:40:19.855000,1.12249,1.12244,750000,190000
2020-03-12 12:40:20.107000,1.12248,1.12244,750000,190000
2020-03-12 12:40:20.209000,1.12248,1.12243,3750000,190000
2020-03-12 12:40:20.360000,1.12249,1.12243,750000,190000
2020-03-12 12:40:20.512000,1.1225,1.12243,3750000,190000
2020-03-12 12:40:20.664000,1.12249,1.12243,750000,190000
2020-03-12 12:40:21.268000,1.1225,1.12246,750000,190000
2020-03-12 12:40:21.369000,1.12254,1.12246,820000,560000
2020-03-12 12:40:21.420000,1.12248,1.12245,1500000,1690000
2020-03-12 12:40:21.471000,1.1224,1.12237,13460000,1130000
2020-03-12 12:40:21.521000,1.12231,1.12228,6000000,190000
2020-03-12 12:40:21.572000,1.12229,1.12227,750000,750000
2020-03-12 12:40:21.624000,1.12226,1.12224,750000,370000
2020-03-12 12:40:21.675000,1.12222,1.12218,750000,1010000
2020-03-12 12:40:21.726000,1.1222,1.12218,940000,750000
2020-03-12 12:40:21.828000,1.12218,1.12216,750000,2250000
2020-03-12 12:40:21.879000,1.12214,1.12212,750000,750000
2020-03-12 12:40:21.980000,1.12213,1.12207,1500000,1390000
2020-03-12 12:40:22.082000,1.12216,1.12207,940000,640000
2020-03-12 12:40:22.132000,1.12217,1.12209,3710000,190000
2020-03-12 12:40:22.391000,1.12216,1.12209,100000,190000
2020-03-12 12:40:22.492000,1.12218,1.12209,1010000,190000
2020-03-12 12:40:22.593000,1.12216,1.12209,750000,190000
2020-03-12 12:40:22.694000,1.12217,1.12209,820000,190000
2020-03-12 12:40:22.846000,1.12218,1.12211,3450000,190000
2020-03-12 12:40:23.048000,1.12216,1.1221,750000,190000
2020-03-12 12:40:23.150000,1.12214,1.1221,750000,190000
2020-03-12 12:40:23.873000,1.12212,1.1221,750000,190000
2020-03-12 12:40:25.507000,1.12213,1.1221,750000,190000
2020-03-12 12:40:25.608000,1.12215,1.12212,750000,190000
2020-03-12 12:40:25.709000,1.12215,1.12213,750000,190000
2020-03-12 12:40:25.811000,1.12213,1.12211,750000,190000
2020-03-12 12:40:25.962000,1.12215,1.12212,750000,190000
2020-03-12 12:40:26.367000,1.12216,1.12214,750000,750000
2020-03-12 12:40:26.417000,1.12217,1.12212,750000,260000
2020-03-12 12:40:26.468000,1.12221,1.1222,1500000,1500000
2020-03-12 12:40:26.519000,1.12223,1.12221,750000,190000
2020-03-12 12:40:26.570000,1.12225,1.12221,1500000,260000
2020-03-12 12:40:26.672000,1.12223,1.12221,750000,190000
2020-03-12 12:40:26.723000,1.1222,1.12218,7500000,750000
2020-03-12 12:40:26.774000,1.12215,1.12214,750000,2250000
2020-03-12 12:40:26.824000,1.12211,1.12209,940000,370000
2020-03-12 12:40:26.875000,1.12202,1.122,750000,3370000
2020-03-12 12:40:26.977000,1.12196,1.12195,750000,190000
2020-03-12 12:40:27.078000,1.12196,1.12194,750000,190000
2020-03-12 12:40:27.179000,1.12197,1.12191,750000,190000
2020-03-12 12:40:27.230000,1.12197,1.12193,750000,190000
2020-03-12 12:40:27.281000,1.12197,1.12191,750000,260000
2020-03-12 12:40:27.332000,1.12197,1.12193,750000,190000
2020-03-12 12:40:27.687000,1.12197,1.12192,750000,260000
2020-03-12 12:40:27.789000,1.12197,1.12194,750000,190000
2020-03-12 12:40:28.256000,1.122,1.12194,1500000,190000
2020-03-12 12:40:28.308000,1.122,1.12196,750000,190000
2020-03-12 12:40:28.359000,1.12202,1.12196,450000,190000
2020-03-12 12:40:28.410000,1.12199,1.12196,750000,940000
2020-03-12 12:40:28.512000,1.12201,1.12194,750000,640000
2020-03-12 12:40:28.563000,1.12199,1.12194,750000,100000
2020-03-12 12:40:28.665000,1.122,1.12195,750000,190000
2020-03-12 12:40:28.767000,1.12202,1.12196,750000,190000
2020-03-12 12:40:28.818000,1.12198,1.12195,750000,190000
2020-03-12 12:40:28.869000,1.12202,1.12196,820000,190000
2020-03-12 12:40:29.021000,1.12201,1.12195,750000,190000
2020-03-12 12:40:29.223000,1.12204,1.12197,1870000,190000
2020-03-12 12:40:29.274000,1.12197,1.12196,750000,190000
2020-03-12 12:40:29.325000,1.12199,1.12195,3750000,190000
2020-03-12 12:40:29.426000,1.12197,1.12192,750000,940000
2020-03-12 12:40:29.578000,1.12194,1.1219,750000,190000
2020-03-12 12:40:29.629000,1.12192,1.12186,750000,1010000
2020-03-12 12:40:29.730000,1.12191,1.12184,750000,190000
2020-03-12 12:40:29.832000,1.12192,1.12185,750000,1200000
2020-03-12 12:40:29.882000,1.12193,1.12187,750000,190000
2020-03-12 12:40:29.984000,1.12192,1.12187,750000,190000
2020-03-12 12:40:30.135000,1.12193,1.12187,750000,260000
2020-03-12 12:40:30.236000,1.12199,1.12193,1120000,190000
2020-03-12 12:40:30.338000,1.12202,1.12196,750000,820000
2020-03-12 12:40:30.439000,1.12203,1.12197,750000,100000
2020-03-12 12:40:30.641000,1.12204,1.12196,1500000,190000
2020-03-12 12:40:31.099000,1.12204,1.12197,750000,750000
2020-03-12 12:40:31.200000,1.12209,1.122,3750000,2140000
2020-03-12 12:40:31.251000,1.12206,1.12202,750000,750000
2020-03-12 12:40:31.505000,1.12206,1.122,750000,450000
2020-03-12 12:40:31.606000,1.12209,1.122,750000,820000
2020-03-12 12:40:31.759000,1.12208,1.122,750000,750000
2020-03-12 12:40:31.861000,1.12208,1.12199,750000,1010000
2020-03-12 12:40:32.014000,1.12209,1.122,820000,750000
2020-03-12 12:40:32.116000,1.12207,1.12199,750000,260000
2020-03-12 12:40:32.369000,1.12207,1.12198,750000,640000
2020-03-12 12:40:32.634000,1.12207,1.122,750000,750000
2020-03-12 12:40:32.736000,1.12209,1.12201,750000,100000
2020-03-12 12:40:32.787000,1.12211,1.12204,750000,750000
2020-03-12 12:40:32.838000,1.12213,1.12203,1200000,1010000
2020-03-12 12:40:32.990000,1.12212,1.12203,100000,940000
2020-03-12 12:40:33.091000,1.12211,1.12203,820000,750000
2020-03-12 12:40:33.294000,1.12212,1.12203,1010000,750000
2020-03-12 12:40:33.545000,1.12206,1.12203,750000,100000
2020-03-12 12:40:33.608000,1.12207,1.12201,190000,1500000
2020-03-12 12:40:33.659000,1.12204,1.122,750000,1050000
2020-03-12 12:40:33.710000,1.12207,1.122,750000,1240000
2020-03-12 12:40:33.811000,1.12207,1.12199,750000,190000
2020-03-12 12:40:33.963000,1.12209,1.122,3190000,450000
2020-03-12 12:40:34.115000,1.12209,1.12201,940000,100000
2020-03-12 12:40:34.217000,1.12207,1.12201,750000,640000
2020-03-12 12:40:34.267000,1.12209,1.12202,1500000,190000
2020-03-12 12:40:34.369000,1.12208,1.12202,750000,260000
2020-03-12 12:40:34.470000,1.12207,1.12198,820000,940000
2020-03-12 12:40:34.571000,1.12208,1.12199,940000,1570000
2020-03-12 12:40:34.622000,1.12205,1.12199,750000,100000
2020-03-12 12:40:34.673000,1.12207,1.12199,750000,450000
2020-03-12 12:40:34.724000,1.12209,1.12199,2510000,640000
2020-03-12 12:40:34.825000,1.12209,1.122,1690000,100000
2020-03-12 12:40:34.977000,1.12209,1.12199,1760000,640000
2020-03-12 12:40:35.129000,1.12209,1.122,2140000,750000
2020-03-12 12:40:35.180000,1.12208,1.12198,1390000,1760000
2020-03-12 12:40:35.231000,1.12208,1.12201,750000,820000
2020-03-12 12:40:35.332000,1.12208,1.122,750000,820000
2020-03-12 12:40:35.484000,1.12209,1.122,750000,820000
2020-03-12 12:40:35.737000,1.1221,1.122,1010000,1200000
2020-03-12 12:40:35.838000,1.12208,1.122,2250000,750000
2020-03-12 12:40:35.939000,1.12209,1.12201,1500000,450000
2020-03-12 12:40:36.192000,1.12207,1.12201,750000,450000
2020-03-12 12:40:36.293000,1.12208,1.12201,750000,750000
2020-03-12 12:40:36.394000,1.12208,1.12202,750000,100000
2020-03-12 12:40:36.663000,1.12209,1.12202,1500000,100000
2020-03-12 12:40:36.764000,1.12207,1.12201,750000,1200000
2020-03-12 12:40:36.866000,1.12206,1.122,750000,1690000
2020-03-12 12:40:36.967000,1.12206,1.12201,750000,100000
2020-03-12 12:40:37.068000,1.12209,1.12203,750000,940000
2020-03-12 12:40:37.169000,1.12208,1.12204,750000,190000
2020-03-12 12:40:37.221000,1.12209,1.12201,750000,940000
2020-03-12 12:40:37.322000,1.1221,1.12203,3000000,100000
2020-03-12 12:40:37.575000,1.12209,1.12202,1500000,640000
2020-03-12 12:40:37.677000,1.1221,1.12202,3190000,100000
2020-03-12 12:40:37.880000,1.12211,1.12202,3940000,1010000
2020-03-12 12:40:38.183000,1.12212,1.12203,940000,1010000
2020-03-12 12:40:38.284000,1.12212,1.12204,940000,100000
2020-03-12 12:40:39.567000,1.12212,1.12203,1690000,1390000
2020-03-12 12:40:40.031000,1.12211,1.12203,750000,1010000
2020-03-12 12:40:41.073000,1.12209,1.12203,750000,750000
2020-03-12 12:40:41.175000,1.12207,1.12199,750000,1760000
2020-03-12 12:40:41.277000,1.12207,1.122,750000,100000
2020-03-12 12:40:41.379000,1.12208,1.12201,940000,100000
2020-03-12 12:40:41.531000,1.12209,1.12201,940000,450000
2020-03-12 12:40:41.633000,1.12209,1.122,940000,3640000
2020-03-12 12:40:42.286000,1.12204,1.12199,750000,1200000
2020-03-12 12:40:42.337000,1.12206,1.12199,2250000,2320000
2020-03-12 12:40:42.438000,1.12207,1.12201,750000,100000
2020-03-12 12:40:42.540000,1.12208,1.12199,940000,1760000
2020-03-12 12:40:42.691000,1.12208,1.12199,190000,1760000
2020-03-12 12:40:42.793000,1.12209,1.12201,260000,750000
2020-03-12 12:40:42.944000,1.12199,1.12197,380000,750000
2020-03-12 12:40:42.995000,1.12195,1.12194,1500000,3190000
2020-03-12 12:40:43.046000,1.1219,1.12187,2250000,750000
2020-03-12 12:40:43.097000,1.12185,1.12182,750000,2440000
2020-03-12 12:40:43.147000,1.12179,1.12178,750000,750000
2020-03-12 12:40:43.249000,1.12179,1.12173,1500000,750000
2020-03-12 12:40:43.350000,1.12179,1.12172,750000,750000
2020-03-12 12:40:43.670000,1.12179,1.12172,750000,750000
2020-03-12 12:40:43.772000,1.1218,1.12171,3000000,820000
2020-03-12 12:40:43.873000,1.12179,1.12171,1500000,940000
2020-03-12 12:40:43.975000,1.12178,1.12169,100000,1690000
2020-03-12 12:40:44.076000,1.12179,1.12169,2320000,1390000
2020-03-12 12:40:44.322000,1.12181,1.12172,750000,820000
2020-03-12 12:40:44.424000,1.12181,1.12173,750000,820000
2020-03-12 12:40:44.525000,1.12184,1.12174,3450000,820000
2020-03-12 12:40:44.576000,1.12181,1.12174,1500000,100000
2020-03-12 12:40:44.677000,1.1218,1.12172,820000,2440000
2020-03-12 12:40:44.728000,1.12182,1.12173,820000,2250000
2020-03-12 12:40:44.829000,1.12183,1.12174,750000,450000
2020-03-12 12:40:45.055000,1.12182,1.12174,1500000,1010000
2020-03-12 12:40:45.157000,1.12182,1.12174,1500000,1010000
2020-03-12 12:40:45.259000,1.12182,1.12175,3750000,750000
2020-03-12 12:40:45.419000,1.12181,1.12175,750000,190000
2020-03-12 12:40:45.571000,1.12182,1.12175,750000,640000
2020-03-12 12:40:45.672000,1.12183,1.12175,3000000,190000
2020-03-12 12:40:45.773000,1.12183,1.12175,3000000,100000
2020-03-12 12:40:46.007000,1.12184,1.12175,190000,1950000
2020-03-12 12:40:46.108000,1.12185,1.12176,2810000,1120000
2020-03-12 12:40:46.260000,1.12182,1.12174,190000,940000
2020-03-12 12:40:46.463000,1.12183,1.12174,1500000,2160000
2020-03-12 12:40:47.516000,1.12185,1.12178,750000,750000
2020-03-12 12:40:47.567000,1.12187,1.12178,2810000,1500000
2020-03-12 12:40:47.618000,1.12187,1.12182,300000,750000
2020-03-12 12:40:47.719000,1.1219,1.12182,1950000,190000
2020-03-12 12:40:47.979000,1.12189,1.12182,750000,190000
2020-03-12 12:40:48.080000,1.12188,1.12181,100000,190000
2020-03-12 12:40:48.298000,1.12189,1.12181,1570000,190000
2020-03-12 12:40:48.399000,1.12192,1.12184,2250000,190000
2020-03-12 12:40:48.998000,1.12185,1.1218,450000,370000
2020-03-12 12:40:49.049000,1.12177,1.12175,750000,190000
2020-03-12 12:40:49.100000,1.12177,1.12172,450000,750000
2020-03-12 12:40:49.151000,1.12177,1.12175,450000,750000
2020-03-12 12:40:49.202000,1.12179,1.12173,370000,750000
2020-03-12 12:40:49.303000,1.12179,1.1217,450000,190000
2020-03-12 12:40:49.405000,1.12179,1.12171,100000,190000
2020-03-12 12:40:49.457000,1.12181,1.12172,5510000,190000
2020-03-12 12:40:49.559000,1.1218,1.12171,640000,190000
2020-03-12 12:40:49.711000,1.12179,1.12171,100000,190000
2020-03-12 12:40:49.913000,1.12179,1.1217,1010000,940000
2020-03-12 12:40:50.125000,1.1218,1.12172,450000,190000
2020-03-12 12:40:50.176000,1.12183,1.12173,1010000,1200000
2020-03-12 12:40:50.378000,1.12183,1.12174,940000,1310000
2020-03-12 12:40:50.479000,1.12183,1.12174,940000,1390000
2020-03-12 12:40:50.580000,1.12183,1.12175,190000,1500000
2020-03-12 12:40:50.732000,1.12184,1.12175,1690000,1220000
2020-03-12 12:40:50.783000,1.12183,1.12174,1200000,2060000
2020-03-12 12:40:50.938000,1.12184,1.12174,1010000,2510000
2020-03-12 12:40:51.208000,1.12187,1.12184,370000,3000000
2020-03-12 12:40:51.259000,1.12195,1.12188,940000,750000
2020-03-12 12:40:51.309000,1.12193,1.12188,750000,750000
2020-03-12 12:40:51.411000,1.12191,1.12184,750000,190000
2020-03-12 12:40:51.613000,1.12191,1.12184,100000,190000
2020-03-12 12:40:51.714000,1.1219,1.12184,750000,190000
2020-03-12 12:40:51.815000,1.1219,1.12184,750000,190000
2020-03-12 12:40:51.916000,1.1219,1.12183,750000,640000
2020-03-12 12:40:51.967000,1.12174,1.12172,1500000,750000
2020-03-12 12:40:52.018000,1.1217,1.12168,100000,190000
2020-03-12 12:40:52.068000,1.1216,1.12158,9450000,190000
2020-03-12 12:40:52.119000,1.12157,1.12152,750000,450000
2020-03-12 12:40:52.170000,1.12155,1.12151,750000,750000
2020-03-12 12:40:52.271000,1.12158,1.12153,750000,1500000
2020-03-12 12:40:52.322000,1.1216,1.12153,750000,2890000
2020-03-12 12:40:52.423000,1.12159,1.12154,750000,750000
2020-03-12 12:40:52.525000,1.12159,1.12153,750000,450000
2020-03-12 12:40:52.575000,1.1216,1.12154,750000,1500000
2020-03-12 12:40:52.677000,1.12161,1.12155,750000,750000
2020-03-12 12:40:52.779000,1.1216,1.12155,750000,450000
2020-03-12 12:40:52.829000,1.12162,1.12155,750000,450000
2020-03-12 12:40:52.880000,1.12157,1.12151,750000,190000
2020-03-12 12:40:52.931000,1.12146,1.12144,1500000,1200000
2020-03-12 12:40:52.982000,1.12144,1.12141,750000,100000
2020-03-12 12:40:53.083000,1.12145,1.12141,750000,450000
2020-03-12 12:40:53.184000,1.12141,1.12139,190000,1200000
2020-03-12 12:40:53.286000,1.12143,1.12139,750000,1200000
2020-03-12 12:40:53.387000,1.12141,1.12139,750000,1200000
2020-03-12 12:40:53.488000,1.12141,1.1214,750000,450000
2020-03-12 12:40:53.590000,1.12142,1.12141,750000,450000
2020-03-12 12:40:53.993000,1.12143,1.12141,750000,640000
2020-03-12 12:40:54.095000,1.12143,1.12142,750000,750000
2020-03-12 12:40:54.146000,1.12142,1.1214,750000,450000
2020-03-12 12:40:54.247000,1.12144,1.12142,2250000,190000
2020-03-12 12:40:54.298000,1.12142,1.1214,1500000,1200000
2020-03-12 12:40:54.412000,1.12142,1.1214,1500000,450000
2020-03-12 12:40:55.092000,1.12143,1.12141,2440000,640000
2020-03-12 12:40:55.193000,1.12142,1.12141,750000,450000
2020-03-12 12:40:55.294000,1.12143,1.12141,1500000,450000
2020-03-12 12:40:55.396000,1.12141,1.1214,750000,1200000
2020-03-12 12:40:55.447000,1.12138,1.12137,750000,1500000
2020-03-12 12:40:55.497000,1.12132,1.12131,1500000,1200000
2020-03-12 12:40:55.599000,1.12127,1.12126,750000,750000
2020-03-12 12:40:55.650000,1.12122,1.1212,750000,1950000
2020-03-12 12:40:55.751000,1.12123,1.12121,9070000,1500000
2020-03-12 12:40:55.802000,1.12121,1.12118,1500000,750000
2020-03-12 12:40:55.854000,1.12115,1.12114,750000,190000
2020-03-12 12:40:55.905000,1.1212,1.12116,750000,100000
2020-03-12 12:40:55.956000,1.12113,1.12111,1500000,1120000
2020-03-12 12:40:56.007000,1.12118,1.12114,750000,450000
2020-03-12 12:40:56.058000,1.12116,1.1211,750000,1200000
2020-03-12 12:40:56.109000,1.12113,1.1211,750000,1200000
2020-03-12 12:40:56.210000,1.12111,1.12109,750000,640000
2020-03-12 12:40:56.261000,1.12114,1.12109,750000,640000
2020-03-12 12:40:56.311000,1.12115,1.12111,750000,450000
2020-03-12 12:40:56.413000,1.1211,1.12108,750000,190000
2020-03-12 12:40:56.463000,1.1211,1.12107,750000,450000
2020-03-12 12:40:56.514000,1.1211,1.12108,750000,1220000
2020-03-12 12:40:56.615000,1.1211,1.12108,750000,1200000
2020-03-12 12:40:56.666000,1.12113,1.12108,750000,1390000
2020-03-12 12:40:56.717000,1.12113,1.1211,750000,450000
2020-03-12 12:40:56.818000,1.12113,1.12109,750000,450000
2020-03-12 12:40:56.920000,1.12114,1.12112,750000,640000
2020-03-12 12:40:57.173000,1.12114,1.12111,750000,100000
2020-03-12 12:40:57.274000,1.12113,1.1211,750000,450000
2020-03-12 12:40:57.375000,1.12113,1.12109,750000,450000
2020-03-12 12:40:57.476000,1.12114,1.1211,750000,450000
2020-03-12 12:40:57.696000,1.12114,1.12111,750000,450000
2020-03-12 12:40:57.747000,1.12118,1.12115,750000,450000
2020-03-12 12:40:57.848000,1.1212,1.12117,750000,450000
2020-03-12 12:40:57.950000,1.12122,1.12117,1500000,940000
2020-03-12 12:40:58.001000,1.12119,1.12117,750000,750000
2020-03-12 12:40:58.051000,1.12119,1.12115,750000,450000
2020-03-12 12:40:58.102000,1.12115,1.12113,7720000,1500000
2020-03-12 12:40:58.153000,1.12104,1.12103,750000,370000
2020-03-12 12:40:58.204000,1.12099,1.12098,7350000,750000
2020-03-12 12:40:58.255000,1.12097,1.12095,7500000,1500000
2020-03-12 12:40:58.356000,1.12092,1.12091,2250000,1200000
2020-03-12 12:40:58.457000,1.12094,1.12093,9150000,1200000
2020-03-12 12:40:58.558000,1.12092,1.1209,750000,450000
2020-03-12 12:40:58.660000,1.12093,1.12089,750000,450000
2020-03-12 12:40:58.862000,1.12095,1.12091,750000,450000
2020-03-12 12:40:58.963000,1.12091,1.12089,750000,1200000
2020-03-12 12:40:59.014000,1.12091,1.12087,750000,1690000
2020-03-12 12:40:59.065000,1.12088,1.12087,750000,750000
2020-03-12 12:40:59.116000,1.1209,1.12087,750000,1950000
2020-03-12 12:40:59.217000,1.12091,1.12089,1500000,450000
2020-03-12 12:40:59.318000,1.12091,1.12088,750000,1200000
2020-03-12 12:40:59.419000,1.12093,1.12091,750000,450000
2020-03-12 12:40:59.470000,1.12093,1.12089,750000,450000
2020-03-12 12:40:59.521000,1.12091,1.12089,1500000,450000
2020-03-12 12:40:59.572000,1.1209,1.12087,750000,450000
2020-03-12 12:40:59.673000,1.12091,1.12088,750000,450000
2020-03-12 12:40:59.974000,1.12091,1.12089,7050000,470000
2020-03-12 12:41:00.076000,1.12089,1.12087,750000,100000
2020-03-12 12:41:00.177000,1.1209,1.12086,750000,450000
2020-03-12 12:41:00.278000,1.12092,1.1209,750000,100000
2020-03-12 12:41:00.379000,1.1209,1.12087,750000,750000
2020-03-12 12:41:00.430000,1.12089,1.12085,750000,100000
2020-03-12 12:41:00.481000,1.12091,1.12086,750000,2250000
2020-03-12 12:41:00.532000,1.12095,1.1209,750000,750000
2020-03-12 12:41:00.633000,1.12093,1.12089,750000,100000
2020-03-12 12:41:00.734000,1.12093,1.12088,750000,1390000
2020-03-12 12:41:00.853000,1.12091,1.12087,750000,100000
2020-03-12 12:41:00.955000,1.12094,1.12088,750000,1010000
2020-03-12 12:41:01.006000,1.12097,1.12094,750000,190000
2020-03-12 12:41:01.056000,1.12099,1.12094,750000,190000
2020-03-12 12:41:01.157000,1.12097,1.12093,750000,750000
2020-03-12 12:41:01.208000,1.12099,1.12093,750000,1690000
2020-03-12 12:41:01.259000,1.12094,1.12093,750000,750000
2020-03-12 12:41:01.360000,1.12094,1.12091,1500000,190000
2020-03-12 12:41:01.461000,1.12093,1.12091,750000,190000
2020-03-12 12:41:01.512000,1.12097,1.12091,750000,750000
2020-03-12 12:41:01.563000,1.12094,1.12089,750000,750000
2020-03-12 12:41:01.714000,1.12094,1.12088,750000,1390000
2020-03-12 12:41:01.816000,1.12094,1.12093,750000,450000
2020-03-12 12:41:01.917000,1.12097,1.12092,1120000,450000
2020-03-12 12:41:02.019000,1.12098,1.12093,750000,450000
2020-03-12 12:41:02.121000,1.12098,1.12091,750000,640000
2020-03-12 12:41:02.223000,1.12095,1.1209,750000,450000
2020-03-12 12:41:02.325000,1.12098,1.12094,2250000,450000
2020-03-12 12:41:02.426000,1.12095,1.12091,750000,100000
2020-03-12 12:41:02.527000,1.12092,1.1209,750000,1200000
2020-03-12 12:41:02.578000,1.12091,1.12088,750000,450000
2020-03-12 12:41:02.629000,1.12089,1.12087,750000,1200000
2020-03-12 12:41:02.680000,1.1209,1.12086,750000,450000
2020-03-12 12:41:02.781000,1.12091,1.12085,750000,450000
2020-03-12 12:41:02.933000,1.12093,1.12089,750000,450000
2020-03-12 12:41:03.034000,1.12095,1.12092,1500000,450000
2020-03-12 12:41:03.135000,1.12095,1.1209,750000,450000
2020-03-12 12:41:03.186000,1.12097,1.1209,2250000,450000
2020-03-12 12:41:03.237000,1.12097,1.12092,750000,450000
2020-03-12 12:41:03.289000,1.121,1.12093,750000,190000
2020-03-12 12:41:03.391000,1.12101,1.12094,750000,450000
2020-03-12 12:41:03.493000,1.12101,1.12093,750000,640000
2020-03-12 12:41:03.696000,1.12101,1.12094,750000,450000
2020-03-12 12:41:03.797000,1.12102,1.12095,2250000,450000
2020-03-12 12:41:03.898000,1.12102,1.12094,750000,450000
2020-03-12 12:41:04.150000,1.12102,1.12095,750000,450000
2020-03-12 12:41:04.252000,1.12103,1.12096,190000,450000
2020-03-12 12:41:04.353000,1.12102,1.12096,750000,750000
2020-03-12 12:41:04.403000,1.12102,1.12098,750000,450000
2020-03-12 12:41:04.454000,1.12103,1.12094,750000,1390000
2020-03-12 12:41:04.555000,1.12101,1.12094,750000,450000
2020-03-12 12:41:04.656000,1.12101,1.12093,2250000,450000
2020-03-12 12:41:04.764000,1.121,1.12093,750000,450000
2020-03-12 12:41:04.865000,1.12098,1.12093,750000,100000
2020-03-12 12:41:04.966000,1.12103,1.12095,1690000,450000
2020-03-12 12:41:05.017000,1.12101,1.12095,750000,450000
2020-03-12 12:41:05.118000,1.12101,1.12094,750000,450000
2020-03-12 12:41:05.219000,1.12102,1.12094,750000,450000
2020-03-12 12:41:05.320000,1.12101,1.12093,1500000,640000
2020-03-12 12:41:05.422000,1.12103,1.12094,1690000,450000
2020-03-12 12:41:05.523000,1.12103,1.12095,940000,450000
2020-03-12 12:41:05.624000,1.12103,1.12094,940000,450000
2020-03-12 12:41:05.725000,1.12103,1.12095,940000,450000
2020-03-12 12:41:05.826000,1.12102,1.12094,750000,450000
2020-03-12 12:41:05.927000,1.12103,1.12096,940000,450000
2020-03-12 12:41:06.028000,1.12103,1.12094,940000,450000
2020-03-12 12:41:06.180000,1.12102,1.12094,750000,100000
2020-03-12 12:41:06.281000,1.12103,1.12094,1690000,450000
2020-03-12 12:41:06.332000,1.12103,1.121,190000,1500000
2020-03-12 12:41:06.382000,1.12106,1.12101,190000,750000
2020-03-12 12:41:06.534000,1.12107,1.12103,750000,750000
2020-03-12 12:41:06.585000,1.1211,1.12103,2440000,750000
2020-03-12 12:41:06.787000,1.12109,1.12103,750000,1200000
2020-03-12 12:41:06.888000,1.1211,1.12103,3190000,1500000
2020-03-12 12:41:07.091000,1.12109,1.12104,190000,750000
2020-03-12 12:41:07.142000,1.12109,1.12102,940000,450000
2020-03-12 12:41:07.192000,1.12107,1.12102,750000,450000
2020-03-12 12:41:07.243000,1.12108,1.121,190000,450000
2020-03-12 12:41:07.445000,1.12108,1.12102,190000,100000
2020-03-12 12:41:07.546000,1.12108,1.121,190000,100000
2020-03-12 12:41:07.647000,1.12109,1.12101,1310000,450000
2020-03-12 12:41:08,1.12109,1.121,190000,450000
2020-03-12 12:41:08.101000,1.12108,1.121,190000,100000
2020-03-12 12:41:08.304000,1.12108,1.12099,190000,640000
2020-03-12 12:41:08.506000,1.1211,1.12102,2440000,750000
2020-03-12 12:41:08.607000,1.1211,1.12104,1500000,750000
2020-03-12 12:41:08.708000,1.12111,1.12106,190000,750000
2020-03-12 12:41:08.810000,1.12111,1.12104,190000,750000
2020-03-12 12:41:08.911000,1.1211,1.12103,1690000,190000
2020-03-12 12:41:08.962000,1.12111,1.12105,1500000,750000
2020-03-12 12:41:09.063000,1.12112,1.12109,370000,750000
2020-03-12 12:41:09.114000,1.12116,1.1211,940000,750000
2020-03-12 12:41:09.165000,1.12117,1.12114,1500000,750000
2020-03-12 12:41:09.215000,1.12118,1.12112,750000,100000
2020-03-12 12:41:09.317000,1.1212,1.12111,1690000,640000
2020-03-12 12:41:09.418000,1.1212,1.12112,2060000,100000
2020-03-12 12:41:09.519000,1.12118,1.12112,750000,450000
2020-03-12 12:41:09.721000,1.1212,1.12112,1870000,260000
2020-03-12 12:41:09.873000,1.12121,1.12114,940000,1500000
2020-03-12 12:41:09.974000,1.12124,1.12117,750000,750000
2020-03-12 12:41:10.126000,1.12125,1.12117,1500000,750000
2020-03-12 12:41:10.227000,1.12125,1.12122,1500000,750000
2020-03-12 12:41:10.278000,1.12125,1.1212,1500000,750000
2020-03-12 12:41:10.864000,1.12124,1.12118,750000,750000
2020-03-12 12:41:10.966000,1.12124,1.12119,370000,750000
2020-03-12 12:41:11.017000,1.12127,1.12121,370000,100000
2020-03-12 12:41:11.067000,1.12128,1.12127,370000,750000
2020-03-12 12:41:11.118000,1.12132,1.12125,750000,940000
2020-03-12 12:41:11.169000,1.1213,1.12123,750000,1690000
2020-03-12 12:41:11.270000,1.1213,1.12121,2250000,1390000
2020-03-12 12:41:11.371000,1.1213,1.12122,2250000,1570000
2020-03-12 12:41:11.533000,1.12129,1.12122,750000,2320000
2020-03-12 12:41:11.682000,1.1213,1.12123,2250000,750000
2020-03-12 12:41:11.980000,1.1213,1.12124,2250000,100000
2020-03-12 12:41:12.082000,1.12129,1.12124,750000,100000
2020-03-12 12:41:12.184000,1.1213,1.12126,750000,750000
2020-03-12 12:41:12.235000,1.12132,1.12126,1050000,940000
2020-03-12 12:41:12.438000,1.12133,1.12126,2620000,100000
2020-03-12 12:41:12.695000,1.12134,1.12127,750000,940000
2020-03-12 12:41:12.745000,1.12134,1.12129,750000,1500000
2020-03-12 12:41:12.796000,1.12137,1.12129,3750000,1690000
2020-03-12 12:41:12.998000,1.12137,1.12131,300000,750000
2020-03-12 12:41:13.099000,1.12138,1.12129,2510000,1690000
2020-03-12 12:41:13.153000,1.12138,1.12133,820000,750000
2020-03-12 12:41:13.254000,1.12139,1.12133,750000,190000
2020-03-12 12:41:13.305000,1.12141,1.12133,1010000,190000
2020-03-12 12:41:13.456000,1.1214,1.12132,190000,100000
2020-03-12 12:41:13.507000,1.12138,1.1213,100000,940000
2020-03-12 12:41:13.831000,1.12139,1.12132,1200000,750000
2020-03-12 12:41:14.335000,1.12134,1.12129,750000,750000
2020-03-12 12:41:14.436000,1.12136,1.12129,1010000,750000
2020-03-12 12:41:14.892000,1.12136,1.1213,750000,750000
2020-03-12 12:41:14.993000,1.12137,1.12133,1050000,750000
2020-03-12 12:41:15.044000,1.12137,1.1213,1990000,750000
2020-03-12 12:41:15.145000,1.12137,1.12129,2250000,100000
2020-03-12 12:41:15.347000,1.12136,1.12129,750000,100000
2020-03-12 12:41:15.558000,1.12136,1.12128,750000,1390000
2020-03-12 12:41:15.903000,1.12131,1.12125,1500000,2620000
2020-03-12 12:41:16.004000,1.12122,1.12121,750000,750000
2020-03-12 12:41:16.055000,1.12121,1.12116,1120000,750000
2020-03-12 12:41:16.106000,1.1212,1.12114,750000,750000
2020-03-12 12:41:16.207000,1.12121,1.12112,1200000,4690000
2020-03-12 12:41:16.358000,1.12121,1.12113,100000,750000
2020-03-12 12:41:16.409000,1.12123,1.12114,1010000,190000
2020-03-12 12:41:16.460000,1.12123,1.12117,260000,750000
2020-03-12 12:41:16.562000,1.12132,1.1213,3000000,2320000
2020-03-12 12:41:16.612000,1.12134,1.12131,750000,190000
2020-03-12 12:41:16.663000,1.12138,1.12132,1120000,190000
2020-03-12 12:41:16.714000,1.12133,1.1213,750000,190000
2020-03-12 12:41:16.765000,1.12135,1.12127,2890000,190000
2020-03-12 12:41:16.818000,1.12133,1.12127,750000,750000
2020-03-12 12:41:17.071000,1.1213,1.12126,190000,750000
2020-03-12 12:41:17.122000,1.12131,1.12124,2250000,750000
2020-03-12 12:41:17.173000,1.12127,1.12122,750000,1200000
2020-03-12 12:41:17.223000,1.12128,1.1212,1010000,750000
2020-03-12 12:41:17.274000,1.12128,1.12124,100000,190000
2020-03-12 12:41:17.325000,1.12129,1.12121,750000,750000
2020-03-12 12:41:17.426000,1.12128,1.12121,450000,1500000
2020-03-12 12:41:17.527000,1.12127,1.12119,100000,2810000
2020-03-12 12:41:17.578000,1.12124,1.12119,1390000,1870000
2020-03-12 12:41:17.679000,1.12126,1.12125,750000,750000
2020-03-12 12:41:17.730000,1.1213,1.12121,940000,1570000
2020-03-12 12:41:17.831000,1.12127,1.12119,100000,940000
2020-03-12 12:41:17.932000,1.1213,1.12124,3560000,750000
2020-03-12 12:41:18.033000,1.12127,1.12122,100000,940000
2020-03-12 12:41:18.084000,1.12121,1.12118,1500000,370000
2020-03-12 12:41:18.135000,1.12119,1.12113,190000,750000
2020-03-12 12:41:18.186000,1.12111,1.12108,1500000,370000
2020-03-12 12:41:18.237000,1.12105,1.12104,1500000,1500000
2020-03-12 12:41:18.338000,1.12101,1.12097,750000,370000
2020-03-12 12:41:18.389000,1.12103,1.12099,750000,750000
2020-03-12 12:41:18.490000,1.12106,1.121,370000,750000
2020-03-12 12:41:18.591000,1.12107,1.121,750000,750000
2020-03-12 12:41:18.642000,1.12108,1.12103,1500000,750000
2020-03-12 12:41:18.743000,1.1211,1.12107,750000,750000
2020-03-12 12:41:18.794000,1.12109,1.12105,100000,750000
2020-03-12 12:41:18.845000,1.12105,1.12103,1500000,370000
2020-03-12 12:41:18.895000,1.12107,1.12102,190000,1120000
2020-03-12 12:41:18.997000,1.1211,1.12102,2250000,1120000
2020-03-12 12:41:19.048000,1.12108,1.12102,1500000,750000
2020-03-12 12:41:19.149000,1.12112,1.12109,750000,1200000
2020-03-12 12:41:19.200000,1.12119,1.12117,3000000,750000
2020-03-12 12:41:19.301000,1.12116,1.12114,750000,750000
2020-03-12 12:41:19.352000,1.12115,1.12112,370000,450000
2020-03-12 12:41:19.402000,1.12118,1.12115,750000,750000
2020-03-12 12:41:19.453000,1.12121,1.12115,1120000,940000
2020-03-12 12:41:19.554000,1.12119,1.12113,750000,750000
2020-03-12 12:41:19.656000,1.12119,1.12112,750000,100000
2020-03-12 12:41:19.757000,1.12121,1.12115,750000,100000
2020-03-12 12:41:19.858000,1.12124,1.12119,370000,100000
2020-03-12 12:41:19.959000,1.12125,1.12117,750000,750000
2020-03-12 12:41:20.061000,1.12124,1.12115,750000,260000
2020-03-12 12:41:20.263000,1.12117,1.12113,750000,820000
2020-03-12 12:41:20.364000,1.12114,1.12107,1390000,750000
2020-03-12 12:41:20.465000,1.12112,1.12104,100000,190000
2020-03-12 12:41:20.577000,1.12113,1.12104,450000,190000
2020-03-12 12:41:20.678000,1.12112,1.12104,100000,190000
2020-03-12 12:41:20.793000,1.12112,1.12105,450000,750000
2020-03-12 12:41:20.894000,1.12111,1.12105,100000,750000
2020-03-12 12:41:20.995000,1.12114,1.12106,1570000,750000
2020-03-12 12:41:21.046000,1.1211,1.12103,100000,750000
2020-03-12 12:41:21.097000,1.1211,1.12101,2320000,1500000
2020-03-12 12:41:21.198000,1.1211,1.12102,1950000,750000
2020-03-12 12:41:21.450000,1.12111,1.12102,1690000,820000
2020-03-12 12:41:21.552000,1.12112,1.12109,1800000,750000
2020-03-12 12:41:21.653000,1.12118,1.12109,1690000,100000
2020-03-12 12:41:21.703000,1.12116,1.12109,750000,100000
2020-03-12 12:41:21.805000,1.12114,1.12106,820000,190000
2020-03-12 12:41:21.856000,1.12113,1.12104,750000,450000
2020-03-12 12:41:21.957000,1.12113,1.12103,820000,640000
2020-03-12 12:41:22.083000,1.12113,1.12104,750000,450000
2020-03-12 12:41:22.134000,1.12115,1.12108,1120000,450000
2020-03-12 12:41:22.185000,1.12117,1.12108,750000,450000
2020-03-12 12:41:22.288000,1.12118,1.12109,940000,100000
2020-03-12 12:41:22.389000,1.12119,1.12109,1760000,450000
2020-03-12 12:41:22.491000,1.12118,1.1211,750000,750000
2020-03-12 12:41:22.592000,1.12118,1.12109,1200000,750000
2020-03-12 12:41:22.706000,1.12117,1.12107,100000,2140000
2020-03-12 12:41:22.807000,1.12119,1.12109,1760000,450000
2020-03-12 12:41:22.958000,1.12117,1.12116,750000,1500000
2020-03-12 12:41:23.009000,1.12128,1.12124,560000,100000
2020-03-12 12:41:23.060000,1.12128,1.12125,750000,750000
2020-03-12 12:41:23.161000,1.12133,1.12125,750000,190000
2020-03-12 12:41:23.263000,1.12132,1.12123,100000,190000
2020-03-12 12:41:23.364000,1.12134,1.12124,3070000,100000
2020-03-12 12:41:23.465000,1.12133,1.12123,1390000,1010000
2020-03-12 12:41:23.566000,1.12132,1.12123,750000,260000
2020-03-12 12:41:23.869000,1.12132,1.12125,750000,190000
2020-03-12 12:41:24.774000,1.12133,1.12124,370000,450000
2020-03-12 12:41:24.876000,1.12133,1.12125,450000,190000
2020-03-12 12:41:24.978000,1.12133,1.12124,450000,190000
2020-03-12 12:41:25.535000,1.12133,1.12123,1390000,1010000
2020-03-12 12:41:25.888000,1.12132,1.12123,100000,940000
2020-03-12 12:41:25.990000,1.12133,1.12125,100000,940000
2020-03-12 12:41:26.091000,1.12136,1.12127,750000,3260000
2020-03-12 12:41:26.192000,1.12133,1.12126,1500000,450000
2020-03-12 12:41:26.294000,1.12131,1.12124,750000,190000
2020-03-12 12:41:26.396000,1.12132,1.12125,100000,190000
2020-03-12 12:41:26.498000,1.12134,1.12127,450000,3190000
2020-03-12 12:41:26.549000,1.12136,1.12127,1010000,3190000
2020-03-12 12:41:26.650000,1.12135,1.12127,750000,2440000
2020-03-12 12:41:26.853000,1.12138,1.1213,3940000,100000
2020-03-12 12:41:27.005000,1.12135,1.12128,2250000,260000
2020-03-12 12:41:27.107000,1.12134,1.12125,1570000,940000
2020-03-12 12:41:27.208000,1.12133,1.12125,450000,190000
2020-03-12 12:41:27.309000,1.12134,1.12125,100000,190000
2020-03-12 12:41:27.462000,1.1213,1.12124,750000,820000
2020-03-12 12:41:27.512000,1.12133,1.12123,1760000,1390000
2020-03-12 12:41:27.563000,1.12133,1.12126,1570000,190000
2020-03-12 12:41:27.664000,1.12134,1.12126,1500000,190000
2020-03-12 12:41:27.816000,1.12134,1.12128,100000,750000
2020-03-12 12:41:27.917000,1.12138,1.12136,2440000,820000
2020-03-12 12:41:28.018000,1.1214,1.12134,190000,750000
2020-03-12 12:41:28.120000,1.12138,1.12132,190000,750000
2020-03-12 12:41:28.221000,1.1214,1.12132,1010000,750000
2020-03-12 12:41:28.653000,1.1214,1.12133,750000,750000
2020-03-12 12:41:28.754000,1.1214,1.12132,750000,190000
2020-03-12 12:41:29.309000,1.12141,1.12132,940000,260000
2020-03-12 12:41:29.359000,1.12142,1.12134,1500000,190000
2020-03-12 12:41:29.410000,1.12144,1.12134,1020000,1390000
2020-03-12 12:41:29.878000,1.12144,1.12134,1390000,1760000
2020-03-12 12:41:30.232000,1.12144,1.12134,1020000,1390000
2020-03-12 12:41:30.334000,1.1214,1.12134,750000,100000
2020-03-12 12:41:30.385000,1.12142,1.12134,450000,940000
2020-03-12 12:41:30.486000,1.12143,1.12134,2510000,940000
2020-03-12 12:41:30.789000,1.12142,1.12134,750000,190000
2020-03-12 12:41:30.940000,1.1214,1.12134,450000,190000
2020-03-12 12:41:31.042000,1.12141,1.12134,450000,190000
2020-03-12 12:41:31.143000,1.12142,1.12135,450000,190000
2020-03-12 12:41:31.314000,1.12141,1.12135,1200000,190000
2020-03-12 12:41:31.365000,1.12139,1.12132,750000,1690000
2020-03-12 12:41:31.416000,1.12137,1.12132,450000,190000
2020-03-12 12:41:31.517000,1.12138,1.12132,450000,190000
2020-03-12 12:41:31.627000,1.12137,1.12132,100000,190000
2020-03-12 12:41:31.677000,1.12137,1.1213,100000,190000
2020-03-12 12:41:31.778000,1.12136,1.12129,2250000,750000
2020-03-12 12:41:31.829000,1.12136,1.12131,1500000,750000
2020-03-12 12:41:31.931000,1.1214,1.12132,1950000,750000
2020-03-12 12:41:31.982000,1.12139,1.1213,190000,940000
2020-03-12 12:41:32.033000,1.1214,1.12136,750000,750000
2020-03-12 12:41:32.134000,1.12142,1.12139,100000,1500000
2020-03-12 12:41:32.235000,1.12146,1.12138,450000,750000
2020-03-12 12:41:32.387000,1.12145,1.12137,100000,1500000
2020-03-12 12:41:32.488000,1.12143,1.12137,750000,1500000
2020-03-12 12:41:32.539000,1.1214,1.12137,750000,750000
2020-03-12 12:41:32.590000,1.12143,1.12137,190000,750000
2020-03-12 12:41:32.640000,1.12141,1.12136,750000,190000
2020-03-12 12:41:32.691000,1.12142,1.12134,450000,1240000
2020-03-12 12:41:32.742000,1.1214,1.12134,100000,190000
2020-03-12 12:41:32.844000,1.12141,1.12134,100000,1500000
2020-03-12 12:41:32.945000,1.12142,1.12134,100000,1500000
2020-03-12 12:41:33.046000,1.12139,1.12134,750000,750000
2020-03-12 12:41:33.147000,1.12143,1.12135,100000,100000
2020-03-12 12:41:33.248000,1.12143,1.12134,100000,2440000
2020-03-12 12:41:33.350000,1.12142,1.12134,1570000,940000
2020-03-12 12:41:33.451000,1.12141,1.12134,100000,940000
2020-03-12 12:41:33.653000,1.1214,1.12134,750000,750000
2020-03-12 12:41:33.754000,1.12141,1.12134,450000,750000
2020-03-12 12:41:33.856000,1.12142,1.12134,1200000,750000
2020-03-12 12:41:33.957000,1.12141,1.12134,100000,1690000
2020-03-12 12:41:34.007000,1.12143,1.12136,100000,750000
2020-03-12 12:41:34.058000,1.12146,1.12144,1120000,190000
2020-03-12 12:41:34.109000,1.12148,1.12143,450000,1310000
2020-03-12 12:41:34.160000,1.12151,1.12146,450000,750000
2020-03-12 12:41:34.211000,1.1215,1.12144,190000,750000
2020-03-12 12:41:34.312000,1.12151,1.12144,100000,750000
2020-03-12 12:41:34.413000,1.1215,1.12145,100000,750000
2020-03-12 12:41:34.464000,1.12152,1.12146,100000,750000
2020-03-12 12:41:34.615000,1.12154,1.12145,450000,940000
2020-03-12 12:41:34.717000,1.12153,1.12144,750000,3260000
2020-03-12 12:41:34.768000,1.1215,1.12144,100000,940000
2020-03-12 12:41:34.870000,1.12148,1.12143,100000,190000
2020-03-12 12:41:34.971000,1.12149,1.12142,450000,2440000
2020-03-12 12:41:35.072000,1.12149,1.12145,750000,190000
2020-03-12 12:41:35.123000,1.12153,1.12144,2510000,190000
2020-03-12 12:41:35.225000,1.12156,1.12153,1120000,750000
2020-03-12 12:41:35.327000,1.1216,1.12154,750000,1690000
2020-03-12 12:41:35.377000,1.12152,1.12148,2250000,750000
2020-03-12 12:41:35.479000,1.12147,1.12145,820000,750000
2020-03-12 12:41:35.529000,1.12147,1.12139,100000,940000
2020-03-12 12:41:35.630000,1.12146,1.12138,100000,750000
2020-03-12 12:41:35.732000,1.12145,1.12137,100000,1870000
2020-03-12 12:41:35.833000,1.12146,1.12137,450000,1120000
2020-03-12 12:41:35.962000,1.12142,1.12137,750000,750000
2020-03-12 12:41:36.013000,1.12141,1.12135,100000,940000
2020-03-12 12:41:36.064000,1.12136,1.12133,1500000,750000
2020-03-12 12:41:36.115000,1.1213,1.12126,100000,940000
2020-03-12 12:41:36.216000,1.12125,1.12123,750000,750000
2020-03-12 12:41:36.267000,1.12122,1.1212,100000,750000
2020-03-12 12:41:36.318000,1.12122,1.12117,100000,750000
2020-03-12 12:41:36.419000,1.1212,1.12113,750000,750000
2020-03-12 12:41:36.521000,1.12121,1.12113,450000,750000
2020-03-12 12:41:36.571000,1.12123,1.12115,450000,370000
2020-03-12 12:41:36.622000,1.12123,1.12113,450000,2140000
2020-03-12 12:41:36.673000,1.12121,1.12113,100000,2060000
2020-03-12 12:41:36.774000,1.12121,1.12112,750000,820000
2020-03-12 12:41:36.875000,1.12122,1.12114,940000,100000
2020-03-12 12:41:36.981000,1.12124,1.12115,750000,100000
2020-03-12 12:41:37.082000,1.12125,1.12116,190000,100000
2020-03-12 12:41:37.184000,1.12125,1.12117,190000,450000
2020-03-12 12:41:37.286000,1.12126,1.12116,2890000,450000
2020-03-12 12:41:37.437000,1.12125,1.12119,750000,370000
2020-03-12 12:41:37.539000,1.12126,1.12116,820000,2890000
2020-03-12 12:41:37.589000,1.12122,1.12116,750000,750000
2020-03-12 12:41:37.691000,1.12123,1.12115,3000000,750000
2020-03-12 12:41:37.792000,1.12125,1.12115,1950000,2890000
2020-03-12 12:41:37.843000,1.12125,1.12117,100000,750000
2020-03-12 12:41:37.894000,1.12127,1.12117,100000,1390000
2020-03-12 12:41:37.995000,1.12126,1.12118,820000,750000
2020-03-12 12:41:38.197000,1.12122,1.12116,450000,940000
2020-03-12 12:41:38.399000,1.1212,1.12112,450000,6190000
2020-03-12 12:41:38.501000,1.12118,1.12112,1500000,750000
2020-03-12 12:41:38.602000,1.12118,1.12111,1500000,940000
2020-03-12 12:41:38.888000,1.12119,1.12113,750000,190000
2020-03-12 12:41:38.989000,1.12118,1.12112,750000,1500000
2020-03-12 12:41:39.090000,1.1212,1.12114,2250000,450000
2020-03-12 12:41:39.191000,1.12121,1.12113,750000,1010000
2020-03-12 12:41:39.293000,1.12123,1.12115,450000,1870000
2020-03-12 12:41:39.495000,1.12119,1.12114,750000,300000
2020-03-12 12:41:39.597000,1.1212,1.12113,750000,190000
2020-03-12 12:41:39.698000,1.12116,1.12109,1500000,2550000
2020-03-12 12:41:39.800000,1.12114,1.12107,750000,190000
2020-03-12 12:41:39.901000,1.12107,1.12103,750000,1500000
2020-03-12 12:41:39.953000,1.12108,1.12101,750000,1200000
2020-03-12 12:41:40.055000,1.12108,1.12099,1500000,820000
2020-03-12 12:41:40.157000,1.12109,1.12101,820000,450000
2020-03-12 12:41:40.360000,1.12105,1.12102,750000,100000
2020-03-12 12:41:40.462000,1.12105,1.121,750000,750000
2020-03-12 12:41:40.616000,1.12106,1.12103,750000,1200000
2020-03-12 12:41:40.717000,1.12106,1.12102,1500000,750000
2020-03-12 12:41:40.819000,1.12102,1.12098,750000,1690000
2020-03-12 12:41:40.972000,1.12103,1.12101,750000,750000
2020-03-12 12:41:41.074000,1.12102,1.12098,750000,1010000
2020-03-12 12:41:41.175000,1.12102,1.12099,750000,190000
2020-03-12 12:41:41.277000,1.12102,1.12098,750000,1390000
2020-03-12 12:41:41.380000,1.12109,1.12107,750000,1500000
2020-03-12 12:41:41.482000,1.12112,1.12108,750000,940000
2020-03-12 12:41:41.534000,1.12109,1.12107,750000,190000
2020-03-12 12:41:41.636000,1.12108,1.12104,750000,2440000
2020-03-12 12:41:41.687000,1.12104,1.12103,750000,750000
2020-03-12 12:41:41.790000,1.12105,1.12102,750000,1500000
2020-03-12 12:41:41.841000,1.12106,1.12102,750000,940000
2020-03-12 12:41:41.943000,1.12109,1.12106,750000,750000
2020-03-12 12:41:42.044000,1.1211,1.12106,750000,940000
2020-03-12 12:41:42.095000,1.12109,1.12104,750000,1010000
2020-03-12 12:41:42.196000,1.12109,1.12105,750000,1500000
2020-03-12 12:41:42.297000,1.12109,1.12106,750000,100000
2020-03-12 12:41:42.398000,1.12109,1.12105,750000,750000
2020-03-12 12:41:42.499000,1.12109,1.12104,750000,1690000
2020-03-12 12:41:42.838000,1.12108,1.12104,750000,100000
2020-03-12 12:41:42.888000,1.12103,1.121,750000,1690000
2020-03-12 12:41:42.989000,1.12103,1.12099,750000,1690000
2020-03-12 12:41:43.191000,1.12106,1.12102,750000,1500000
2020-03-12 12:41:43.293000,1.12105,1.12102,750000,190000
2020-03-12 12:41:43.394000,1.12104,1.12102,750000,190000
2020-03-12 12:41:44.223000,1.12104,1.12102,750000,190000
2020-03-12 12:41:45.320000,1.12104,1.12101,750000,190000
2020-03-12 12:41:45.572000,1.12104,1.12099,750000,1570000
2020-03-12 12:41:45.623000,1.12102,1.12099,750000,1570000
2020-03-12 12:41:45.724000,1.12102,1.12098,750000,2510000
2020-03-12 12:41:45.826000,1.12094,1.12092,750000,940000
2020-03-12 12:41:45.927000,1.12095,1.12092,750000,190000
2020-03-12 12:41:45.978000,1.12095,1.12091,4570000,190000
2020-03-12 12:41:46.028000,1.1209,1.12087,750000,190000
2020-03-12 12:41:46.817000,1.1209,1.12089,750000,750000
2020-03-12 12:41:46.868000,1.12092,1.12089,750000,190000
2020-03-12 12:41:46.918000,1.12096,1.12093,750000,940000
2020-03-12 12:41:47.019000,1.12097,1.12095,750000,750000
2020-03-12 12:41:47.526000,1.12097,1.12096,750000,750000
2020-03-12 12:41:47.646000,1.12097,1.12095,750000,750000
2020-03-12 12:41:47.904000,1.12097,1.12093,820000,750000
2020-03-12 12:41:48.005000,1.12095,1.12093,750000,190000
2020-03-12 12:41:48.106000,1.12096,1.12094,750000,190000
2020-03-12 12:41:48.486000,1.12093,1.12091,750000,190000
2020-03-12 12:41:48.588000,1.12091,1.12089,100000,1500000
2020-03-12 12:41:48.639000,1.12089,1.12087,100000,1690000
2020-03-12 12:41:48.740000,1.1209,1.12086,750000,1690000
2020-03-12 12:41:48.841000,1.1209,1.12087,750000,190000
2020-03-12 12:41:48.943000,1.1209,1.12085,820000,940000
2020-03-12 12:41:49.044000,1.12089,1.12085,750000,190000
2020-03-12 12:41:49.254000,1.12089,1.12087,750000,190000
2020-03-12 12:41:49.845000,1.12093,1.1209,820000,1690000
2020-03-12 12:41:49.896000,1.12091,1.12089,750000,190000
2020-03-12 12:41:50.603000,1.12092,1.12091,750000,190000
2020-03-12 12:41:50.705000,1.12097,1.12095,750000,1500000
2020-03-12 12:41:50.756000,1.121,1.12097,750000,190000
2020-03-12 12:41:50.807000,1.12101,1.12099,750000,190000
2020-03-12 12:41:50.858000,1.12103,1.12098,1500000,940000
2020-03-12 12:41:50.910000,1.12103,1.121,750000,190000
2020-03-12 12:41:51.011000,1.12104,1.121,750000,190000
2020-03-12 12:41:51.365000,1.12106,1.12103,820000,190000
2020-03-12 12:41:51.467000,1.12107,1.12102,750000,940000
2020-03-12 12:41:51.568000,1.12104,1.12102,750000,1500000
2020-03-12 12:41:51.669000,1.12103,1.121,750000,190000
2020-03-12 12:41:52.023000,1.12102,1.12098,750000,190000
2020-03-12 12:41:52.142000,1.12103,1.121,750000,750000
2020-03-12 12:41:52.245000,1.12106,1.12102,750000,1690000
2020-03-12 12:41:52.346000,1.12108,1.12102,1500000,2060000
2020-03-12 12:41:52.611000,1.12108,1.12104,1500000,750000
2020-03-12 12:41:52.713000,1.12108,1.12102,1500000,2060000
2020-03-12 12:41:52.814000,1.12108,1.12103,1500000,370000
2020-03-12 12:41:52.966000,1.12108,1.12102,1500000,2440000
2020-03-12 12:41:53.181000,1.12108,1.12104,750000,750000
2020-03-12 12:41:53.283000,1.1211,1.12109,1500000,940000
2020-03-12 12:41:53.334000,1.12113,1.12111,750000,940000
2020-03-12 12:41:53.384000,1.12116,1.12114,750000,750000
2020-03-12 12:41:53.435000,1.12119,1.12115,820000,2250000
2020-03-12 12:41:53.537000,1.12117,1.12114,750000,190000
2020-03-12 12:41:53.638000,1.12117,1.12113,750000,190000
2020-03-12 12:41:53.740000,1.12116,1.12114,750000,750000
2020-03-12 12:41:53.841000,1.12113,1.12111,750000,750000
2020-03-12 12:41:53.892000,1.12112,1.1211,750000,940000
2020-03-12 12:41:54.323000,1.12113,1.12112,750000,190000
2020-03-12 12:41:54.424000,1.12114,1.12112,750000,940000
2020-03-12 12:41:54.475000,1.12118,1.12117,750000,1500000
2020-03-12 12:41:54.525000,1.12119,1.12116,750000,750000
2020-03-12 12:41:54.627000,1.1212,1.12118,1500000,940000
2020-03-12 12:41:54.728000,1.12119,1.12116,750000,750000
2020-03-12 12:41:54.779000,1.12119,1.12118,750000,750000
2020-03-12 12:41:54.880000,1.1212,1.12117,750000,190000
2020-03-12 12:41:54.981000,1.12117,1.12116,750000,750000
2020-03-12 12:41:55.436000,1.12119,1.12118,750000,750000
2020-03-12 12:41:55.661000,1.1212,1.12119,750000,750000
2020-03-12 12:41:55.863000,1.1212,1.12116,750000,750000
2020-03-12 12:41:56.440000,1.1212,1.12116,750000,1500000
2020-03-12 12:41:56.909000,1.1212,1.12117,750000,1500000
2020-03-12 12:41:56.959000,1.1212,1.12117,750000,1500000
2020-03-12 12:41:57.313000,1.12119,1.12114,4500000,750000
2020-03-12 12:41:57.414000,1.12119,1.12115,750000,750000
2020-03-12 12:41:57.515000,1.12119,1.12116,750000,1500000
2020-03-12 12:41:57.919000,1.1212,1.12118,750000,750000
2020-03-12 12:41:58.020000,1.1212,1.12118,1500000,750000
2020-03-12 12:41:58.071000,1.1212,1.12116,750000,940000
2020-03-12 12:41:58.122000,1.1212,1.12118,750000,750000
2020-03-12 12:41:58.457000,1.1212,1.12119,750000,750000
2020-03-12 12:41:58.680000,1.1212,1.12115,750000,750000
2020-03-12 12:41:58.832000,1.1212,1.12116,750000,750000
2020-03-12 12:41:58.933000,1.1212,1.12115,750000,940000
2020-03-12 12:41:59.034000,1.1212,1.12115,750000,560000
2020-03-12 12:41:59.136000,1.1212,1.12116,750000,190000
2020-03-12 12:41:59.308000,1.1212,1.12115,750000,3560000
2020-03-12 12:41:59.561000,1.12119,1.12116,750000,370000
2020-03-12 12:41:59.662000,1.12118,1.12115,750000,940000
2020-03-12 12:41:59.914000,1.12118,1.12114,750000,1690000
2020-03-12 12:41:59.965000,1.12113,1.12112,750000,1500000
2020-03-12 12:42:00.016000,1.12111,1.12108,750000,750000
2020-03-12 12:42:00.067000,1.12109,1.12107,750000,750000
2020-03-12 12:42:00.117000,1.12107,1.12105,750000,450000
2020-03-12 12:42:00.219000,1.12106,1.12104,750000,190000
2020-03-12 12:42:00.320000,1.12107,1.12105,750000,750000
2020-03-12 12:42:00.421000,1.12108,1.12106,750000,750000
2020-03-12 12:42:00.522000,1.12108,1.12105,750000,750000
2020-03-12 12:42:00.625000,1.12107,1.12104,750000,750000
2020-03-12 12:42:00.726000,1.12106,1.12105,750000,750000
2020-03-12 12:42:00.950000,1.12108,1.12106,750000,750000
2020-03-12 12:42:01.051000,1.12109,1.12107,750000,750000
2020-03-12 12:42:01.153000,1.12111,1.12109,750000,750000
2020-03-12 12:42:01.405000,1.12111,1.1211,750000,750000
2020-03-12 12:42:01.608000,1.12113,1.1211,750000,750000
2020-03-12 12:42:01.709000,1.12113,1.12111,750000,750000
2020-03-12 12:42:01.861000,1.12113,1.1211,750000,750000
2020-03-12 12:42:02.063000,1.12113,1.12111,750000,750000
2020-03-12 12:42:02.164000,1.12109,1.12107,750000,750000
2020-03-12 12:42:02.266000,1.12109,1.12105,750000,750000
2020-03-12 12:42:02.367000,1.12107,1.12105,750000,750000
2020-03-12 12:42:02.468000,1.12104,1.12101,1500000,820000
2020-03-12 12:42:02.569000,1.12103,1.121,750000,750000
2020-03-12 12:42:02.670000,1.12102,1.121,750000,750000
2020-03-12 12:42:02.822000,1.12102,1.12099,1500000,750000
2020-03-12 12:42:03.053000,1.12102,1.121,1500000,750000
2020-03-12 12:42:03.257000,1.12102,1.121,750000,750000
2020-03-12 12:42:03.359000,1.12102,1.12101,750000,750000
2020-03-12 12:42:03.510000,1.12102,1.121,750000,750000
2020-03-12 12:42:03.763000,1.12102,1.12099,750000,750000
2020-03-12 12:42:03.865000,1.12103,1.12101,750000,750000
2020-03-12 12:42:03.966000,1.12103,1.12101,750000,750000
2020-03-12 12:42:04.067000,1.12103,1.12101,750000,750000
2020-03-12 12:42:04.118000,1.12106,1.12104,750000,1500000
2020-03-12 12:42:04.169000,1.12108,1.12105,1500000,750000
2020-03-12 12:42:04.321000,1.12108,1.12106,750000,750000
2020-03-12 12:42:05.118000,1.12108,1.12103,750000,820000
2020-03-12 12:42:05.169000,1.12108,1.12103,750000,750000
2020-03-12 12:42:05.270000,1.12101,1.12097,750000,750000
2020-03-12 12:42:05.371000,1.12101,1.12099,750000,750000
2020-03-12 12:42:05.473000,1.12103,1.12101,750000,750000
2020-03-12 12:42:07.049000,1.12103,1.121,750000,750000
2020-03-12 12:42:07.150000,1.12103,1.12101,750000,750000
2020-03-12 12:42:07.301000,1.12103,1.121,750000,750000
2020-03-12 12:42:08.041000,1.12103,1.12101,750000,750000
2020-03-12 12:42:08.374000,1.12108,1.12106,1500000,750000
2020-03-12 12:42:08.576000,1.12108,1.12105,750000,750000
2020-03-12 12:42:08.854000,1.12108,1.12106,750000,750000
2020-03-12 12:42:08.956000,1.12108,1.12105,750000,750000
2020-03-12 12:42:09.159000,1.12108,1.12106,750000,750000
2020-03-12 12:42:09.771000,1.1211,1.12106,750000,750000
2020-03-12 12:42:10.024000,1.1211,1.12107,1500000,750000
2020-03-12 12:42:10.299000,1.12109,1.12107,750000,750000
2020-03-12 12:42:10.400000,1.12108,1.12105,750000,750000
2020-03-12 12:42:10.501000,1.12108,1.12106,750000,750000
2020-03-12 12:42:10.552000,1.12104,1.12102,750000,820000
2020-03-12 12:42:10.653000,1.12104,1.12101,750000,750000
2020-03-12 12:42:10.754000,1.12103,1.12101,750000,750000
2020-03-12 12:42:10.956000,1.12101,1.12097,750000,450000
2020-03-12 12:42:11.007000,1.121,1.12095,750000,750000
2020-03-12 12:42:11.058000,1.12102,1.121,750000,190000
2020-03-12 12:42:11.109000,1.12105,1.12104,1500000,750000
2020-03-12 12:42:11.160000,1.12104,1.12102,750000,750000
2020-03-12 12:42:11.261000,1.12105,1.12103,750000,750000
2020-03-12 12:42:11.312000,1.12101,1.121,750000,750000
2020-03-12 12:42:11.363000,1.12101,1.12098,750000,750000
2020-03-12 12:42:11.464000,1.12101,1.12097,750000,750000
2020-03-12 12:42:11.515000,1.121,1.12094,2250000,1200000
2020-03-12 12:42:11.565000,1.12099,1.12096,750000,750000
2020-03-12 12:42:11.666000,1.12102,1.12099,750000,300000
2020-03-12 12:42:11.768000,1.12103,1.12101,750000,750000
2020-03-12 12:42:11.869000,1.12105,1.12104,750000,750000
2020-03-12 12:42:11.920000,1.12108,1.12105,750000,750000
2020-03-12 12:42:12.172000,1.12108,1.12106,750000,750000
2020-03-12 12:42:12.291000,1.12108,1.12105,750000,750000
2020-03-12 12:42:12.442000,1.12108,1.12104,750000,750000
2020-03-12 12:42:12.548000,1.12109,1.12105,750000,1500000
2020-03-12 12:42:12.650000,1.12104,1.12103,750000,750000
2020-03-12 12:42:12.751000,1.12097,1.12095,190000,750000
2020-03-12 12:42:12.802000,1.12096,1.12092,750000,450000
2020-03-12 12:42:12.903000,1.12097,1.12092,750000,370000
2020-03-12 12:42:13.155000,1.12097,1.12093,750000,750000
2020-03-12 12:42:13.206000,1.12094,1.12091,750000,750000
2020-03-12 12:42:13.357000,1.12095,1.12091,750000,190000
2020-03-12 12:42:13.458000,1.12093,1.1209,750000,750000
2020-03-12 12:42:13.559000,1.12092,1.12089,750000,190000
2020-03-12 12:42:14.034000,1.12092,1.12088,750000,1500000
2020-03-12 12:42:14.085000,1.12086,1.1208,1500000,3940000
2020-03-12 12:42:14.237000,1.12085,1.12082,750000,750000
2020-03-12 12:42:14.287000,1.12085,1.12082,1500000,750000
2020-03-12 12:42:14.338000,1.12085,1.12084,750000,750000
2020-03-12 12:42:14.439000,1.12087,1.12083,750000,750000
2020-03-12 12:42:14.540000,1.12087,1.12084,750000,750000
2020-03-12 12:42:14.642000,1.12086,1.12081,750000,750000
2020-03-12 12:42:14.692000,1.12086,1.1208,1500000,2250000
2020-03-12 12:42:14.743000,1.12086,1.1208,2140000,3000000
2020-03-12 12:42:14.895000,1.12086,1.12082,1200000,1500000
2020-03-12 12:42:14.996000,1.12086,1.12081,750000,750000
2020-03-12 12:42:15.047000,1.12086,1.12083,750000,750000
2020-03-12 12:42:15.148000,1.12086,1.12079,750000,750000
2020-03-12 12:42:15.199000,1.12086,1.12081,750000,750000
2020-03-12 12:42:15.249000,1.12086,1.12081,750000,750000
2020-03-12 12:42:15.351000,1.12086,1.1208,750000,750000
2020-03-12 12:42:15.502000,1.12086,1.12081,1500000,750000
2020-03-12 12:42:15.603000,1.12086,1.1208,1500000,750000
2020-03-12 12:42:15.829000,1.12086,1.12079,1500000,190000
2020-03-12 12:42:16.132000,1.12083,1.12079,750000,750000
2020-03-12 12:42:16.284000,1.12083,1.1208,1500000,750000
2020-03-12 12:42:16.436000,1.12083,1.12078,750000,750000
2020-03-12 12:42:16.638000,1.12082,1.12075,750000,190000
2020-03-12 12:42:16.689000,1.12082,1.12074,1690000,1950000
2020-03-12 12:42:16.841000,1.12082,1.12074,1690000,750000
2020-03-12 12:42:16.891000,1.1208,1.12075,750000,750000
2020-03-12 12:42:16.993000,1.1208,1.12073,750000,750000
2020-03-12 12:42:17.094000,1.1208,1.12073,750000,750000
2020-03-12 12:42:18.274000,1.12081,1.12075,1500000,1500000
2020-03-12 12:42:18.376000,1.12087,1.12085,750000,750000
2020-03-12 12:42:18.427000,1.12093,1.12091,940000,750000
2020-03-12 12:42:18.528000,1.12096,1.12092,190000,1500000
2020-03-12 12:42:18.579000,1.12097,1.1209,820000,2440000
2020-03-12 12:42:18.629000,1.12094,1.1209,1500000,750000
2020-03-12 12:42:18.731000,1.12093,1.12089,750000,820000
2020-03-12 12:42:18.832000,1.1209,1.12086,750000,750000
2020-03-12 12:42:18.935000,1.1209,1.12087,750000,750000
2020-03-12 12:42:19.036000,1.1209,1.12088,750000,750000
2020-03-12 12:42:19.137000,1.1209,1.12087,750000,750000
2020-03-12 12:42:19.480000,1.12089,1.12087,750000,750000
2020-03-12 12:42:19.581000,1.12089,1.12086,750000,750000
2020-03-12 12:42:19.683000,1.12088,1.12085,750000,750000
2020-03-12 12:42:19.784000,1.12088,1.12086,750000,750000
2020-03-12 12:42:20.402000,1.12087,1.12086,190000,750000
2020-03-12 12:42:20.503000,1.12085,1.12082,750000,750000
2020-03-12 12:42:20.655000,1.12085,1.12083,750000,750000
2020-03-12 12:42:20.959000,1.12084,1.12082,750000,750000
2020-03-12 12:42:21.060000,1.12085,1.12083,750000,750000
2020-03-12 12:42:21.364000,1.12089,1.12087,1500000,750000
2020-03-12 12:42:21.415000,1.1209,1.12089,750000,750000
2020-03-12 12:42:21.466000,1.12093,1.12092,750000,750000
2020-03-12 12:42:21.567000,1.12096,1.12092,750000,1500000
2020-03-12 12:42:21.669000,1.12096,1.12093,750000,750000
2020-03-12 12:42:21.771000,1.12097,1.12095,750000,750000
2020-03-12 12:42:21.922000,1.12097,1.12096,750000,750000
2020-03-12 12:42:21.973000,1.12099,1.12097,750000,750000
2020-03-12 12:42:22.293000,1.121,1.12098,750000,750000
2020-03-12 12:42:22.394000,1.12101,1.12099,750000,750000
2020-03-12 12:42:22.495000,1.12101,1.12097,750000,750000
2020-03-12 12:42:22.697000,1.12101,1.12098,750000,750000
2020-03-12 12:42:22.949000,1.12101,1.12099,750000,750000
2020-03-12 12:42:23.202000,1.12105,1.12103,750000,750000
2020-03-12 12:42:23.303000,1.12109,1.12105,750000,750000
2020-03-12 12:42:23.405000,1.12109,1.12106,750000,750000
2020-03-12 12:42:23.556000,1.12108,1.12106,750000,750000
2020-03-12 12:42:23.607000,1.12107,1.12102,1500000,1500000
2020-03-12 12:42:23.658000,1.12107,1.12106,750000,750000
2020-03-12 12:42:23.709000,1.1211,1.12106,2250000,1500000
2020-03-12 12:42:23.760000,1.1211,1.12109,750000,750000
2020-03-12 12:42:23.810000,1.12113,1.12111,750000,750000
2020-03-12 12:42:23.962000,1.12113,1.12111,750000,750000
2020-03-12 12:42:24.288000,1.12114,1.12111,1500000,750000
2020-03-12 12:42:24.339000,1.12109,1.12107,750000,1570000
2020-03-12 12:42:24.390000,1.1211,1.12108,2250000,750000
2020-03-12 12:42:24.440000,1.12108,1.12106,750000,750000
2020-03-12 12:42:24.542000,1.12107,1.12103,750000,940000
2020-03-12 12:42:24.643000,1.12105,1.12101,1500000,750000
2020-03-12 12:42:24.744000,1.12103,1.12101,750000,750000
2020-03-12 12:42:25.047000,1.12102,1.12101,750000,750000
2020-03-12 12:42:25.251000,1.12101,1.12098,750000,1200000
2020-03-12 12:42:25.352000,1.12102,1.121,750000,100000
2020-03-12 12:42:25.403000,1.12107,1.12105,1500000,750000
2020-03-12 12:42:25.504000,1.12108,1.12106,750000,750000
2020-03-12 12:42:25.606000,1.12108,1.12106,750000,750000
2020-03-12 12:42:25.707000,1.12105,1.12102,750000,750000
2020-03-12 12:42:25.757000,1.12106,1.12104,750000,750000
2020-03-12 12:42:25.859000,1.12106,1.12104,750000,750000
2020-03-12 12:42:25.910000,1.12108,1.12106,750000,750000
2020-03-12 12:42:25.960000,1.12105,1.12103,750000,820000
2020-03-12 12:42:26.062000,1.12107,1.12105,750000,750000
2020-03-12 12:42:26.164000,1.12107,1.12105,750000,750000
2020-03-12 12:42:26.327000,1.12107,1.12105,750000,750000
2020-03-12 12:42:26.478000,1.12106,1.12101,750000,1200000
2020-03-12 12:42:26.706000,1.12106,1.12104,750000,750000
2020-03-12 12:42:26.943000,1.12108,1.12107,750000,750000
2020-03-12 12:42:27.095000,1.12108,1.12106,750000,940000
2020-03-12 12:42:27.196000,1.12108,1.12106,750000,750000
2020-03-12 12:42:27.348000,1.12108,1.12106,750000,940000
2020-03-12 12:42:27.449000,1.12109,1.12107,750000,750000
2020-03-12 12:42:27.604000,1.12108,1.12107,750000,750000
2020-03-12 12:42:27.806000,1.1211,1.12108,750000,940000
2020-03-12 12:42:28.165000,1.12111,1.12107,750000,940000
2020-03-12 12:42:28.216000,1.12113,1.12111,750000,750000
2020-03-12 12:42:28.368000,1.12108,1.12106,750000,1500000
2020-03-12 12:42:28.418000,1.12096,1.12094,750000,190000
2020-03-12 12:42:28.469000,1.12092,1.1209,2250000,1120000
2020-03-12 12:42:28.520000,1.12091,1.12088,750000,750000
2020-03-12 12:42:28.570000,1.12092,1.1209,1500000,750000
2020-03-12 12:42:28.671000,1.12093,1.1209,2440000,750000
2020-03-12 12:42:28.773000,1.12092,1.12088,1500000,750000
2020-03-12 12:42:28.823000,1.1209,1.12088,750000,750000
2020-03-12 12:42:28.924000,1.12091,1.12087,750000,750000
2020-03-12 12:42:29.026000,1.12093,1.1209,750000,750000
2020-03-12 12:42:29.378000,1.12094,1.1209,750000,750000
2020-03-12 12:42:29.631000,1.12094,1.12091,750000,750000
2020-03-12 12:42:29.732000,1.12094,1.12092,750000,750000
2020-03-12 12:42:29.783000,1.12093,1.12091,750000,750000
2020-03-12 12:42:30.062000,1.12094,1.12091,750000,750000
2020-03-12 12:42:30.213000,1.12095,1.12091,750000,750000
2020-03-12 12:42:30.315000,1.12095,1.12092,750000,750000
2020-03-12 12:42:30.625000,1.12095,1.12091,750000,750000
2020-03-12 12:42:30.868000,1.12096,1.12092,750000,750000
2020-03-12 12:42:31.170000,1.12097,1.12092,1690000,750000
2020-03-12 12:42:31.984000,1.12097,1.12091,940000,750000
2020-03-12 12:42:32.136000,1.12097,1.12092,190000,1500000
2020-03-12 12:42:32.238000,1.12098,1.12092,1690000,750000
2020-03-12 12:42:32.339000,1.12097,1.12092,940000,750000
2020-03-12 12:42:32.390000,1.12092,1.12088,300000,750000
2020-03-12 12:42:32.491000,1.12093,1.12088,190000,750000
2020-03-12 12:42:32.592000,1.12093,1.12087,940000,750000
2020-03-12 12:42:32.693000,1.12091,1.12085,1690000,750000
2020-03-12 12:42:32.795000,1.12087,1.12083,750000,750000
2020-03-12 12:42:32.896000,1.12089,1.12085,1500000,750000
2020-03-12 12:42:32.997000,1.12091,1.12085,1500000,750000
2020-03-12 12:42:33.098000,1.12091,1.12086,1690000,750000
2020-03-12 12:42:33.149000,1.12089,1.12084,940000,820000
2020-03-12 12:42:33.250000,1.12089,1.12083,3190000,100000
2020-03-12 12:42:33.352000,1.12087,1.12082,750000,820000
2020-03-12 12:42:33.453000,1.12088,1.12086,300000,100000
2020-03-12 12:42:33.504000,1.1209,1.12085,750000,100000
2020-03-12 12:42:33.605000,1.1209,1.12086,750000,750000
2020-03-12 12:42:34.217000,1.12092,1.12088,750000,820000
2020-03-12 12:42:34.319000,1.12094,1.12089,1500000,100000
2020-03-12 12:42:34.420000,1.12097,1.12095,3000000,100000
2020-03-12 12:42:34.521000,1.12104,1.121,1500000,750000
2020-03-12 12:42:34.682000,1.12104,1.12099,1500000,820000
2020-03-12 12:42:34.935000,1.12103,1.12097,1500000,750000
2020-03-12 12:42:34.986000,1.121,1.12096,750000,750000
2020-03-12 12:42:35.087000,1.121,1.12095,750000,750000
2020-03-12 12:42:35.188000,1.12095,1.12092,750000,100000
2020-03-12 12:42:35.289000,1.12096,1.12092,1500000,100000
2020-03-12 12:42:35.390000,1.12099,1.12098,750000,100000
2020-03-12 12:42:35.441000,1.121,1.12098,370000,750000
2020-03-12 12:42:35.542000,1.12103,1.12098,750000,750000
2020-03-12 12:42:35.644000,1.12102,1.12097,750000,820000
2020-03-12 12:42:35.846000,1.121,1.12096,750000,100000
2020-03-12 12:42:35.948000,1.121,1.12095,750000,820000
2020-03-12 12:42:36.706000,1.12105,1.121,820000,750000
2020-03-12 12:42:36.807000,1.12107,1.12101,1570000,100000
2020-03-12 12:42:36.909000,1.12107,1.12102,750000,820000
2020-03-12 12:42:37.060000,1.12109,1.12104,2140000,820000
2020-03-12 12:42:37.162000,1.12112,1.12108,820000,820000
2020-03-12 12:42:37.265000,1.12113,1.12108,750000,820000
2020-03-12 12:42:37.366000,1.12113,1.12109,750000,100000
2020-03-12 12:42:37.694000,1.12115,1.1211,2700000,100000
2020-03-12 12:42:37.896000,1.12115,1.12111,750000,100000
2020-03-12 12:42:38.826000,1.12104,1.12101,1500000,750000
2020-03-12 12:42:38.927000,1.12097,1.12096,750000,750000
2020-03-12 12:42:39.028000,1.12097,1.12095,750000,750000
2020-03-12 12:42:39.130000,1.12097,1.12094,750000,750000
2020-03-12 12:42:39.729000,1.12098,1.12092,1690000,100000
2020-03-12 12:42:39.780000,1.12092,1.12091,750000,100000
2020-03-12 12:42:39.832000,1.12093,1.12089,190000,100000
2020-03-12 12:42:39.934000,1.12094,1.12087,940000,820000
2020-03-12 12:42:39.985000,1.12092,1.12086,190000,100000
2020-03-12 12:42:40.086000,1.12089,1.12083,1200000,100000
2020-03-12 12:42:40.306000,1.1209,1.12083,3640000,100000
2020-03-12 12:42:40.583000,1.12087,1.12082,190000,100000
2020-03-12 12:42:40.634000,1.12089,1.12083,1570000,100000
2020-03-12 12:42:40.895000,1.1209,1.12087,750000,100000
2020-03-12 12:42:40.945000,1.12094,1.12087,5140000,100000
2020-03-12 12:42:41.046000,1.12093,1.12087,100000,100000
2020-03-12 12:42:41.148000,1.12094,1.12088,1390000,100000
2020-03-12 12:42:41.249000,1.12094,1.12089,450000,100000
2020-03-12 12:42:41.350000,1.12095,1.12089,820000,100000
2020-03-12 12:42:42.419000,1.12097,1.12093,1800000,100000
2020-03-12 12:42:42.470000,1.12099,1.12093,940000,100000
2020-03-12 12:42:42.521000,1.12101,1.12094,2320000,820000
2020-03-12 12:42:42.622000,1.12101,1.12095,820000,100000
2020-03-12 12:42:43.075000,1.121,1.12096,190000,100000
2020-03-12 12:42:43.613000,1.121,1.12097,190000,100000
2020-03-12 12:42:43.865000,1.12104,1.12103,750000,750000
2020-03-12 12:42:43.916000,1.12108,1.12104,750000,300000
2020-03-12 12:42:43.966000,1.12105,1.12103,1500000,300000
2020-03-12 12:42:44.017000,1.12103,1.12098,750000,260000
2020-03-12 12:42:44.068000,1.121,1.12096,750000,3260000
2020-03-12 12:42:44.169000,1.12095,1.12093,190000,750000
2020-03-12 12:42:44.220000,1.12092,1.12089,190000,370000
2020-03-12 12:42:44.321000,1.12091,1.12087,750000,750000
2020-03-12 12:42:44.373000,1.12091,1.12085,940000,100000
2020-03-12 12:42:44.474000,1.12086,1.12082,190000,100000
2020-03-12 12:42:44.525000,1.12088,1.12083,940000,100000
2020-03-12 12:42:44.626000,1.12091,1.12089,750000,100000
2020-03-12 12:42:44.677000,1.12093,1.1209,750000,100000
2020-03-12 12:42:44.778000,1.12097,1.12091,100000,100000
2020-03-12 12:42:44.829000,1.12099,1.12091,1760000,100000
2020-03-12 12:42:44.930000,1.12099,1.12092,1010000,820000
2020-03-12 12:42:44.981000,1.12097,1.1209,190000,820000
2020-03-12 12:42:45.082000,1.12096,1.1209,820000,820000
2020-03-12 12:42:45.184000,1.12096,1.12091,820000,100000
2020-03-12 12:42:46.786000,1.12097,1.12092,450000,100000
2020-03-12 12:42:46.887000,1.12088,1.12085,2250000,750000
2020-03-12 12:42:47.038000,1.12086,1.12083,750000,820000
2020-03-12 12:42:47.089000,1.12085,1.12081,750000,820000
2020-03-12 12:42:47.190000,1.12088,1.12086,1120000,100000
2020-03-12 12:42:47.241000,1.12093,1.12089,2250000,820000
2020-03-12 12:42:47.292000,1.12093,1.12091,2250000,100000
2020-03-12 12:42:47.343000,1.12098,1.12095,750000,100000
2020-03-12 12:42:47.393000,1.12099,1.12098,750000,100000
2020-03-12 12:42:47.444000,1.121,1.12095,750000,100000
2020-03-12 12:42:47.545000,1.12099,1.12094,100000,750000
2020-03-12 12:42:47.596000,1.12099,1.12096,750000,940000
2020-03-12 12:42:47.647000,1.12102,1.12096,2620000,750000
2020-03-12 12:42:47.748000,1.121,1.12095,190000,820000
2020-03-12 12:42:47.850000,1.12097,1.12091,1120000,750000
2020-03-12 12:42:47.951000,1.12098,1.12091,820000,820000
2020-03-12 12:42:49.534000,1.1209,1.12085,1500000,150000
2020-03-12 12:42:49.635000,1.12089,1.12084,190000,100000
2020-03-12 12:42:49.737000,1.12088,1.12083,190000,100000
2020-03-12 12:42:49.838000,1.12088,1.12082,190000,820000
2020-03-12 12:42:49.939000,1.12085,1.12079,2250000,100000
2020-03-12 12:42:50.040000,1.1208,1.12075,1390000,100000
2020-03-12 12:42:50.141000,1.12078,1.12075,750000,100000
2020-03-12 12:42:50.192000,1.12081,1.12075,2440000,100000
2020-03-12 12:42:50.243000,1.12077,1.12073,750000,100000
2020-03-12 12:42:50.344000,1.12081,1.12074,3190000,100000
2020-03-12 12:42:50.445000,1.1208,1.12074,750000,100000
2020-03-12 12:42:50.546000,1.12081,1.12074,2440000,820000
2020-03-12 12:42:50.698000,1.12081,1.12075,1120000,100000
2020-03-12 12:42:50.749000,1.12082,1.12078,940000,100000
2020-03-12 12:42:50.850000,1.12081,1.12077,190000,100000
2020-03-12 12:42:50.951000,1.12081,1.12075,2060000,820000
2020-03-12 12:42:51.053000,1.12081,1.12076,2060000,100000
2020-03-12 12:42:51.154000,1.12083,1.12076,260000,1570000
2020-03-12 12:42:51.306000,1.12083,1.12078,190000,100000
2020-03-12 12:42:51.528000,1.12084,1.12078,940000,100000
2020-03-12 12:42:51.630000,1.12085,1.1208,940000,100000
2020-03-12 12:42:51.731000,1.12088,1.12081,1010000,100000
2020-03-12 12:42:52.651000,1.12088,1.12082,1010000,750000
2020-03-12 12:42:52.753000,1.12088,1.12081,940000,820000
2020-03-12 12:42:53.722000,1.12085,1.1208,750000,820000
2020-03-12 12:42:53.773000,1.12084,1.12078,190000,520000
2020-03-12 12:42:53.824000,1.1208,1.12077,750000,100000
2020-03-12 12:42:53.925000,1.1208,1.12075,1690000,100000
2020-03-12 12:42:54.076000,1.1208,1.12074,1690000,820000
2020-03-12 12:42:54.178000,1.12075,1.12073,750000,100000
2020-03-12 12:42:54.228000,1.12074,1.12071,190000,750000
2020-03-12 12:42:54.855000,1.1207,1.12067,1500000,1500000
2020-03-12 12:42:54.906000,1.12074,1.12071,190000,750000
2020-03-12 12:42:54.956000,1.12079,1.12072,190000,750000
2020-03-12 12:42:55.158000,1.12079,1.12073,190000,750000
2020-03-12 12:42:55.260000,1.1208,1.12074,1690000,750000
2020-03-12 12:42:55.361000,1.12079,1.12074,750000,750000
2020-03-12 12:42:55.996000,1.12079,1.12077,750000,750000
2020-03-12 12:42:56.097000,1.12085,1.12077,940000,1500000
2020-03-12 12:42:56.198000,1.12085,1.12078,940000,750000
2020-03-12 12:42:56.300000,1.12084,1.12078,750000,750000
2020-03-12 12:42:56.401000,1.12085,1.12078,1010000,750000
2020-03-12 12:42:56.924000,1.12086,1.1208,260000,940000
2020-03-12 12:42:57.025000,1.12087,1.12082,490000,750000
2020-03-12 12:42:57.127000,1.12093,1.12088,940000,750000
2020-03-12 12:42:57.178000,1.12095,1.12088,940000,1500000
2020-03-12 12:42:58.499000,1.12096,1.12089,750000,750000
2020-03-12 12:42:58.782000,1.12089,1.12085,190000,750000
2020-03-12 12:42:58.984000,1.12089,1.12083,190000,750000
2020-03-12 12:42:59.035000,1.1209,1.12086,1690000,940000
2020-03-12 12:42:59.136000,1.12096,1.12089,940000,750000
2020-03-12 12:42:59.794000,1.12097,1.12093,450000,750000
2020-03-12 12:42:59.845000,1.12102,1.12097,1310000,750000
2020-03-12 12:42:59.896000,1.12103,1.12101,1120000,750000
2020-03-12 12:42:59.947000,1.12103,1.12099,750000,750000
2020-03-12 12:43:00.048000,1.12104,1.12098,190000,750000
2020-03-12 12:43:00.149000,1.12104,1.12097,190000,1200000
2020-03-12 12:43:00.547000,1.12099,1.12093,1500000,750000
2020-03-12 12:43:00.648000,1.12098,1.1209,750000,1010000
2020-03-12 12:43:00.749000,1.12097,1.1209,750000,1010000
2020-03-12 12:43:00.850000,1.12098,1.1209,1500000,1010000
2020-03-12 12:43:01.205000,1.12099,1.12091,1500000,190000
2020-03-12 12:43:01.375000,1.12092,1.12089,190000,750000
2020-03-12 12:43:01.477000,1.12093,1.12085,190000,940000
2020-03-12 12:43:01.883000,1.12094,1.12086,1010000,190000
2020-03-12 12:43:03.141000,1.12095,1.12086,3450000,1690000
2020-03-12 12:43:03.243000,1.12095,1.12087,3450000,750000
2020-03-12 12:43:03.404000,1.12095,1.12086,2700000,2440000
2020-03-12 12:43:04.506000,1.12095,1.12091,750000,1500000
2020-03-12 12:43:04.607000,1.12103,1.121,3000000,940000
2020-03-12 12:43:04.709000,1.1211,1.12102,820000,3000000
2020-03-12 12:43:04.810000,1.12111,1.12102,2250000,3640000
2020-03-12 12:43:04.861000,1.12112,1.12105,1870000,750000
2020-03-12 12:43:04.962000,1.12113,1.12108,1120000,750000
2020-03-12 12:43:05.063000,1.12114,1.1211,1120000,750000
2020-03-12 12:43:05.164000,1.12117,1.1211,1500000,940000
2020-03-12 12:43:06.970000,1.12118,1.12111,380000,2440000
2020-03-12 12:43:07.273000,1.12118,1.12112,750000,750000
2020-03-12 12:43:07.375000,1.12118,1.12111,2070000,750000
2020-03-12 12:43:07.476000,1.12117,1.12112,750000,750000
2020-03-12 12:43:07.577000,1.12124,1.1212,750000,750000
2020-03-12 12:43:07.628000,1.12121,1.12118,750000,1200000
2020-03-12 12:43:07.679000,1.12123,1.12118,940000,750000
2020-03-12 12:43:07.780000,1.12123,1.12116,940000,750000
2020-03-12 12:43:07.881000,1.12121,1.12115,940000,750000
2020-03-12 12:43:07.983000,1.12121,1.12114,1010000,750000
2020-03-12 12:43:08.086000,1.12121,1.12113,1010000,750000
2020-03-12 12:43:08.188000,1.12122,1.12121,750000,750000
2020-03-12 12:43:08.238000,1.12127,1.12124,1200000,750000
2020-03-12 12:43:08.341000,1.12132,1.12125,450000,750000
2020-03-12 12:43:08.442000,1.12133,1.12126,1570000,750000
2020-03-12 12:43:08.594000,1.12128,1.12125,750000,750000
2020-03-12 12:43:08.645000,1.12126,1.1212,1390000,750000
2020-03-12 12:43:08.746000,1.12128,1.12121,370000,750000
2020-03-12 12:43:08.847000,1.12126,1.12119,100000,750000
2020-03-12 12:43:08.999000,1.12127,1.12119,1500000,1500000
2020-03-12 12:43:09.511000,1.12129,1.12122,1200000,750000
2020-03-12 12:43:09.612000,1.1213,1.12122,190000,750000
2020-03-12 12:43:09.713000,1.12132,1.12123,2140000,1500000
2020-03-12 12:43:09.815000,1.12132,1.12124,750000,1500000
2020-03-12 12:43:09.916000,1.12132,1.12125,820000,750000
2020-03-12 12:43:10.814000,1.12133,1.12123,4010000,1570000
2020-03-12 12:43:10.864000,1.12131,1.12124,750000,1500000
2020-03-12 12:43:10.965000,1.12133,1.12125,1570000,750000
2020-03-12 12:43:11.066000,1.12133,1.12126,3820000,750000
2020-03-12 12:43:11.167000,1.12133,1.12125,1200000,750000
2020-03-12 12:43:11.269000,1.12134,1.12125,1200000,750000
2020-03-12 12:43:11.370000,1.12134,1.12126,1200000,750000
2020-03-12 12:43:11.471000,1.12134,1.12129,100000,750000
2020-03-12 12:43:11.522000,1.12137,1.12131,100000,750000
2020-03-12 12:43:11.572000,1.1213,1.12129,1500000,100000
2020-03-12 12:43:11.623000,1.12127,1.12126,750000,750000
2020-03-12 12:43:11.724000,1.12128,1.12121,3190000,750000
2020-03-12 12:43:11.826000,1.12124,1.12119,1500000,100000
2020-03-12 12:43:11.928000,1.12124,1.1212,750000,100000
2020-03-12 12:43:11.979000,1.12127,1.1212,1800000,820000
2020-03-12 12:43:12.081000,1.12127,1.12121,1050000,750000
2020-03-12 12:43:13.112000,1.12127,1.12123,1050000,750000
2020-03-12 12:43:13.166000,1.1213,1.12123,450000,1500000
2020-03-12 12:43:13.217000,1.12132,1.12123,2320000,1500000
2020-03-12 12:43:13.521000,1.12133,1.12123,1950000,1570000
2020-03-12 12:43:13.673000,1.12132,1.12123,100000,1500000
2020-03-12 12:43:14.421000,1.1213,1.12122,1690000,100000
2020-03-12 12:43:14.522000,1.1213,1.12121,1500000,820000
2020-03-12 12:43:14.724000,1.12131,1.12121,2140000,820000
2020-03-12 12:43:15.065000,1.1213,1.1212,100000,2140000
2020-03-12 12:43:15.356000,1.12131,1.1212,1390000,2880000
2020-03-12 12:43:15.740000,1.12131,1.12121,1010000,1200000
2020-03-12 12:43:16.260000,1.12131,1.12121,100000,3640000
2020-03-12 12:43:16.786000,1.12132,1.12121,3000000,4390000
2020-03-12 12:43:16.887000,1.12131,1.12121,100000,4390000
2020-03-12 12:43:16.996000,1.12132,1.12121,3000000,4390000
2020-03-12 12:43:17.046000,1.12114,1.12113,750000,370000
2020-03-12 12:43:17.097000,1.12118,1.12112,260000,750000
2020-03-12 12:43:17.198000,1.12119,1.12112,750000,750000
2020-03-12 12:43:17.938000,1.12118,1.12112,750000,1500000
2020-03-12 12:43:18.090000,1.12119,1.12112,2250000,750000
2020-03-12 12:43:18.359000,1.12119,1.12112,750000,750000
2020-03-12 12:43:18.410000,1.12117,1.12112,750000,750000
2020-03-12 12:43:18.689000,1.12114,1.12109,750000,100000
2020-03-12 12:43:18.790000,1.12113,1.12109,370000,2250000
2020-03-12 12:43:18.841000,1.12117,1.12109,1460000,1500000
2020-03-12 12:43:18.942000,1.12116,1.12109,2440000,750000
2020-03-12 12:43:19.043000,1.12116,1.12109,2440000,750000
2020-03-12 12:43:19.709000,1.12116,1.1211,2250000,750000
2020-03-12 12:43:19.810000,1.12115,1.1211,100000,750000
2020-03-12 12:43:19.861000,1.12111,1.12107,750000,750000
2020-03-12 12:43:19.962000,1.12112,1.12107,750000,750000
2020-03-12 12:43:20.619000,1.12112,1.12108,750000,750000
2020-03-12 12:43:20.721000,1.12112,1.12107,750000,750000
2020-03-12 12:43:21.622000,1.12113,1.12111,370000,1500000
2020-03-12 12:43:21.673000,1.12117,1.12113,750000,750000
2020-03-12 12:43:21.774000,1.1212,1.12113,640000,750000
2020-03-12 12:43:21.875000,1.12118,1.12113,750000,750000
2020-03-12 12:43:22.129000,1.12118,1.12114,750000,750000
2020-03-12 12:43:22.231000,1.1212,1.12114,1760000,750000
2020-03-12 12:43:23.146000,1.12121,1.12114,2140000,1500000
2020-03-12 12:43:23.198000,1.12121,1.12114,450000,1500000
2020-03-12 12:43:23.299000,1.12124,1.12114,1690000,2890000
2020-03-12 12:43:23.400000,1.12124,1.12116,1690000,1500000
2020-03-12 12:43:23.532000,1.12124,1.12116,1690000,2250000
2020-03-12 12:43:23.684000,1.12125,1.12117,100000,1500000
2020-03-12 12:43:23.786000,1.12127,1.12118,300000,750000
2020-03-12 12:43:23.988000,1.12126,1.12118,750000,2700000
2020-03-12 12:43:24.153000,1.12127,1.12118,370000,2250000
2020-03-12 12:43:24.306000,1.12127,1.12119,300000,750000
2020-03-12 12:43:24.407000,1.12128,1.1212,100000,1500000
2020-03-12 12:43:24.508000,1.12129,1.12121,750000,750000
2020-03-12 12:43:27.282000,1.1213,1.12121,820000,2250000
2020-03-12 12:43:29.066000,1.1213,1.12121,100000,1500000
2020-03-12 12:43:29.533000,1.12131,1.12122,450000,750000
2020-03-12 12:43:29.635000,1.12132,1.12123,1240000,1570000
2020-03-12 12:43:29.737000,1.12132,1.12124,1420000,1500000
2020-03-12 12:43:29.839000,1.12133,1.12124,1010000,2250000
2020-03-12 12:43:29.940000,1.12133,1.12125,1200000,820000
2020-03-12 12:43:30.043000,1.12136,1.12128,100000,1500000
2020-03-12 12:43:30.145000,1.12138,1.12129,1200000,190000
2020-03-12 12:43:30.247000,1.12138,1.12131,100000,750000
2020-03-12 12:43:30.298000,1.12141,1.12132,1760000,750000
2020-03-12 12:43:30.400000,1.12142,1.12133,4090000,750000
2020-03-12 12:43:30.754000,1.12141,1.12134,100000,750000
2020-03-12 12:43:30.855000,1.12142,1.12136,1950000,750000
2020-03-12 12:43:30.956000,1.12144,1.12137,450000,750000
2020-03-12 12:43:31.736000,1.12144,1.12136,100000,750000
2020-03-12 12:43:31.898000,1.12145,1.12136,3450000,750000
2020-03-12 12:43:32.103000,1.12144,1.12136,100000,750000
2020-03-12 12:43:32.154000,1.12144,1.12134,100000,1950000
2020-03-12 12:43:32.255000,1.12145,1.12135,4390000,100000
2020-03-12 12:43:32.363000,1.12144,1.12134,100000,1950000
2020-03-12 12:43:32.625000,1.12145,1.12141,750000,750000
2020-03-12 12:43:32.675000,1.12149,1.12143,450000,750000
2020-03-12 12:43:32.878000,1.12149,1.12141,750000,1500000
2020-03-12 12:43:32.979000,1.12149,1.12142,750000,750000
2020-03-12 12:43:33.483000,1.12149,1.12143,750000,750000
2020-03-12 12:43:33.605000,1.12148,1.1214,190000,1570000
2020-03-12 12:43:33.706000,1.12147,1.12138,820000,1500000
2020-03-12 12:43:34.794000,1.12145,1.12138,750000,1500000
2020-03-12 12:43:34.895000,1.12144,1.12137,260000,750000
2020-03-12 12:43:35.389000,1.12143,1.12137,940000,750000
2020-03-12 12:43:36.071000,1.12141,1.12136,190000,750000
2020-03-12 12:43:36.807000,1.12142,1.12135,190000,1500000
2020-03-12 12:43:36.908000,1.12144,1.12138,750000,750000
2020-03-12 12:43:36.959000,1.12146,1.12138,190000,750000
2020-03-12 12:43:37.060000,1.12141,1.12137,2250000,450000
2020-03-12 12:43:37.161000,1.12141,1.12136,2620000,1500000
2020-03-12 12:43:37.262000,1.12145,1.12137,940000,1500000
2020-03-12 12:43:37.468000,1.12145,1.12138,940000,750000
2020-03-12 12:43:37.682000,1.12145,1.12137,940000,1500000
2020-03-12 12:43:37.884000,1.1214,1.12136,190000,100000
2020-03-12 12:43:37.985000,1.12143,1.1214,1050000,750000
2020-03-12 12:43:38.036000,1.12147,1.12141,1390000,1500000
2020-03-12 12:43:38.137000,1.12149,1.12144,820000,1500000
2020-03-12 12:43:38.188000,1.1215,1.12142,820000,750000
2020-03-12 12:43:38.399000,1.1215,1.12143,1500000,750000
2020-03-12 12:43:38.500000,1.12151,1.12149,750000,750000
2020-03-12 12:43:38.551000,1.12156,1.1215,190000,750000
2020-03-12 12:43:38.602000,1.12157,1.12154,3300000,750000
2020-03-12 12:43:38.652000,1.1216,1.12154,750000,750000
2020-03-12 12:43:38.754000,1.12162,1.12154,1460000,750000
2020-03-12 12:43:39.107000,1.12162,1.12157,450000,750000
2020-03-12 12:43:39.208000,1.12166,1.12158,2510000,1500000
2020-03-12 12:43:40.373000,1.12167,1.1216,370000,940000
2020-03-12 12:43:40.475000,1.1217,1.12161,1200000,2250000
2020-03-12 12:43:40.576000,1.1217,1.12162,820000,750000
2020-03-12 12:43:40.801000,1.12171,1.12164,100000,750000
2020-03-12 12:43:41.313000,1.12171,1.12163,1200000,750000
2020-03-12 12:43:41.414000,1.1217,1.12163,100000,750000
2020-03-12 12:43:41.911000,1.1217,1.12164,100000,750000
2020-03-12 12:43:42.039000,1.12171,1.12164,450000,750000
2020-03-12 12:43:42.140000,1.12175,1.12172,1500000,750000
2020-03-12 12:43:42.191000,1.12179,1.12171,2140000,750000
2020-03-12 12:43:42.292000,1.12179,1.12172,100000,750000
2020-03-12 12:43:42.393000,1.1218,1.12172,1390000,750000
2020-03-12 12:43:44.898000,1.12182,1.12176,300000,1500000
2020-03-12 12:43:44.949000,1.12185,1.12176,450000,1500000
2020-03-12 12:43:45.050000,1.12186,1.12177,820000,750000
2020-03-12 12:43:45.274000,1.12186,1.12178,1200000,750000
2020-03-12 12:43:46.137000,1.12188,1.12183,370000,940000
2020-03-12 12:43:46.238000,1.12189,1.12181,190000,750000
2020-03-12 12:43:46.339000,1.1219,1.12182,1760000,750000
2020-03-12 12:43:46.954000,1.12183,1.12179,750000,100000
2020-03-12 12:43:47.055000,1.12181,1.12173,940000,750000
2020-03-12 12:43:47.157000,1.12181,1.12174,1760000,750000
2020-03-12 12:43:47.259000,1.12181,1.12173,1390000,750000
2020-03-12 12:43:47.360000,1.1218,1.12173,190000,750000
2020-03-12 12:43:47.654000,1.12181,1.12176,820000,750000
2020-03-12 12:43:47.706000,1.1218,1.12173,750000,750000
2020-03-12 12:43:47.858000,1.12176,1.12171,750000,750000
2020-03-12 12:43:47.909000,1.12177,1.12169,300000,750000
2020-03-12 12:43:48.010000,1.12178,1.1217,940000,750000
2020-03-12 12:43:48.131000,1.12179,1.1217,640000,750000
2020-03-12 12:43:48.363000,1.12179,1.12172,100000,750000
2020-03-12 12:43:48.464000,1.1218,1.12172,1390000,750000
2020-03-12 12:43:48.565000,1.12179,1.12172,100000,750000
2020-03-12 12:43:49.743000,1.1218,1.12172,1010000,750000
2020-03-12 12:43:49.845000,1.1218,1.12173,190000,750000
2020-03-12 12:43:50.720000,1.12181,1.12173,940000,750000
2020-03-12 12:43:50.821000,1.12182,1.12178,450000,1500000
2020-03-12 12:43:50.922000,1.12185,1.12178,750000,1500000
2020-03-12 12:43:51.024000,1.12186,1.12178,940000,1500000
2020-03-12 12:43:51.074000,1.12187,1.12183,820000,940000
2020-03-12 12:43:51.125000,1.1219,1.12183,370000,1690000
2020-03-12 12:43:51.226000,1.12192,1.12184,640000,750000
2020-03-12 12:43:51.378000,1.12192,1.12185,640000,750000
2020-03-12 12:43:51.711000,1.12192,1.12184,640000,750000
2020-03-12 12:43:51.950000,1.12191,1.12183,100000,750000
2020-03-12 12:43:52.052000,1.1219,1.12183,100000,750000
2020-03-12 12:43:52.158000,1.1219,1.12182,100000,750000
2020-03-12 12:43:52.857000,1.1219,1.12183,100000,750000
2020-03-12 12:43:53.443000,1.1219,1.12182,100000,750000
2020-03-12 12:43:54.546000,1.1219,1.12181,640000,750000
2020-03-12 12:43:54.597000,1.12184,1.12178,750000,750000
2020-03-12 12:43:54.698000,1.12178,1.12173,190000,750000
2020-03-12 12:43:54.800000,1.12179,1.12173,190000,750000
2020-03-12 12:43:54.851000,1.12178,1.12171,940000,1200000
2020-03-12 12:43:54.902000,1.12175,1.1217,750000,1200000
2020-03-12 12:43:55.003000,1.12178,1.12173,190000,450000
2020-03-12 12:43:55.591000,1.12179,1.12173,190000,450000
2020-03-12 12:43:56.092000,1.1218,1.12173,190000,450000
2020-03-12 12:43:56.244000,1.1218,1.12172,190000,750000
2020-03-12 12:43:57.250000,1.12181,1.12172,2700000,750000
2020-03-12 12:43:58.097000,1.12181,1.12173,820000,750000
2020-03-12 12:43:58.249000,1.1218,1.12173,190000,750000
2020-03-12 12:43:58.350000,1.12178,1.12173,190000,750000
2020-03-12 12:43:58.454000,1.1218,1.12173,1690000,750000
2020-03-12 12:43:58.504000,1.12182,1.12177,2700000,750000
2020-03-12 12:43:58.606000,1.12191,1.12183,190000,1500000
2020-03-12 12:43:59.603000,1.12191,1.12182,190000,1950000
2020-03-12 12:43:59.709000,1.12191,1.12183,190000,750000
2020-03-12 12:44:00.182000,1.1219,1.12183,100000,750000
2020-03-12 12:44:00.233000,1.1219,1.12181,100000,1500000
2020-03-12 12:44:00.334000,1.12191,1.12182,450000,750000
2020-03-12 12:44:00.435000,1.12192,1.12183,940000,100000
2020-03-12 12:44:00.486000,1.12192,1.12185,750000,750000
2020-03-12 12:44:00.537000,1.12194,1.12185,260000,1500000
2020-03-12 12:44:00.638000,1.12195,1.12186,1010000,750000
2020-03-12 12:44:00.739000,1.12196,1.12186,1010000,1950000
2020-03-12 12:44:00.997000,1.12194,1.12186,750000,1950000
2020-03-12 12:44:01.098000,1.12197,1.12189,640000,750000
2020-03-12 12:44:01.200000,1.12195,1.12189,750000,300000
2020-03-12 12:44:01.301000,1.12194,1.12187,750000,100000
2020-03-12 12:44:01.352000,1.12192,1.12185,750000,1500000
2020-03-12 12:44:01.453000,1.12191,1.12184,750000,750000
2020-03-12 12:44:01.554000,1.12187,1.12183,750000,750000
2020-03-12 12:44:01.605000,1.12187,1.1218,750000,750000
2020-03-12 12:44:01.706000,1.12185,1.12179,750000,750000
2020-03-12 12:44:01.808000,1.12185,1.12177,750000,1500000
2020-03-12 12:44:01.909000,1.12177,1.12174,750000,1800000
2020-03-12 12:44:01.960000,1.12177,1.12172,750000,750000
2020-03-12 12:44:02.011000,1.12175,1.12169,750000,750000
2020-03-12 12:44:02.112000,1.12173,1.12168,750000,750000
2020-03-12 12:44:02.213000,1.12172,1.12168,750000,750000
2020-03-12 12:44:02.314000,1.12172,1.12167,750000,190000
2020-03-12 12:44:02.857000,1.12172,1.12168,750000,190000
2020-03-12 12:44:03.060000,1.12173,1.12168,750000,190000
2020-03-12 12:44:03.432000,1.12177,1.12171,2550000,370000
2020-03-12 12:44:03.534000,1.12176,1.12171,750000,820000
2020-03-12 12:44:03.787000,1.12177,1.12171,750000,370000
2020-03-12 12:44:04.641000,1.12173,1.12167,940000,1200000
2020-03-12 12:44:04.743000,1.12172,1.12163,1500000,1120000
2020-03-12 12:44:04.844000,1.12171,1.12163,750000,370000
2020-03-12 12:44:04.946000,1.12171,1.12165,750000,370000
2020-03-12 12:44:04.997000,1.12171,1.12163,750000,370000
2020-03-12 12:44:05.528000,1.1217,1.12163,750000,370000
2020-03-12 12:44:05.629000,1.1217,1.12161,750000,1310000
2020-03-12 12:44:05.680000,1.12169,1.12164,190000,100000
2020-03-12 12:44:05.731000,1.12169,1.12162,190000,100000
2020-03-12 12:44:07.433000,1.12168,1.12161,750000,450000
2020-03-12 12:44:07.483000,1.12166,1.1216,750000,900000
2020-03-12 12:44:07.584000,1.12166,1.12161,750000,750000
2020-03-12 12:44:07.968000,1.12168,1.12163,3750000,750000
2020-03-12 12:44:08.069000,1.12168,1.12162,750000,2250000
2020-03-12 12:44:08.378000,1.12168,1.12163,750000,750000
2020-03-12 12:44:08.479000,1.12172,1.12164,750000,190000
2020-03-12 12:44:08.580000,1.12173,1.12165,750000,370000
2020-03-12 12:44:08.833000,1.12173,1.12168,750000,1500000
2020-03-12 12:44:08.934000,1.12173,1.12167,750000,190000
2020-03-12 12:44:09.951000,1.12172,1.12166,1500000,750000
2020-03-12 12:44:10.052000,1.12172,1.12165,1800000,1500000
2020-03-12 12:44:10.348000,1.12171,1.12165,750000,1500000
2020-03-12 12:44:10.527000,1.1217,1.12165,750000,1500000
2020-03-12 12:44:10.578000,1.12172,1.12165,1050000,1500000
2020-03-12 12:44:11.424000,1.12172,1.12164,810000,190000
2020-03-12 12:44:13.151000,1.12172,1.12164,750000,1690000
2020-03-12 12:44:14.870000,1.12168,1.1216,750000,1690000
2020-03-12 12:44:14.971000,1.12169,1.1216,1500000,1690000
2020-03-12 12:44:16.435000,1.12169,1.12159,750000,2250000
2020-03-12 12:44:16.486000,1.1217,1.12164,750000,750000
2020-03-12 12:44:16.587000,1.12172,1.12163,750000,2250000
2020-03-12 12:44:16.689000,1.1217,1.12163,750000,1500000
2020-03-12 12:44:18.234000,1.12171,1.12163,750000,1500000
2020-03-12 12:44:18.361000,1.12173,1.12163,1500000,1500000
2020-03-12 12:44:19.978000,1.12172,1.12163,750000,1500000
2020-03-12 12:44:20.583000,1.12188,1.12184,1500000,1500000
2020-03-12 12:44:20.634000,1.12181,1.1218,370000,940000
2020-03-12 12:44:20.735000,1.12195,1.12188,750000,1500000
2020-03-12 12:44:20.786000,1.12192,1.12184,750000,1500000
2020-03-12 12:44:20.838000,1.12193,1.12186,750000,1500000
2020-03-12 12:44:20.940000,1.12193,1.12187,750000,1500000
2020-03-12 12:44:21.042000,1.12186,1.1218,750000,3750000
2020-03-12 12:44:21.144000,1.12186,1.12175,2250000,1500000
2020-03-12 12:44:21.247000,1.12187,1.12177,750000,2250000
2020-03-12 12:44:21.521000,1.12177,1.12176,750000,750000
2020-03-12 12:44:21.572000,1.12179,1.12177,100000,750000
2020-03-12 12:44:21.623000,1.1215,1.12148,750000,370000
2020-03-12 12:44:21.673000,1.1215,1.12137,2250000,1500000
2020-03-12 12:44:21.774000,1.12149,1.12136,1500000,1500000
2020-03-12 12:44:21.926000,1.12149,1.12138,2250000,1500000
2020-03-12 12:44:22.039000,1.1215,1.12139,3000000,1500000
2020-03-12 12:44:22.141000,1.12151,1.1214,750000,370000
2020-03-12 12:44:22.242000,1.12151,1.12137,750000,750000
2020-03-12 12:44:23.285000,1.12148,1.12136,750000,1500000
2020-03-12 12:44:23.386000,1.12148,1.12135,1500000,450000
2020-03-12 12:44:23.593000,1.12149,1.12136,1500000,750000
2020-03-12 12:44:23.699000,1.12149,1.12146,750000,750000
2020-03-12 12:44:23.801000,1.12149,1.12145,750000,750000
2020-03-12 12:44:23.852000,1.12149,1.1214,750000,1500000
2020-03-12 12:44:23.903000,1.12151,1.12141,190000,1500000
2020-03-12 12:44:23.953000,1.12152,1.12144,2550000,750000
2020-03-12 12:44:24.004000,1.12151,1.12142,1690000,750000
2020-03-12 12:44:24.055000,1.12149,1.12139,750000,1500000
2020-03-12 12:44:24.156000,1.1215,1.12139,1120000,1500000
2020-03-12 12:44:24.257000,1.12151,1.12139,2440000,1500000
2020-03-12 12:44:24.951000,1.12152,1.12136,1050000,450000
2020-03-12 12:44:25.052000,1.12152,1.12141,300000,100000
2020-03-12 12:44:25.153000,1.12153,1.12141,750000,100000
2020-03-12 12:44:25.379000,1.12153,1.12142,750000,100000
2020-03-12 12:44:25.688000,1.12153,1.12141,750000,100000
2020-03-12 12:44:26.142000,1.12154,1.12142,750000,750000
2020-03-12 12:44:26.244000,1.12153,1.12144,750000,100000
2020-03-12 12:44:26.346000,1.12147,1.12142,750000,100000
2020-03-12 12:44:26.399000,1.12152,1.1214,300000,820000
2020-03-12 12:44:26.501000,1.12152,1.12138,300000,100000
2020-03-12 12:44:27.081000,1.12152,1.1214,300000,750000
2020-03-12 12:44:27.182000,1.12153,1.1214,750000,750000
2020-03-12 12:44:27.512000,1.12153,1.12138,750000,750000
2020-03-12 12:44:27.613000,1.12153,1.12137,750000,750000
2020-03-12 12:44:28.301000,1.12153,1.12138,750000,750000
2020-03-12 12:44:29.006000,1.12153,1.12137,750000,750000
2020-03-12 12:44:29.107000,1.12152,1.12136,300000,750000
2020-03-12 12:44:29.208000,1.12152,1.12135,300000,1270000
2020-03-12 12:44:29.410000,1.12152,1.12139,300000,1500000
2020-03-12 12:44:29.511000,1.12151,1.12141,300000,2250000
2020-03-12 12:44:29.943000,1.12152,1.12139,300000,1120000
2020-03-12 12:44:30.045000,1.12149,1.12139,750000,1120000
2020-03-12 12:44:30.096000,1.12151,1.12139,750000,1120000
2020-03-12 12:44:30.198000,1.12151,1.1214,750000,370000
2020-03-12 12:44:30.281000,1.12151,1.12136,750000,190000
2020-03-12 12:44:31.287000,1.12152,1.12141,300000,750000
2020-03-12 12:44:31.338000,1.12154,1.12141,750000,1500000
2020-03-12 12:44:31.451000,1.12155,1.12141,750000,1500000
2020-03-12 12:44:31.552000,1.12153,1.12141,750000,1500000
2020-03-12 12:44:31.901000,1.12151,1.12141,750000,1500000
2020-03-12 12:44:32.353000,1.1215,1.12141,750000,750000
2020-03-12 12:44:32.454000,1.12152,1.12138,750000,100000
2020-03-12 12:44:32.555000,1.12146,1.12136,750000,100000
2020-03-12 12:44:32.656000,1.12146,1.12135,750000,1270000
2020-03-12 12:44:32.779000,1.12146,1.12136,750000,100000
2020-03-12 12:44:32.881000,1.12146,1.12135,750000,1270000
2020-03-12 12:44:33.671000,1.12148,1.12135,750000,520000
2020-03-12 12:44:33.772000,1.12149,1.12135,750000,520000
2020-03-12 12:44:33.823000,1.12149,1.12137,750000,100000
2020-03-12 12:44:33.924000,1.12142,1.12135,750000,1200000
2020-03-12 12:44:34.025000,1.12119,1.12111,750000,750000
2020-03-12 12:44:34.076000,1.12106,1.12097,750000,750000
2020-03-12 12:44:34.127000,1.12108,1.12097,750000,750000
2020-03-12 12:44:34.178000,1.12109,1.12103,750000,750000
2020-03-12 12:44:34.279000,1.12117,1.12103,4500000,750000
2020-03-12 12:44:34.330000,1.12117,1.12105,3000000,1120000
2020-03-12 12:44:34.431000,1.12117,1.12108,300000,1500000
2020-03-12 12:44:34.532000,1.12123,1.12119,750000,1500000
2020-03-12 12:44:34.583000,1.12148,1.12137,750000,750000
2020-03-12 12:44:34.633000,1.12127,1.1212,2250000,2920000
2020-03-12 12:44:34.684000,1.12126,1.12115,750000,750000
2020-03-12 12:44:34.735000,1.12126,1.12117,750000,1500000
2020-03-12 12:44:34.836000,1.12128,1.12118,190000,750000
2020-03-12 12:44:34.887000,1.12127,1.1211,300000,3750000
2020-03-12 12:44:35.053000,1.12127,1.12112,300000,750000
2020-03-12 12:44:35.305000,1.12127,1.12114,300000,750000
2020-03-12 12:44:35.356000,1.1213,1.12114,1500000,750000
2020-03-12 12:44:35.753000,1.12129,1.12114,190000,750000
2020-03-12 12:44:35.804000,1.1213,1.12121,1500000,1500000
2020-03-12 12:44:35.905000,1.1213,1.12117,2250000,2250000
2020-03-12 12:44:36.056000,1.1213,1.12115,2250000,3000000
2020-03-12 12:44:36.157000,1.1213,1.12117,2250000,1500000
2020-03-12 12:44:36.259000,1.12128,1.12118,190000,750000
2020-03-12 12:44:36.309000,1.12127,1.12114,300000,750000
2020-03-12 12:44:36.461000,1.12127,1.12113,300000,750000
2020-03-12 12:44:36.750000,1.12127,1.12112,300000,3750000
2020-03-12 12:44:37.487000,1.12127,1.12117,300000,750000
2020-03-12 12:44:37.537000,1.1213,1.12117,1500000,2250000
2020-03-12 12:44:38.144000,1.1213,1.12115,1500000,4050000
2020-03-12 12:44:38.670000,1.12129,1.12115,190000,1050000
2020-03-12 12:44:38.721000,1.12128,1.1211,300000,1200000
2020-03-12 12:44:39.084000,1.12128,1.12113,300000,1500000
2020-03-12 12:44:39.185000,1.12129,1.12113,190000,750000
2020-03-12 12:44:39.286000,1.12129,1.12112,190000,750000
2020-03-12 12:44:39.437000,1.1213,1.12115,2250000,1050000
2020-03-12 12:44:40.066000,1.1213,1.1212,750000,190000
2020-03-12 12:44:40.167000,1.12133,1.12127,450000,190000
2020-03-12 12:44:40.218000,1.12133,1.12117,450000,750000
2020-03-12 12:44:40.319000,1.12133,1.12127,450000,190000
2020-03-12 12:44:40.470000,1.12153,1.12141,300000,1500000
2020-03-12 12:44:40.521000,1.12153,1.12144,300000,100000
2020-03-12 12:44:40.622000,1.12153,1.12128,300000,190000
2020-03-12 12:44:42.137000,1.12152,1.12128,300000,190000
2020-03-12 12:44:42.627000,1.12145,1.12126,370000,190000
2020-03-12 12:44:42.728000,1.12142,1.12126,750000,190000
2020-03-12 12:44:42.779000,1.12153,1.12126,300000,190000
2020-03-12 12:44:43.669000,1.12149,1.12126,750000,190000
2020-03-12 12:44:43.720000,1.12147,1.12122,750000,190000
2020-03-12 12:44:43.771000,1.12147,1.12134,750000,750000
2020-03-12 12:44:43.821000,1.12155,1.12134,1650000,750000
2020-03-12 12:44:43.872000,1.12153,1.12134,300000,2250000
2020-03-12 12:44:43.996000,1.12153,1.12141,300000,750000
2020-03-12 12:44:44.046000,1.12153,1.12134,300000,2250000
2020-03-12 12:44:44.097000,1.12148,1.12134,300000,2250000
2020-03-12 12:44:45.087000,1.12148,1.12132,300000,2250000
2020-03-12 12:44:45.794000,1.12143,1.12132,750000,1500000
2020-03-12 12:44:46.047000,1.12136,1.12131,750000,750000
2020-03-12 12:44:46.148000,1.12137,1.12125,1500000,750000
2020-03-12 12:44:46.199000,1.12133,1.1211,300000,750000
2020-03-12 12:44:46.250000,1.12115,1.1211,750000,750000
2020-03-12 12:44:46.301000,1.121,1.12091,750000,750000
2020-03-12 12:44:46.402000,1.12103,1.12096,750000,750000
2020-03-12 12:44:46.453000,1.12103,1.12093,750000,750000
2020-03-12 12:44:46.503000,1.12104,1.12096,750000,750000
2020-03-12 12:44:46.554000,1.12104,1.1209,750000,2250000
2020-03-12 12:44:46.605000,1.12108,1.12101,450000,230000
2020-03-12 12:44:46.706000,1.12098,1.12086,300000,750000
2020-03-12 12:44:46.757000,1.12098,1.12092,300000,750000
2020-03-12 12:44:46.808000,1.12116,1.121,750000,1500000
2020-03-12 12:44:46.909000,1.12126,1.12114,750000,45000
2020-03-12 12:44:46.960000,1.12127,1.12115,6750000,45000
2020-03-12 12:44:47.061000,1.12125,1.12095,750000,750000
2020-03-12 12:44:47.212000,1.12123,1.12095,750000,750000
2020-03-12 12:44:47.330000,1.12111,1.12095,750000,1500000
2020-03-12 12:44:47.381000,1.12114,1.12095,750000,1500000
2020-03-12 12:44:47.482000,1.12117,1.12095,750000,1800000
2020-03-12 12:44:47.634000,1.12117,1.121,750000,750000
2020-03-12 12:44:47.740000,1.12117,1.12095,1500000,1050000
2020-03-12 12:44:48.320000,1.12117,1.12096,750000,750000
2020-03-12 12:44:49.453000,1.12118,1.12096,750000,750000
2020-03-12 12:44:49.554000,1.12118,1.12098,750000,750000
2020-03-12 12:44:49.655000,1.12113,1.12098,750000,750000
2020-03-12 12:44:49.757000,1.12103,1.1209,750000,1050000
2020-03-12 12:44:50.164000,1.12104,1.12091,750000,300000
2020-03-12 12:44:50.265000,1.121,1.12083,1500000,750000
2020-03-12 12:44:50.417000,1.12087,1.1208,750000,750000
2020-03-12 12:44:50.518000,1.12086,1.12078,750000,750000
2020-03-12 12:44:50.568000,1.1208,1.12065,750000,750000
2020-03-12 12:44:50.619000,1.1208,1.12062,750000,750000
2020-03-12 12:44:50.670000,1.1208,1.12073,750000,750000
2020-03-12 12:44:50.872000,1.1207,1.12066,410000,670000
2020-03-12 12:44:50.923000,1.12083,1.12075,2250000,750000
2020-03-12 12:44:51.024000,1.12082,1.12075,750000,750000
2020-03-12 12:44:51.163000,1.12091,1.12076,750000,750000
2020-03-12 12:44:51.315000,1.12091,1.12076,750000,750000
2020-03-12 12:44:51.522000,1.12091,1.12076,750000,750000
2020-03-12 12:44:51.623000,1.12088,1.12076,750000,750000
2020-03-12 12:44:51.775000,1.12089,1.12076,750000,750000
2020-03-12 12:44:52.077000,1.12086,1.12076,750000,750000
2020-03-12 12:44:52.178000,1.12087,1.12076,750000,750000
2020-03-12 12:44:52.583000,1.12082,1.12075,750000,450000
2020-03-12 12:44:52.634000,1.12086,1.12077,750000,450000
2020-03-12 12:44:52.735000,1.12082,1.12071,750000,750000
2020-03-12 12:44:52.836000,1.12082,1.12072,750000,300000
2020-03-12 12:44:52.937000,1.12083,1.12068,750000,750000
2020-03-12 12:44:53.046000,1.12083,1.12066,750000,1500000
2020-03-12 12:44:53.203000,1.12083,1.12077,750000,750000
2020-03-12 12:44:53.824000,1.12084,1.12077,750000,750000
2020-03-12 12:44:53.925000,1.12084,1.12078,750000,750000
2020-03-12 12:44:54.423000,1.1209,1.12079,1500000,750000
2020-03-12 12:44:54.524000,1.1209,1.12078,750000,750000
2020-03-12 12:44:54.726000,1.12092,1.12078,750000,750000
2020-03-12 12:44:55.575000,1.1209,1.12078,750000,750000
2020-03-12 12:44:55.676000,1.12088,1.12078,750000,750000
2020-03-12 12:44:55.778000,1.12083,1.12076,750000,750000
2020-03-12 12:44:55.879000,1.12084,1.12078,750000,750000
2020-03-12 12:44:56.763000,1.12084,1.12069,750000,300000
2020-03-12 12:44:57.556000,1.12086,1.1207,750000,300000
2020-03-12 12:44:57.657000,1.12076,1.12063,750000,300000
2020-03-12 12:44:57.708000,1.12082,1.12068,750000,300000
2020-03-12 12:44:57.809000,1.12084,1.12065,750000,300000
2020-03-12 12:44:58.318000,1.12083,1.12065,750000,300000
2020-03-12 12:44:58.419000,1.12085,1.12041,750000,750000
2020-03-12 12:44:58.520000,1.12077,1.12065,750000,300000
2020-03-12 12:44:58.571000,1.12085,1.12065,750000,300000
2020-03-12 12:44:58.857000,1.12085,1.1206,750000,1870000
2020-03-12 12:44:59.011000,1.12086,1.1206,750000,1870000
2020-03-12 12:44:59.062000,1.12086,1.1207,750000,300000
2020-03-12 12:44:59.565000,1.12077,1.1206,750000,750000
2020-03-12 12:44:59.795000,1.12076,1.1206,750000,750000
2020-03-12 12:44:59.846000,1.12072,1.1206,750000,750000
2020-03-12 12:45:00.149000,1.12074,1.1206,750000,750000
2020-03-12 12:45:00.300000,1.12079,1.1206,750000,750000
2020-03-12 12:45:00.402000,1.12091,1.12046,750000,750000
2020-03-12 12:45:00.603000,1.12097,1.12046,750000,750000
2020-03-12 12:45:00.669000,1.12097,1.12078,750000,450000
2020-03-12 12:45:00.770000,1.12098,1.12081,750000,450000
2020-03-12 12:45:00.972000,1.12096,1.12079,750000,450000
2020-03-12 12:45:01.022000,1.12096,1.1208,750000,1500000
2020-03-12 12:45:01.073000,1.12089,1.12077,750000,1500000
2020-03-12 12:45:01.174000,1.12088,1.12077,750000,1500000
2020-03-12 12:45:01.275000,1.12085,1.12074,750000,1500000
2020-03-12 12:45:01.376000,1.12086,1.12076,750000,300000
2020-03-12 12:45:01.426000,1.12086,1.12075,750000,450000
2020-03-12 12:45:01.947000,1.12087,1.12078,750000,300000
2020-03-12 12:45:02.249000,1.12082,1.12055,750000,1240000
2020-03-12 12:45:02.300000,1.12073,1.12066,750000,750000
2020-03-12 12:45:02.350000,1.12067,1.12047,750000,750000
2020-03-12 12:45:02.401000,1.12066,1.12061,750000,450000
2020-03-12 12:45:02.452000,1.12058,1.12048,750000,750000
2020-03-12 12:45:02.502000,1.12066,1.12061,750000,450000
2020-03-12 12:45:02.653000,1.12073,1.12065,750000,450000
2020-03-12 12:45:02.704000,1.12085,1.12072,750000,300000
2020-03-12 12:45:02.755000,1.1208,1.1207,750000,300000
2020-03-12 12:45:02.805000,1.1208,1.12047,750000,750000
2020-03-12 12:45:02.856000,1.12082,1.12047,750000,750000
2020-03-12 12:45:03.007000,1.12083,1.12047,750000,750000
2020-03-12 12:45:03.058000,1.12062,1.12043,300000,1500000
2020-03-12 12:45:03.159000,1.12088,1.12065,750000,750000
2020-03-12 12:45:03.209000,1.12089,1.12072,750000,750000
2020-03-12 12:45:03.311000,1.12086,1.1207,750000,750000
2020-03-12 12:45:03.412000,1.12087,1.1207,1500000,750000
2020-03-12 12:45:04.185000,1.12085,1.1207,750000,750000
2020-03-12 12:45:04.287000,1.12086,1.1207,750000,750000
2020-03-12 12:45:04.612000,1.12089,1.1207,750000,750000
2020-03-12 12:45:04.663000,1.12091,1.12079,750000,450000
2020-03-12 12:45:04.764000,1.12091,1.12079,2250000,450000
2020-03-12 12:45:04.865000,1.12091,1.12079,2250000,450000
2020-03-12 12:45:04.966000,1.1209,1.12079,750000,450000
2020-03-12 12:45:05.016000,1.1209,1.12079,750000,450000
2020-03-12 12:45:05.120000,1.1209,1.12079,750000,450000
2020-03-12 12:45:05.221000,1.1209,1.1208,750000,450000
2020-03-12 12:45:05.322000,1.12089,1.1208,1500000,450000
2020-03-12 12:45:05.423000,1.12089,1.12067,800000,750000
2020-03-12 12:45:05.524000,1.12088,1.12067,750000,750000
2020-03-12 12:45:05.574000,1.12076,1.12067,750000,750000
2020-03-12 12:45:05.725000,1.12076,1.12067,750000,750000
2020-03-12 12:45:06.141000,1.12073,1.12067,750000,750000
2020-03-12 12:45:06.242000,1.12073,1.1206,750000,2250000
2020-03-12 12:45:06.715000,1.12073,1.12067,750000,750000
2020-03-12 12:45:06.816000,1.12077,1.12067,750000,750000
2020-03-12 12:45:06.867000,1.12077,1.12067,750000,750000
2020-03-12 12:45:07.069000,1.12075,1.12067,750000,750000
2020-03-12 12:45:07.191000,1.12075,1.12067,750000,750000
2020-03-12 12:45:07.828000,1.12075,1.12067,750000,750000
2020-03-12 12:45:07.878000,1.12075,1.12067,750000,750000
2020-03-12 12:45:07.929000,1.12078,1.12067,750000,750000
2020-03-12 12:45:07.980000,1.12079,1.12075,750000,450000
2020-03-12 12:45:09.002000,1.12079,1.12067,750000,750000
2020-03-12 12:45:09.103000,1.12082,1.1208,750000,300000
2020-03-12 12:45:09.957000,1.12087,1.1208,750000,300000
2020-03-12 12:45:10.007000,1.12087,1.12081,750000,300000
2020-03-12 12:45:10.058000,1.12091,1.12085,750000,300000
2020-03-12 12:45:11.760000,1.12091,1.1208,750000,300000
2020-03-12 12:45:11.861000,1.12091,1.12086,750000,750000
2020-03-12 12:45:12.181000,1.12091,1.12085,750000,750000
2020-03-12 12:45:12.644000,1.12091,1.12086,750000,1500000
2020-03-12 12:45:15.098000,1.12091,1.12088,750000,750000
2020-03-12 12:45:15.149000,1.12092,1.12086,750000,2250000
2020-03-12 12:45:15.798000,1.12092,1.12087,750000,750000
2020-03-12 12:45:15.899000,1.12092,1.12088,750000,750000
2020-03-12 12:45:16.003000,1.12093,1.12087,750000,750000
2020-03-12 12:45:16.269000,1.12094,1.12088,750000,750000
2020-03-12 12:45:16.320000,1.12102,1.12095,370000,750000
2020-03-12 12:45:16.371000,1.12102,1.12091,370000,1500000
2020-03-12 12:45:16.422000,1.12117,1.12091,750000,750000
2020-03-12 12:45:16.472000,1.1212,1.12106,750000,1500000
2020-03-12 12:45:16.574000,1.12137,1.12134,300000,1500000
2020-03-12 12:45:16.625000,1.12213,1.12194,1500000,750000
2020-03-12 12:45:16.676000,1.12233,1.12228,1690000,750000
2020-03-12 12:45:16.727000,1.12243,1.12237,370000,750000
2020-03-12 12:45:16.778000,1.12255,1.12233,2250000,750000
2020-03-12 12:45:16.828000,1.12251,1.12233,750000,750000
2020-03-12 12:45:16.930000,1.12248,1.12239,370000,750000
2020-03-12 12:45:17.031000,1.12249,1.12227,370000,750000
2020-03-12 12:45:17.082000,1.12249,1.1223,370000,750000
2020-03-12 12:45:17.132000,1.12257,1.12233,750000,750000
2020-03-12 12:45:17.184000,1.12257,1.12224,750000,750000
2020-03-12 12:45:17.235000,1.12257,1.12227,750000,750000
2020-03-12 12:45:17.286000,1.12257,1.12225,750000,750000
2020-03-12 12:45:17.337000,1.12257,1.1224,750000,750000
2020-03-12 12:45:17.438000,1.12262,1.12242,1050000,750000
2020-03-12 12:45:17.590000,1.12262,1.1224,1050000,1500000
2020-03-12 12:45:17.694000,1.12261,1.12247,750000,750000
2020-03-12 12:45:17.795000,1.12251,1.12243,750000,750000
2020-03-12 12:45:17.846000,1.12262,1.12248,300000,750000
2020-03-12 12:45:17.947000,1.1227,1.12247,1500000,750000
2020-03-12 12:45:18.048000,1.1227,1.12242,1500000,750000
2020-03-12 12:45:18.201000,1.1227,1.12254,750000,750000
2020-03-12 12:45:18.302000,1.12266,1.1226,750000,370000
2020-03-12 12:45:18.353000,1.1228,1.12271,1120000,750000
2020-03-12 12:45:18.404000,1.12298,1.12281,1870000,1500000
2020-03-12 12:45:18.454000,1.12299,1.12285,750000,750000
2020-03-12 12:45:18.555000,1.12281,1.12264,750000,820000
2020-03-12 12:45:18.606000,1.12303,1.12299,750000,370000
2020-03-12 12:45:18.657000,1.12301,1.12292,370000,750000
2020-03-12 12:45:18.758000,1.12273,1.12268,750000,1500000
2020-03-12 12:45:18.809000,1.12296,1.12281,750000,750000
2020-03-12 12:45:18.859000,1.12292,1.12282,750000,750000
2020-03-12 12:45:18.961000,1.12291,1.1227,750000,750000
2020-03-12 12:45:19.011000,1.12281,1.12276,750000,750000
2020-03-12 12:45:19.062000,1.12283,1.12269,75000,750000
2020-03-12 12:45:19.113000,1.12283,1.1226,75000,940000
2020-03-12 12:45:19.214000,1.12299,1.12278,1500000,1500000
2020-03-12 12:45:19.315000,1.12298,1.12288,750000,370000
2020-03-12 12:45:19.366000,1.123,1.1228,1500000,750000
2020-03-12 12:45:19.417000,1.123,1.12275,750000,750000
2020-03-12 12:45:19.518000,1.12301,1.12274,750000,750000
2020-03-12 12:45:19.621000,1.12303,1.12271,940000,190000
2020-03-12 12:45:19.773000,1.12306,1.12279,750000,1690000
2020-03-12 12:45:19.874000,1.12297,1.1228,370000,750000
2020-03-12 12:45:19.975000,1.12287,1.12273,450000,750000
2020-03-12 12:45:20.026000,1.12303,1.12286,1500000,750000
2020-03-12 12:45:20.077000,1.12303,1.12299,750000,750000
2020-03-12 12:45:20.178000,1.123,1.12296,750000,750000
2020-03-12 12:45:20.228000,1.12317,1.12293,710000,940000
2020-03-12 12:45:20.279000,1.12317,1.12305,710000,1500000
2020-03-12 12:45:20.330000,1.12345,1.12332,1500000,1950000
2020-03-12 12:45:20.380000,1.12364,1.12351,2440000,1200000
2020-03-12 12:45:20.482000,1.12352,1.12351,750000,750000
2020-03-12 12:45:20.533000,1.12332,1.1233,1870000,370000
2020-03-12 12:45:20.584000,1.12332,1.12327,1870000,1120000
2020-03-12 12:45:20.634000,1.12333,1.12331,1870000,370000
2020-03-12 12:45:20.736000,1.12333,1.12331,190000,750000
2020-03-12 12:45:20.786000,1.12342,1.12328,1120000,150000
2020-03-12 12:45:20.837000,1.12346,1.12336,370000,1690000
2020-03-12 12:45:20.888000,1.12355,1.12336,370000,190000
2020-03-12 12:45:20.938000,1.12347,1.1234,300000,190000
2020-03-12 12:45:20.989000,1.12366,1.12347,2550000,100000
2020-03-12 12:45:21.040000,1.12368,1.12361,75000,750000
2020-03-12 12:45:21.141000,1.12368,1.12363,370000,1200000
2020-03-12 12:45:21.192000,1.12357,1.12349,1500000,1650000
2020-03-12 12:45:21.243000,1.12354,1.12352,210000,750000
2020-03-12 12:45:21.294000,1.12354,1.12348,210000,750000
2020-03-12 12:45:21.344000,1.12372,1.12365,370000,750000
2020-03-12 12:45:21.445000,1.12373,1.12368,370000,750000
2020-03-12 12:45:21.496000,1.12373,1.12359,750000,750000
2020-03-12 12:45:21.547000,1.12357,1.12351,750000,750000
2020-03-12 12:45:21.648000,1.12377,1.12363,1500000,1500000
2020-03-12 12:45:21.699000,1.12362,1.12358,750000,300000
2020-03-12 12:45:21.750000,1.12353,1.12344,2250000,750000
2020-03-12 12:45:21.800000,1.12352,1.12348,2250000,750000
2020-03-12 12:45:21.851000,1.12366,1.1236,750000,370000
2020-03-12 12:45:21.952000,1.1238,1.12374,750000,750000
2020-03-12 12:45:22.003000,1.1238,1.1237,370000,750000
2020-03-12 12:45:22.104000,1.12381,1.12366,300000,750000
2020-03-12 12:45:22.155000,1.12381,1.12361,300000,750000
2020-03-12 12:45:22.256000,1.12381,1.12358,490000,750000
2020-03-12 12:45:22.307000,1.12381,1.12365,300000,750000
2020-03-12 12:45:22.358000,1.12388,1.12384,370000,750000
2020-03-12 12:45:22.459000,1.12396,1.12386,370000,750000
2020-03-12 12:45:22.510000,1.12396,1.12381,1120000,3000000
2020-03-12 12:45:22.560000,1.12375,1.12368,750000,750000
2020-03-12 12:45:22.661000,1.12393,1.12373,340000,750000
2020-03-12 12:45:22.712000,1.12416,1.12405,520000,1690000
2020-03-12 12:45:22.813000,1.12411,1.12405,750000,750000
2020-03-12 12:45:22.864000,1.12435,1.12419,1500000,750000
2020-03-12 12:45:22.915000,1.12435,1.12423,2250000,750000
2020-03-12 12:45:22.965000,1.12429,1.12412,750000,750000
2020-03-12 12:45:23.016000,1.12426,1.12411,1500000,2250000
2020-03-12 12:45:23.067000,1.12421,1.12412,750000,750000
2020-03-12 12:45:23.117000,1.12421,1.12407,750000,750000
2020-03-12 12:45:23.168000,1.12411,1.124,750000,940000
2020-03-12 12:45:23.219000,1.12411,1.12399,750000,190000
2020-03-12 12:45:23.270000,1.12436,1.12435,1690000,750000
2020-03-12 12:45:23.320000,1.12438,1.12428,750000,750000
2020-03-12 12:45:23.371000,1.1244,1.12437,750000,750000
2020-03-12 12:45:23.422000,1.1244,1.12431,750000,750000
2020-03-12 12:45:23.473000,1.12447,1.12441,1120000,750000
2020-03-12 12:45:23.523000,1.12447,1.12439,1120000,750000
2020-03-12 12:45:23.574000,1.12447,1.12441,370000,750000
2020-03-12 12:45:23.676000,1.1245,1.12433,100000,940000
2020-03-12 12:45:23.727000,1.12464,1.12445,750000,190000
2020-03-12 12:45:23.777000,1.12462,1.12454,450000,750000
2020-03-12 12:45:23.828000,1.12462,1.1245,450000,750000
2020-03-12 12:45:23.879000,1.12465,1.12449,750000,750000
2020-03-12 12:45:23.929000,1.12466,1.12458,370000,750000
2020-03-12 12:45:23.980000,1.12472,1.12455,190000,2250000
2020-03-12 12:45:24.031000,1.1247,1.12455,750000,2250000
2020-03-12 12:45:24.132000,1.12463,1.12446,750000,750000
2020-03-12 12:45:24.233000,1.12463,1.12457,750000,750000
2020-03-12 12:45:24.284000,1.1247,1.12457,750000,750000
2020-03-12 12:45:24.335000,1.12473,1.12471,750000,370000
2020-03-12 12:45:24.385000,1.12475,1.12471,190000,1120000
2020-03-12 12:45:24.486000,1.1249,1.12487,750000,8470000
2020-03-12 12:45:24.568000,1.12507,1.12493,1050000,750000
2020-03-12 12:45:24.622000,1.12495,1.12486,750000,750000
2020-03-12 12:45:24.673000,1.12491,1.12477,750000,1500000
2020-03-12 12:45:24.724000,1.12496,1.12487,750000,750000
2020-03-12 12:45:24.774000,1.12508,1.1249,750000,450000
2020-03-12 12:45:24.875000,1.12507,1.12494,750000,750000
2020-03-12 12:45:24.977000,1.12511,1.12492,1120000,750000
2020-03-12 12:45:25.027000,1.12507,1.12492,750000,750000
2020-03-12 12:45:25.129000,1.12501,1.1249,370000,450000
2020-03-12 12:45:25.180000,1.12508,1.12487,710000,750000
2020-03-12 12:45:25.231000,1.12495,1.1248,750000,300000
2020-03-12 12:45:25.332000,1.12475,1.12471,750000,750000
2020-03-12 12:45:25.434000,1.12499,1.1249,2620000,190000
2020-03-12 12:45:25.484000,1.12499,1.12495,750000,750000
2020-03-12 12:45:25.535000,1.12511,1.125,1500000,940000
2020-03-12 12:45:25.586000,1.12515,1.12511,750000,750000
2020-03-12 12:45:25.687000,1.12518,1.12505,1500000,750000
2020-03-12 12:45:25.738000,1.12512,1.12502,750000,190000
2020-03-12 12:45:25.839000,1.12509,1.12504,750000,190000
2020-03-12 12:45:25.940000,1.12529,1.12522,750000,150000
2020-03-12 12:45:25.991000,1.12527,1.12513,750000,190000
2020-03-12 12:45:26.042000,1.12525,1.12509,750000,940000
2020-03-12 12:45:26.143000,1.12525,1.1251,750000,1120000
2020-03-12 12:45:26.194000,1.12524,1.12503,710000,1500000
2020-03-12 12:45:26.295000,1.12521,1.12515,750000,1500000
2020-03-12 12:45:26.346000,1.12526,1.12519,750000,750000
2020-03-12 12:45:26.397000,1.12528,1.12515,1120000,750000
2020-03-12 12:45:26.448000,1.12529,1.12526,1310000,750000
2020-03-12 12:45:26.498000,1.12528,1.12525,750000,750000
2020-03-12 12:45:26.549000,1.12529,1.12523,750000,1500000
2020-03-12 12:45:26.650000,1.12529,1.12521,750000,1500000
2020-03-12 12:45:26.701000,1.1254,1.1252,750000,750000
2020-03-12 12:45:26.752000,1.1254,1.12518,750000,940000
2020-03-12 12:45:26.853000,1.1254,1.12516,750000,190000
2020-03-12 12:45:26.904000,1.1254,1.12514,1500000,940000
2020-03-12 12:45:26.954000,1.1254,1.12523,1500000,750000
2020-03-12 12:45:27.055000,1.1254,1.12526,750000,750000
2020-03-12 12:45:27.106000,1.12545,1.12526,370000,750000
2020-03-12 12:45:27.207000,1.12538,1.1253,750000,300000
2020-03-12 12:45:27.309000,1.12549,1.12534,2620000,190000
2020-03-12 12:45:27.359000,1.12557,1.12552,750000,190000
2020-03-12 12:45:27.410000,1.12554,1.1255,750000,750000
2020-03-12 12:45:27.461000,1.12587,1.12586,1120000,750000
2020-03-12 12:45:27.512000,1.12606,1.12588,100000,750000
2020-03-12 12:45:27.563000,1.1261,1.12589,1500000,100000
2020-03-12 12:45:27.613000,1.12595,1.12589,750000,100000
2020-03-12 12:45:27.664000,1.12599,1.12593,750000,750000
2020-03-12 12:45:27.715000,1.12603,1.12599,370000,190000
2020-03-12 12:45:27.765000,1.1259,1.12586,750000,1500000
2020-03-12 12:45:27.816000,1.12594,1.12592,370000,1500000
2020-03-12 12:45:27.867000,1.12588,1.12582,750000,750000
2020-03-12 12:45:27.918000,1.12598,1.12593,1120000,750000
2020-03-12 12:45:28.069000,1.126,1.12593,750000,1500000
2020-03-12 12:45:28.120000,1.12597,1.12594,750000,1500000
2020-03-12 12:45:28.222000,1.12596,1.12584,1500000,750000
2020-03-12 12:45:28.323000,1.12601,1.12599,750000,940000
2020-03-12 12:45:28.374000,1.12606,1.12597,750000,750000
2020-03-12 12:45:28.424000,1.126,1.12597,750000,750000
2020-03-12 12:45:28.475000,1.12593,1.12586,750000,750000
2020-03-12 12:45:28.577000,1.12607,1.12601,300000,750000
2020-03-12 12:45:28.679000,1.12609,1.12601,1760000,1500000
2020-03-12 12:45:28.781000,1.12609,1.12604,2510000,370000
2020-03-12 12:45:28.883000,1.12609,1.126,2510000,300000
2020-03-12 12:45:28.934000,1.126,1.12599,750000,300000
2020-03-12 12:45:29.036000,1.12595,1.12579,750000,190000
2020-03-12 12:45:29.087000,1.12593,1.12582,940000,370000
2020-03-12 12:45:29.188000,1.12591,1.12582,750000,370000
2020-03-12 12:45:29.239000,1.12595,1.12582,1500000,370000
2020-03-12 12:45:29.290000,1.12595,1.12569,3000000,750000
2020-03-12 12:45:29.341000,1.12595,1.12588,1500000,1500000
2020-03-12 12:45:29.391000,1.12604,1.12591,370000,750000
2020-03-12 12:45:29.442000,1.12604,1.12588,370000,750000
2020-03-12 12:45:29.493000,1.12603,1.12582,710000,370000
2020-03-12 12:45:29.695000,1.12603,1.12589,710000,750000
2020-03-12 12:45:29.746000,1.12602,1.12582,190000,370000
2020-03-12 12:45:29.797000,1.12602,1.12584,190000,2250000
2020-03-12 12:45:29.898000,1.12609,1.12607,750000,940000
2020-03-12 12:45:29.949000,1.12617,1.12611,3750000,940000
2020-03-12 12:45:30,1.12626,1.12615,750000,750000
2020-03-12 12:45:30.050000,1.12621,1.12617,750000,750000
2020-03-12 12:45:30.101000,1.12638,1.1263,1120000,750000
2020-03-12 12:45:30.152000,1.12638,1.12625,1120000,750000
2020-03-12 12:45:30.203000,1.12643,1.12624,750000,750000
2020-03-12 12:45:30.254000,1.12643,1.12628,750000,750000
2020-03-12 12:45:30.304000,1.12646,1.1263,750000,750000
2020-03-12 12:45:30.355000,1.12637,1.12634,750000,750000
2020-03-12 12:45:30.406000,1.1262,1.12613,750000,750000
2020-03-12 12:45:30.457000,1.1262,1.12608,750000,370000
2020-03-12 12:45:30.508000,1.12621,1.12606,370000,370000
2020-03-12 12:45:30.558000,1.12621,1.12609,370000,370000
2020-03-12 12:45:30.659000,1.12624,1.12614,750000,370000
2020-03-12 12:45:30.710000,1.12645,1.12627,370000,1500000
2020-03-12 12:45:30.761000,1.12657,1.12655,3000000,750000
2020-03-12 12:45:30.812000,1.12682,1.1266,1500000,750000
2020-03-12 12:45:30.862000,1.12659,1.12647,750000,6820000
2020-03-12 12:45:30.913000,1.12669,1.12649,190000,750000
2020-03-12 12:45:30.964000,1.12666,1.12654,750000,750000
2020-03-12 12:45:31.014000,1.12678,1.12672,3380000,750000
2020-03-12 12:45:31.065000,1.12692,1.12684,750000,750000
2020-03-12 12:45:31.116000,1.12726,1.1272,370000,750000
2020-03-12 12:45:31.167000,1.12752,1.12739,750000,750000
2020-03-12 12:45:31.220000,1.12746,1.1274,750000,750000
2020-03-12 12:45:31.270000,1.12744,1.12736,750000,1500000
2020-03-12 12:45:31.321000,1.12743,1.12739,1120000,190000
2020-03-12 12:45:31.372000,1.12737,1.12735,750000,190000
2020-03-12 12:45:31.423000,1.12743,1.12736,750000,190000
2020-03-12 12:45:31.474000,1.12743,1.12725,190000,2550000
2020-03-12 12:45:31.524000,1.1272,1.12714,750000,750000
2020-03-12 12:45:31.626000,1.12715,1.12713,750000,370000
2020-03-12 12:45:31.676000,1.12708,1.12707,300000,190000
2020-03-12 12:45:31.727000,1.12711,1.12706,1500000,940000
2020-03-12 12:45:31.778000,1.12715,1.12708,750000,750000
2020-03-12 12:45:31.879000,1.12717,1.12703,450000,1120000
2020-03-12 12:45:31.980000,1.12715,1.12706,1120000,750000
2020-03-12 12:45:32.082000,1.12717,1.12715,750000,750000
2020-03-12 12:45:32.132000,1.12733,1.12731,750000,750000
2020-03-12 12:45:32.183000,1.12734,1.1272,1500000,750000
2020-03-12 12:45:32.234000,1.12728,1.12725,750000,300000
2020-03-12 12:45:32.321000,1.12748,1.12743,370000,2250000
2020-03-12 12:45:32.374000,1.12754,1.12743,750000,750000
2020-03-12 12:45:32.475000,1.12751,1.12744,750000,190000
2020-03-12 12:45:32.526000,1.12755,1.12744,710000,750000
2020-03-12 12:45:32.578000,1.12755,1.12746,710000,750000
2020-03-12 12:45:32.629000,1.12759,1.12756,370000,6640000
2020-03-12 12:45:32.680000,1.12763,1.12761,2210000,190000
2020-03-12 12:45:32.731000,1.12766,1.12764,940000,750000
2020-03-12 12:45:32.782000,1.12774,1.12769,370000,750000
2020-03-12 12:45:32.883000,1.12778,1.12775,750000,190000
2020-03-12 12:45:32.934000,1.12774,1.12771,750000,190000
2020-03-12 12:45:32.985000,1.12777,1.12774,750000,190000
2020-03-12 12:45:33.036000,1.12774,1.12767,750000,750000
2020-03-12 12:45:33.087000,1.12772,1.12767,750000,750000
2020-03-12 12:45:33.188000,1.12767,1.12762,2250000,1500000
2020-03-12 12:45:33.239000,1.1277,1.12769,750000,1500000
2020-03-12 12:45:33.290000,1.12773,1.12767,750000,3560000
2020-03-12 12:45:33.391000,1.12778,1.12773,190000,7200000
2020-03-12 12:45:33.442000,1.12792,1.12787,670000,1500000
2020-03-12 12:45:33.543000,1.12796,1.1279,750000,450000
2020-03-12 12:45:33.645000,1.12786,1.12782,750000,190000
2020-03-12 12:45:33.696000,1.12791,1.12781,750000,2250000
2020-03-12 12:45:33.746000,1.12788,1.12782,750000,750000
2020-03-12 12:45:33.797000,1.12785,1.12777,750000,750000
2020-03-12 12:45:33.848000,1.128,1.1279,1500000,190000
2020-03-12 12:45:33.899000,1.12798,1.12786,750000,190000
2020-03-12 12:45:33.950000,1.12798,1.12796,300000,190000
2020-03-12 12:45:34.051000,1.12805,1.12802,750000,1120000
2020-03-12 12:45:34.153000,1.12809,1.12806,1500000,190000
2020-03-12 12:45:34.254000,1.12808,1.12804,750000,190000
2020-03-12 12:45:34.355000,1.12807,1.12805,750000,750000
2020-03-12 12:45:34.406000,1.12809,1.12805,1500000,190000
2020-03-12 12:45:34.509000,1.12812,1.12809,300000,190000
2020-03-12 12:45:34.610000,1.12828,1.12825,750000,190000
2020-03-12 12:45:34.661000,1.12831,1.12825,750000,190000
2020-03-12 12:45:34.712000,1.12831,1.12823,750000,1500000
2020-03-12 12:45:34.814000,1.12824,1.12821,750000,190000
2020-03-12 12:45:34.865000,1.12827,1.12825,750000,190000
2020-03-12 12:45:34.916000,1.12825,1.12819,750000,190000
2020-03-12 12:45:34.967000,1.12822,1.12816,750000,750000
2020-03-12 12:45:35.018000,1.12822,1.12812,370000,190000
2020-03-12 12:45:35.119000,1.12822,1.12813,370000,940000
2020-03-12 12:45:35.220000,1.12822,1.12816,370000,2440000
2020-03-12 12:45:35.322000,1.12822,1.12817,370000,190000
2020-03-12 12:45:35.374000,1.12822,1.1281,370000,300000
2020-03-12 12:45:35.425000,1.12804,1.12796,750000,1500000
2020-03-12 12:45:35.475000,1.12822,1.12816,790000,2440000
2020-03-12 12:45:35.526000,1.12831,1.12823,1500000,1500000
2020-03-12 12:45:35.577000,1.12829,1.12823,750000,1500000
2020-03-12 12:45:35.628000,1.1283,1.12813,1500000,190000
2020-03-12 12:45:35.729000,1.12836,1.12827,750000,750000
2020-03-12 12:45:35.780000,1.12823,1.1281,750000,190000
2020-03-12 12:45:35.831000,1.12831,1.12802,750000,750000
2020-03-12 12:45:35.882000,1.1283,1.12806,750000,190000
2020-03-12 12:45:35.984000,1.12829,1.12817,750000,1500000
2020-03-12 12:45:36.035000,1.12833,1.12816,750000,1690000
2020-03-12 12:45:36.085000,1.12837,1.12835,750000,190000
2020-03-12 12:45:36.136000,1.1283,1.12827,750000,190000
2020-03-12 12:45:36.187000,1.12833,1.12828,1500000,2440000
2020-03-12 12:45:36.238000,1.12836,1.12833,750000,750000
2020-03-12 12:45:36.340000,1.12834,1.12827,1690000,190000
2020-03-12 12:45:36.391000,1.12838,1.12834,1120000,1500000
2020-03-12 12:45:36.442000,1.12841,1.12838,750000,190000
2020-03-12 12:45:36.543000,1.12832,1.12831,750000,1120000
2020-03-12 12:45:36.594000,1.12836,1.12829,750000,190000
2020-03-12 12:45:36.644000,1.12833,1.1283,1500000,190000
2020-03-12 12:45:36.746000,1.12838,1.12831,750000,190000
2020-03-12 12:45:36.797000,1.12839,1.12836,1500000,190000
2020-03-12 12:45:36.849000,1.12828,1.12826,750000,190000
2020-03-12 12:45:36.900000,1.1283,1.12827,750000,1500000
2020-03-12 12:45:36.951000,1.12831,1.12829,750000,1500000
2020-03-12 12:45:37.002000,1.1283,1.12818,750000,1500000
2020-03-12 12:45:37.053000,1.12841,1.12839,750000,190000
2020-03-12 12:45:37.104000,1.12841,1.12837,750000,190000
2020-03-12 12:45:37.155000,1.12839,1.12831,750000,190000
2020-03-12 12:45:37.206000,1.12839,1.12827,750000,750000
2020-03-12 12:45:37.257000,1.12843,1.12841,370000,1690000
2020-03-12 12:45:37.308000,1.12845,1.12841,1500000,1500000
2020-03-12 12:45:37.409000,1.12851,1.12838,750000,1690000
2020-03-12 12:45:37.460000,1.12843,1.12838,750000,940000
2020-03-12 12:45:37.511000,1.12847,1.12838,940000,940000
2020-03-12 12:45:37.562000,1.12843,1.12838,750000,190000
2020-03-12 12:45:37.612000,1.12833,1.12831,750000,940000
2020-03-12 12:45:37.663000,1.12825,1.12821,370000,750000
2020-03-12 12:45:37.714000,1.1282,1.12797,750000,3750000
2020-03-12 12:45:37.765000,1.12812,1.1281,750000,450000
2020-03-12 12:45:37.816000,1.12833,1.1281,1500000,450000
2020-03-12 12:45:37.867000,1.12838,1.1281,1120000,450000
2020-03-12 12:45:37.968000,1.12832,1.1281,750000,300000
2020-03-12 12:45:38.069000,1.12817,1.12802,370000,450000
2020-03-12 12:45:38.120000,1.12787,1.12768,750000,750000
2020-03-12 12:45:38.171000,1.12781,1.12775,750000,1120000
2020-03-12 12:45:38.272000,1.12783,1.1277,750000,2250000
2020-03-12 12:45:38.323000,1.12797,1.12774,750000,750000
2020-03-12 12:45:38.374000,1.12781,1.12774,750000,1500000
2020-03-12 12:45:38.475000,1.12815,1.1281,1050000,940000
2020-03-12 12:45:38.526000,1.12826,1.12823,1240000,750000
2020-03-12 12:45:38.577000,1.12832,1.12825,750000,750000
2020-03-12 12:45:38.678000,1.12838,1.1283,750000,750000
2020-03-12 12:45:38.729000,1.12844,1.12842,750000,750000
2020-03-12 12:45:38.779000,1.12844,1.12839,750000,190000
2020-03-12 12:45:38.830000,1.1284,1.12836,750000,750000
2020-03-12 12:45:38.881000,1.12845,1.12836,1500000,750000
2020-03-12 12:45:38.932000,1.12838,1.1283,750000,750000
2020-03-12 12:45:38.983000,1.12829,1.12825,75000,750000
2020-03-12 12:45:39.033000,1.12846,1.1284,750000,2020000
2020-03-12 12:45:39.084000,1.1285,1.12844,2250000,1500000
2020-03-12 12:45:39.185000,1.12848,1.12843,750000,810000
2020-03-12 12:45:39.287000,1.12836,1.12826,750000,1560000
2020-03-12 12:45:39.338000,1.12833,1.12826,750000,750000
2020-03-12 12:45:39.439000,1.1282,1.12816,750000,190000
2020-03-12 12:45:39.490000,1.1281,1.12808,750000,750000
2020-03-12 12:45:39.540000,1.12808,1.12802,750000,750000
2020-03-12 12:45:39.591000,1.12804,1.12801,750000,750000
2020-03-12 12:45:39.642000,1.12804,1.12795,1500000,1500000
2020-03-12 12:45:39.693000,1.12797,1.12795,750000,750000
2020-03-12 12:45:39.744000,1.12795,1.12789,1500000,190000
2020-03-12 12:45:39.795000,1.12782,1.1278,1690000,190000
2020-03-12 12:45:39.846000,1.12777,1.12775,750000,750000
2020-03-12 12:45:39.948000,1.12764,1.12759,750000,750000
2020-03-12 12:45:39.999000,1.12764,1.12747,750000,2250000
2020-03-12 12:45:40.050000,1.12759,1.12742,940000,750000
2020-03-12 12:45:40.151000,1.12739,1.12735,750000,370000
2020-03-12 12:45:40.202000,1.12735,1.12723,750000,370000
2020-03-12 12:45:40.253000,1.1273,1.12721,370000,2060000
2020-03-12 12:45:40.304000,1.1274,1.12731,750000,750000
2020-03-12 12:45:40.405000,1.12754,1.1275,1500000,190000
2020-03-12 12:45:40.456000,1.12769,1.12755,370000,750000
2020-03-12 12:45:40.507000,1.12781,1.12778,190000,1500000
2020-03-12 12:45:40.558000,1.1278,1.12773,750000,190000
2020-03-12 12:45:40.661000,1.12778,1.12771,190000,750000
2020-03-12 12:45:40.711000,1.1278,1.12766,750000,750000
2020-03-12 12:45:40.813000,1.12772,1.12765,750000,300000
2020-03-12 12:45:40.864000,1.12767,1.12755,750000,1500000
2020-03-12 12:45:40.915000,1.12765,1.12757,750000,190000
2020-03-12 12:45:40.967000,1.12768,1.12755,750000,300000
2020-03-12 12:45:41.018000,1.12768,1.12757,750000,370000
2020-03-12 12:45:41.069000,1.12779,1.12759,750000,2250000
2020-03-12 12:45:41.171000,1.12766,1.12763,750000,1500000
2020-03-12 12:45:41.221000,1.12761,1.12752,750000,750000
2020-03-12 12:45:41.272000,1.12748,1.12742,370000,1500000
2020-03-12 12:45:41.323000,1.12747,1.1274,750000,2440000
2020-03-12 12:45:41.374000,1.12747,1.12738,750000,1500000
2020-03-12 12:45:41.475000,1.12746,1.12737,750000,1500000
2020-03-12 12:45:41.526000,1.12744,1.12736,750000,1500000
2020-03-12 12:45:41.627000,1.12744,1.12737,750000,1500000
2020-03-12 12:45:41.678000,1.12746,1.12737,1690000,1500000
2020-03-12 12:45:41.779000,1.12746,1.12736,750000,1500000
2020-03-12 12:45:41.880000,1.12748,1.12735,370000,1500000
2020-03-12 12:45:41.982000,1.12739,1.12735,750000,1500000
2020-03-12 12:45:42.032000,1.12733,1.1273,1690000,190000
2020-03-12 12:45:42.083000,1.12721,1.12718,750000,190000
2020-03-12 12:45:42.134000,1.12722,1.12715,750000,750000
2020-03-12 12:45:42.185000,1.12717,1.12714,750000,750000
2020-03-12 12:45:42.236000,1.12718,1.12709,750000,1050000
2020-03-12 12:45:42.287000,1.12718,1.12707,750000,190000
2020-03-12 12:45:42.338000,1.12718,1.12709,1500000,1500000
2020-03-12 12:45:42.439000,1.12713,1.12709,750000,750000
2020-03-12 12:45:42.490000,1.12719,1.12712,750000,1500000
2020-03-12 12:45:42.591000,1.12714,1.1271,750000,190000
2020-03-12 12:45:42.642000,1.12705,1.12704,750000,750000
2020-03-12 12:45:42.693000,1.12706,1.12703,1120000,1500000
2020-03-12 12:45:42.744000,1.12699,1.12697,750000,1500000
2020-03-12 12:45:42.796000,1.12698,1.12689,750000,750000
2020-03-12 12:45:42.847000,1.12697,1.12691,750000,1500000
2020-03-12 12:45:42.998000,1.12698,1.12689,750000,1500000
2020-03-12 12:45:43.049000,1.12693,1.1269,940000,190000
2020-03-12 12:45:43.150000,1.12671,1.12666,750000,1500000
2020-03-12 12:45:43.201000,1.1266,1.12658,7610000,370000
2020-03-12 12:45:43.252000,1.1265,1.12632,750000,1500000
2020-03-12 12:45:43.303000,1.12641,1.12632,750000,750000
2020-03-12 12:45:43.353000,1.12641,1.12629,750000,750000
2020-03-12 12:45:43.404000,1.12632,1.1263,750000,2250000
2020-03-12 12:45:43.455000,1.12637,1.12632,750000,2250000
2020-03-12 12:45:43.506000,1.12636,1.12629,750000,2250000
2020-03-12 12:45:43.607000,1.12645,1.12639,750000,300000
2020-03-12 12:45:43.708000,1.12646,1.12639,750000,300000
2020-03-12 12:45:43.809000,1.12648,1.12639,750000,300000
2020-03-12 12:45:43.860000,1.12645,1.12639,750000,300000
2020-03-12 12:45:43.961000,1.12642,1.12638,750000,300000
2020-03-12 12:45:44.012000,1.12644,1.12634,750000,300000
2020-03-12 12:45:44.113000,1.12643,1.12634,750000,300000
2020-03-12 12:45:44.214000,1.12642,1.12634,750000,300000
2020-03-12 12:45:44.265000,1.12639,1.12634,750000,300000
2020-03-12 12:45:44.367000,1.12638,1.12634,1120000,300000
2020-03-12 12:45:44.468000,1.12634,1.1263,750000,300000
2020-03-12 12:45:44.518000,1.12635,1.12629,190000,2250000
2020-03-12 12:45:44.621000,1.12632,1.12621,190000,1500000
2020-03-12 12:45:44.672000,1.12631,1.12623,750000,1120000
2020-03-12 12:45:44.723000,1.12633,1.12627,750000,1120000
2020-03-12 12:45:44.824000,1.12621,1.12618,750000,300000
2020-03-12 12:45:44.875000,1.12615,1.12609,750000,370000
2020-03-12 12:45:44.925000,1.12613,1.12609,750000,370000
2020-03-12 12:45:45.026000,1.12602,1.12599,1500000,750000
2020-03-12 12:45:45.077000,1.12601,1.12596,190000,750000
2020-03-12 12:45:45.128000,1.12594,1.12587,190000,1500000
2020-03-12 12:45:45.179000,1.12595,1.1259,750000,750000
2020-03-12 12:45:45.229000,1.12597,1.12593,1120000,750000
2020-03-12 12:45:45.280000,1.12599,1.12593,750000,450000
2020-03-12 12:45:45.381000,1.12598,1.12592,750000,450000
2020-03-12 12:45:45.432000,1.12595,1.1259,190000,450000
2020-03-12 12:45:45.483000,1.12592,1.12584,190000,300000
2020-03-12 12:45:45.533000,1.12599,1.12595,750000,1500000
2020-03-12 12:45:45.635000,1.12596,1.12589,940000,750000
2020-03-12 12:45:45.686000,1.12585,1.12568,190000,370000
2020-03-12 12:45:45.738000,1.1259,1.12582,750000,750000
2020-03-12 12:45:45.789000,1.12593,1.12583,750000,750000
2020-03-12 12:45:45.890000,1.12593,1.12579,750000,1120000
2020-03-12 12:45:46.042000,1.1259,1.12579,750000,1120000
2020-03-12 12:45:46.143000,1.12576,1.12571,1690000,300000
2020-03-12 12:45:46.194000,1.12555,1.1255,750000,190000
2020-03-12 12:45:46.245000,1.12562,1.12558,3940000,300000
2020-03-12 12:45:46.296000,1.12559,1.12551,750000,260000
2020-03-12 12:45:46.347000,1.12562,1.12559,370000,750000
2020-03-12 12:45:46.397000,1.12562,1.12558,370000,750000
2020-03-12 12:45:46.499000,1.12563,1.12559,940000,190000
2020-03-12 12:45:46.600000,1.12565,1.12559,940000,1690000
2020-03-12 12:45:46.741000,1.12562,1.12556,750000,190000
2020-03-12 12:45:46.793000,1.12555,1.12554,750000,750000
2020-03-12 12:45:46.894000,1.12559,1.12557,750000,190000
2020-03-12 12:45:46.995000,1.12558,1.12557,750000,190000
2020-03-12 12:45:47.046000,1.1256,1.12558,750000,190000
2020-03-12 12:45:47.097000,1.1256,1.12556,750000,1500000
2020-03-12 12:45:47.299000,1.12561,1.12557,750000,1500000
2020-03-12 12:45:47.400000,1.12561,1.1256,750000,190000
2020-03-12 12:45:47.451000,1.12565,1.1256,900000,1120000
2020-03-12 12:45:47.502000,1.12571,1.12558,750000,750000
2020-03-12 12:45:47.552000,1.12566,1.12558,750000,750000
2020-03-12 12:45:47.654000,1.1257,1.12563,940000,1500000
2020-03-12 12:45:47.755000,1.12571,1.12566,750000,1500000
2020-03-12 12:45:47.856000,1.12565,1.12561,940000,2060000
2020-03-12 12:45:47.907000,1.12562,1.12556,940000,1500000
2020-03-12 12:45:47.958000,1.12563,1.1256,940000,190000
2020-03-12 12:45:48.059000,1.12575,1.12559,1870000,1500000
2020-03-12 12:45:48.110000,1.12578,1.12568,750000,1500000
2020-03-12 12:45:48.211000,1.12581,1.1257,300000,1500000
2020-03-12 12:45:48.312000,1.12582,1.1257,750000,1500000
2020-03-12 12:45:48.363000,1.12583,1.12573,370000,190000
2020-03-12 12:45:48.464000,1.12585,1.12582,750000,1500000
2020-03-12 12:45:48.515000,1.12596,1.12592,1120000,1500000
2020-03-12 12:45:48.566000,1.12596,1.12595,750000,1500000
2020-03-12 12:45:48.617000,1.126,1.12595,750000,1500000
2020-03-12 12:45:48.718000,1.12594,1.12589,750000,1120000
2020-03-12 12:45:48.819000,1.12593,1.12591,750000,750000
2020-03-12 12:45:48.921000,1.12592,1.12579,750000,2250000
2020-03-12 12:45:48.971000,1.1259,1.12581,750000,1500000
2020-03-12 12:45:49.073000,1.12592,1.12578,1500000,1690000
2020-03-12 12:45:49.123000,1.12582,1.12576,750000,750000
2020-03-12 12:45:49.225000,1.12579,1.1257,190000,750000
2020-03-12 12:45:49.276000,1.12586,1.12578,2620000,750000
2020-03-12 12:45:49.326000,1.12592,1.12591,1500000,750000
2020-03-12 12:45:49.377000,1.12602,1.12598,2620000,750000
2020-03-12 12:45:49.428000,1.12606,1.12601,370000,750000
2020-03-12 12:45:49.478000,1.12627,1.12611,370000,750000
2020-03-12 12:45:49.529000,1.12623,1.12613,750000,750000
2020-03-12 12:45:49.580000,1.1263,1.12613,1120000,750000
2020-03-12 12:45:49.631000,1.12623,1.12608,750000,370000
2020-03-12 12:45:49.681000,1.12625,1.12608,370000,370000
2020-03-12 12:45:49.786000,1.12625,1.12611,370000,940000
2020-03-12 12:45:49.887000,1.12625,1.12609,750000,1690000
2020-03-12 12:45:49.938000,1.12621,1.12616,190000,750000
2020-03-12 12:45:49.989000,1.12622,1.12607,190000,1500000
2020-03-12 12:45:50.040000,1.12621,1.12609,750000,190000
2020-03-12 12:45:50.091000,1.12621,1.12604,750000,370000
2020-03-12 12:45:50.142000,1.12623,1.12607,750000,1500000
2020-03-12 12:45:50.243000,1.12612,1.12596,750000,1690000
2020-03-12 12:45:50.344000,1.12617,1.12609,750000,1500000
2020-03-12 12:45:50.395000,1.12624,1.12612,1500000,190000
2020-03-12 12:45:50.446000,1.12626,1.12611,1120000,370000
2020-03-12 12:45:50.496000,1.12624,1.12623,750000,1500000
2020-03-12 12:45:50.547000,1.12621,1.12617,750000,1500000
2020-03-12 12:45:50.598000,1.12619,1.12613,750000,3750000
2020-03-12 12:45:50.699000,1.12619,1.12614,750000,1500000
2020-03-12 12:45:50.750000,1.12622,1.12606,190000,750000
2020-03-12 12:45:50.801000,1.12626,1.12606,300000,750000
2020-03-12 12:45:50.902000,1.12626,1.12603,300000,370000
2020-03-12 12:45:50.952000,1.12617,1.12607,750000,1500000
2020-03-12 12:45:51.003000,1.1262,1.12609,750000,1500000
2020-03-12 12:45:51.054000,1.12621,1.12616,1120000,1500000
2020-03-12 12:45:51.105000,1.12621,1.12605,1120000,370000
2020-03-12 12:45:51.206000,1.12626,1.1261,300000,750000
2020-03-12 12:45:51.257000,1.12635,1.12623,1870000,370000
2020-03-12 12:45:51.358000,1.1263,1.12626,750000,1500000
2020-03-12 12:45:51.409000,1.12633,1.12627,750000,1500000
2020-03-12 12:45:51.513000,1.12633,1.12619,750000,300000
2020-03-12 12:45:51.564000,1.12635,1.12624,750000,1500000
2020-03-12 12:45:51.665000,1.12638,1.12637,750000,190000
2020-03-12 12:45:51.716000,1.1264,1.12636,1690000,190000
2020-03-12 12:45:51.817000,1.12646,1.12644,1870000,190000
2020-03-12 12:45:51.919000,1.12638,1.12636,750000,1500000
2020-03-12 12:45:51.969000,1.12633,1.12631,8170000,750000
2020-03-12 12:45:52.020000,1.12621,1.12615,750000,370000
2020-03-12 12:45:52.071000,1.12618,1.12613,750000,750000
2020-03-12 12:45:52.121000,1.1262,1.12605,750000,190000
2020-03-12 12:45:52.324000,1.1262,1.12606,750000,750000
2020-03-12 12:45:52.428000,1.12623,1.1261,750000,750000
2020-03-12 12:45:52.478000,1.12625,1.1261,750000,750000
2020-03-12 12:45:52.529000,1.12613,1.12608,370000,750000
2020-03-12 12:45:52.630000,1.12623,1.12608,750000,750000
2020-03-12 12:45:52.833000,1.12625,1.12615,750000,750000
2020-03-12 12:45:53.135000,1.12625,1.12614,750000,750000
2020-03-12 12:45:53.237000,1.12617,1.12612,750000,750000
2020-03-12 12:45:53.338000,1.12618,1.12607,750000,750000
2020-03-12 12:45:53.389000,1.12619,1.12615,750000,750000
2020-03-12 12:45:53.440000,1.12626,1.1262,750000,750000
2020-03-12 12:45:53.541000,1.12635,1.12624,750000,750000
2020-03-12 12:45:53.592000,1.12632,1.12629,750000,1500000
2020-03-12 12:45:53.643000,1.12637,1.1263,750000,190000
2020-03-12 12:45:53.695000,1.12638,1.12622,750000,370000
2020-03-12 12:45:53.798000,1.12635,1.12621,750000,750000
2020-03-12 12:45:53.899000,1.12634,1.12623,750000,750000
2020-03-12 12:45:54,1.12625,1.12618,1500000,750000
2020-03-12 12:45:54.051000,1.12625,1.12615,1500000,750000
2020-03-12 12:45:54.152000,1.12625,1.12614,1500000,750000
2020-03-12 12:45:54.467000,1.1262,1.12611,750000,750000
2020-03-12 12:45:54.518000,1.12609,1.12607,750000,370000
2020-03-12 12:45:54.569000,1.12596,1.12588,750000,1870000
2020-03-12 12:45:54.620000,1.12582,1.1258,750000,370000
2020-03-12 12:45:54.670000,1.12579,1.12575,750000,1500000
2020-03-12 12:45:54.721000,1.12577,1.12575,370000,1500000
2020-03-12 12:45:54.772000,1.12551,1.12542,750000,1690000
2020-03-12 12:45:54.823000,1.12537,1.12535,6600000,190000
2020-03-12 12:45:54.873000,1.12526,1.12524,750000,750000
2020-03-12 12:45:54.924000,1.12526,1.1252,750000,1500000
2020-03-12 12:45:54.975000,1.12524,1.12521,750000,1500000
2020-03-12 12:45:55.026000,1.12536,1.12522,750000,190000
2020-03-12 12:45:55.077000,1.12532,1.12529,750000,750000
2020-03-12 12:45:55.127000,1.12534,1.1253,750000,750000
2020-03-12 12:45:55.178000,1.12536,1.12527,750000,190000
2020-03-12 12:45:55.230000,1.12536,1.12525,750000,190000
2020-03-12 12:45:55.331000,1.12528,1.12523,750000,750000
2020-03-12 12:45:55.433000,1.12526,1.12519,3000000,450000
2020-03-12 12:45:55.483000,1.12518,1.12516,750000,1500000
2020-03-12 12:45:55.534000,1.12522,1.12519,750000,1500000
2020-03-12 12:45:55.635000,1.12527,1.12522,750000,190000
2020-03-12 12:45:55.686000,1.12527,1.12516,750000,940000
2020-03-12 12:45:55.737000,1.12518,1.12515,100000,750000
2020-03-12 12:45:55.889000,1.12518,1.12515,100000,1500000
2020-03-12 12:45:55.940000,1.12524,1.12519,750000,1500000
2020-03-12 12:45:56.041000,1.12524,1.12514,750000,3000000
2020-03-12 12:45:56.142000,1.12524,1.12511,750000,750000
2020-03-12 12:45:56.294000,1.12527,1.12517,750000,370000
2020-03-12 12:45:56.345000,1.12526,1.12514,750000,190000
2020-03-12 12:45:56.503000,1.12523,1.12516,1500000,750000
2020-03-12 12:45:56.554000,1.12527,1.12516,750000,1500000
2020-03-12 12:45:56.706000,1.12528,1.12516,750000,2250000
2020-03-12 12:45:56.909000,1.12527,1.12516,750000,1500000
2020-03-12 12:45:57.010000,1.12528,1.12516,750000,1500000
2020-03-12 12:45:57.111000,1.12535,1.12532,750000,750000
2020-03-12 12:45:57.162000,1.12544,1.12535,370000,1240000
2020-03-12 12:45:57.263000,1.12549,1.12536,750000,750000
2020-03-12 12:45:57.314000,1.12549,1.12544,940000,750000
2020-03-12 12:45:57.365000,1.12557,1.12545,750000,750000
2020-03-12 12:45:57.466000,1.12555,1.1255,750000,1500000
2020-03-12 12:45:57.567000,1.12557,1.12554,750000,1500000
2020-03-12 12:45:57.669000,1.12554,1.12548,750000,370000
2020-03-12 12:45:57.720000,1.12552,1.12548,750000,1870000
2020-03-12 12:45:57.871000,1.12561,1.12554,680000,750000
2020-03-12 12:45:57.973000,1.12568,1.12565,750000,190000
2020-03-12 12:45:58.024000,1.12571,1.12568,750000,190000
2020-03-12 12:45:58.125000,1.12567,1.12564,750000,2250000
2020-03-12 12:45:58.177000,1.12562,1.12559,940000,190000
2020-03-12 12:45:58.228000,1.12557,1.12554,750000,750000
2020-03-12 12:45:58.280000,1.12548,1.12546,750000,190000
2020-03-12 12:45:58.331000,1.12544,1.12542,750000,1490000
2020-03-12 12:45:58.382000,1.12537,1.12535,750000,750000
2020-03-12 12:45:58.484000,1.12535,1.12521,750000,940000
2020-03-12 12:45:58.586000,1.12534,1.12521,750000,190000
2020-03-12 12:45:58.637000,1.12539,1.12519,2250000,1690000
2020-03-12 12:45:58.689000,1.12539,1.12529,750000,450000
2020-03-12 12:45:58.841000,1.12538,1.12529,750000,450000
2020-03-12 12:45:58.993000,1.12538,1.1253,750000,450000
2020-03-12 12:45:59.094000,1.1255,1.12545,3000000,1500000
2020-03-12 12:45:59.145000,1.1255,1.12541,3000000,1500000
2020-03-12 12:45:59.196000,1.12554,1.12542,750000,1500000
2020-03-12 12:45:59.247000,1.12549,1.1254,750000,2250000
2020-03-12 12:45:59.348000,1.12549,1.12538,1500000,1500000
2020-03-12 12:45:59.399000,1.12549,1.1254,1500000,1500000
2020-03-12 12:45:59.500000,1.12548,1.12539,750000,1500000
2020-03-12 12:45:59.631000,1.12549,1.12543,100000,1500000
2020-03-12 12:45:59.732000,1.12548,1.12541,750000,1500000
2020-03-12 12:45:59.782000,1.12534,1.12532,750000,370000
2020-03-12 12:45:59.884000,1.12536,1.12532,750000,1500000
2020-03-12 12:45:59.985000,1.12537,1.12528,940000,190000
2020-03-12 12:46:00.036000,1.12536,1.12531,940000,190000
2020-03-12 12:46:00.086000,1.1254,1.12534,3370000,1500000
2020-03-12 12:46:00.137000,1.12537,1.12529,1690000,1500000
2020-03-12 12:46:00.188000,1.12537,1.12527,750000,1500000
2020-03-12 12:46:00.239000,1.1253,1.12526,750000,2250000
2020-03-12 12:46:00.290000,1.12529,1.12524,750000,820000
2020-03-12 12:46:00.340000,1.12527,1.12523,750000,450000
2020-03-12 12:46:00.391000,1.12521,1.12514,750000,1500000
2020-03-12 12:46:00.442000,1.12516,1.12514,750000,1500000
2020-03-12 12:46:00.493000,1.12515,1.12507,1500000,370000
2020-03-12 12:46:00.544000,1.12501,1.12499,750000,190000
2020-03-12 12:46:00.594000,1.12504,1.12499,750000,1500000
2020-03-12 12:46:00.645000,1.12502,1.12496,940000,750000
2020-03-12 12:46:00.696000,1.12501,1.12493,750000,190000
2020-03-12 12:46:00.797000,1.12489,1.12487,750000,2250000
2020-03-12 12:46:00.899000,1.12491,1.12484,750000,1500000
2020-03-12 12:46:01,1.12495,1.1248,750000,190000
2020-03-12 12:46:01.051000,1.12503,1.12497,2250000,1500000
2020-03-12 12:46:01.152000,1.12498,1.12495,750000,1500000
2020-03-12 12:46:01.203000,1.12508,1.12496,750000,190000
2020-03-12 12:46:01.304000,1.12509,1.12492,750000,750000
2020-03-12 12:46:01.355000,1.12517,1.12504,750000,1500000
2020-03-12 12:46:01.406000,1.12519,1.12505,750000,1500000
2020-03-12 12:46:01.457000,1.12521,1.12497,1690000,190000
2020-03-12 12:46:01.508000,1.12519,1.12498,190000,370000
2020-03-12 12:46:01.609000,1.12521,1.12507,750000,1500000
2020-03-12 12:46:01.710000,1.12522,1.12514,750000,750000
2020-03-12 12:46:01.812000,1.12511,1.12507,750000,190000
2020-03-12 12:46:01.913000,1.12509,1.125,750000,1500000
2020-03-12 12:46:02.014000,1.12494,1.12493,190000,450000
2020-03-12 12:46:02.065000,1.12497,1.12493,750000,450000
2020-03-12 12:46:02.116000,1.12488,1.12482,750000,1500000
2020-03-12 12:46:02.167000,1.12492,1.12484,750000,1500000
2020-03-12 12:46:02.218000,1.12489,1.12476,750000,750000
2020-03-12 12:46:02.270000,1.12496,1.12487,1050000,750000
2020-03-12 12:46:02.372000,1.12498,1.12491,1120000,1500000
2020-03-12 12:46:02.423000,1.12503,1.12491,750000,1500000
2020-03-12 12:46:02.525000,1.125,1.12498,1500000,750000
2020-03-12 12:46:02.576000,1.12506,1.12493,1050000,1690000
2020-03-12 12:46:02.627000,1.12528,1.1252,3750000,1500000
2020-03-12 12:46:02.677000,1.12529,1.12517,2620000,1500000
2020-03-12 12:46:02.728000,1.12522,1.12517,750000,1500000
2020-03-12 12:46:02.779000,1.12528,1.12515,750000,1500000
2020-03-12 12:46:02.830000,1.1252,1.1251,190000,750000
2020-03-12 12:46:02.933000,1.12527,1.12524,370000,370000
2020-03-12 12:46:02.984000,1.12535,1.12524,1500000,370000
2020-03-12 12:46:03.035000,1.12528,1.12524,370000,300000
2020-03-12 12:46:03.137000,1.12536,1.12528,370000,1500000
2020-03-12 12:46:03.239000,1.12539,1.12526,750000,2250000
2020-03-12 12:46:03.341000,1.1254,1.12526,750000,1500000
2020-03-12 12:46:03.392000,1.12539,1.12527,750000,750000
2020-03-12 12:46:03.493000,1.12541,1.12536,1200000,2250000
2020-03-12 12:46:03.544000,1.12551,1.1254,370000,190000
2020-03-12 12:46:03.595000,1.12549,1.1254,750000,190000
2020-03-12 12:46:03.696000,1.12553,1.12548,750000,1690000
2020-03-12 12:46:03.747000,1.12554,1.12548,370000,1500000
2020-03-12 12:46:03.848000,1.12556,1.12547,750000,1500000
2020-03-12 12:46:03.961000,1.12556,1.12547,750000,1500000
2020-03-12 12:46:04.011000,1.12559,1.12553,750000,1500000
2020-03-12 12:46:04.113000,1.1256,1.12553,750000,1500000
2020-03-12 12:46:04.214000,1.1255,1.12549,750000,750000
2020-03-12 12:46:04.265000,1.12547,1.12536,2250000,1500000
2020-03-12 12:46:04.316000,1.12547,1.12537,750000,750000
2020-03-12 12:46:04.367000,1.12551,1.12538,1200000,750000
2020-03-12 12:46:04.417000,1.12551,1.12543,750000,750000
2020-03-12 12:46:04.519000,1.1256,1.12554,1500000,750000
2020-03-12 12:46:04.570000,1.12568,1.12565,1500000,750000
2020-03-12 12:46:04.671000,1.12566,1.12564,8700000,750000
2020-03-12 12:46:04.722000,1.12561,1.12559,750000,750000
2020-03-12 12:46:04.773000,1.12574,1.12568,2250000,2250000
2020-03-12 12:46:04.824000,1.12575,1.12569,750000,190000
2020-03-12 12:46:04.925000,1.12583,1.12569,750000,1500000
2020-03-12 12:46:04.976000,1.12585,1.12571,1500000,190000
2020-03-12 12:46:05.027000,1.12585,1.12571,2250000,2250000
2020-03-12 12:46:05.179000,1.12585,1.1257,190000,1500000
2020-03-12 12:46:05.331000,1.12573,1.1257,750000,1500000
2020-03-12 12:46:05.381000,1.12569,1.12565,750000,750000
2020-03-12 12:46:05.432000,1.12565,1.12556,750000,750000
2020-03-12 12:46:05.533000,1.12566,1.12549,750000,750000
2020-03-12 12:46:05.635000,1.12566,1.12551,190000,1500000
2020-03-12 12:46:05.686000,1.12568,1.12551,190000,1500000
2020-03-12 12:46:05.787000,1.12556,1.12551,940000,750000
2020-03-12 12:46:05.838000,1.12535,1.12528,1500000,370000
2020-03-12 12:46:05.889000,1.12519,1.12518,620000,1690000
2020-03-12 12:46:05.939000,1.12513,1.12505,750000,1690000
2020-03-12 12:46:05.990000,1.12511,1.12504,750000,300000
2020-03-12 12:46:06.041000,1.12509,1.12499,1120000,450000
2020-03-12 12:46:06.092000,1.12502,1.12499,190000,450000
2020-03-12 12:46:06.143000,1.12496,1.12493,750000,300000
2020-03-12 12:46:06.244000,1.12499,1.12493,750000,1500000
2020-03-12 12:46:06.345000,1.12506,1.12494,750000,300000
2020-03-12 12:46:06.396000,1.12506,1.12494,750000,1800000
2020-03-12 12:46:06.447000,1.12508,1.12494,2250000,1800000
2020-03-12 12:46:06.548000,1.12504,1.12495,370000,750000
2020-03-12 12:46:06.650000,1.12501,1.12495,370000,1500000
2020-03-12 12:46:06.751000,1.12504,1.12495,370000,1500000
2020-03-12 12:46:07.056000,1.12503,1.12495,370000,750000
2020-03-12 12:46:07.157000,1.12503,1.12493,750000,1500000
2020-03-12 12:46:07.259000,1.12502,1.12492,750000,1500000
2020-03-12 12:46:07.360000,1.12503,1.12492,750000,750000
2020-03-12 12:46:07.411000,1.12503,1.12494,750000,750000
2020-03-12 12:46:07.462000,1.12511,1.12496,750000,190000
2020-03-12 12:46:07.512000,1.12498,1.12494,750000,300000
2020-03-12 12:46:07.614000,1.12494,1.1249,750000,300000
2020-03-12 12:46:07.666000,1.12493,1.12484,750000,1690000
2020-03-12 12:46:07.717000,1.12488,1.12485,620000,1500000
2020-03-12 12:46:07.818000,1.12489,1.12485,620000,1500000
2020-03-12 12:46:07.920000,1.12489,1.12487,620000,750000
2020-03-12 12:46:07.971000,1.12494,1.12487,750000,1500000
2020-03-12 12:46:08.022000,1.12497,1.1249,750000,1500000
2020-03-12 12:46:08.123000,1.12497,1.12487,750000,2250000
2020-03-12 12:46:08.174000,1.12497,1.12489,750000,1500000
2020-03-12 12:46:08.276000,1.1251,1.12506,2250000,940000
2020-03-12 12:46:08.326000,1.12519,1.12504,750000,750000
2020-03-12 12:46:08.427000,1.12519,1.12501,750000,750000
2020-03-12 12:46:08.478000,1.12507,1.12501,750000,750000
2020-03-12 12:46:08.529000,1.12511,1.125,750000,1500000
2020-03-12 12:46:08.630000,1.12511,1.12499,750000,1500000
2020-03-12 12:46:08.731000,1.12504,1.12499,750000,1500000
2020-03-12 12:46:08.782000,1.12503,1.12496,750000,190000
2020-03-12 12:46:08.833000,1.1251,1.125,1500000,1500000
2020-03-12 12:46:08.884000,1.1251,1.12498,1500000,1500000
2020-03-12 12:46:09.086000,1.12499,1.12496,750000,1500000
2020-03-12 12:46:09.137000,1.12495,1.12488,3000000,190000
2020-03-12 12:46:09.188000,1.12494,1.12484,1500000,190000
2020-03-12 12:46:09.239000,1.12495,1.1249,750000,1500000
2020-03-12 12:46:09.340000,1.12501,1.12499,1840000,750000
2020-03-12 12:46:09.391000,1.12507,1.12502,750000,3190000
2020-03-12 12:46:09.442000,1.12508,1.12506,750000,1500000
2020-03-12 12:46:09.493000,1.12521,1.12518,1500000,750000
2020-03-12 12:46:09.543000,1.12542,1.12534,750000,7870000
2020-03-12 12:46:09.594000,1.12551,1.12546,370000,750000
2020-03-12 12:46:09.695000,1.12552,1.12547,300000,1500000
2020-03-12 12:46:09.746000,1.12564,1.12556,750000,1500000
2020-03-12 12:46:09.797000,1.12564,1.12559,750000,1500000
2020-03-12 12:46:09.848000,1.1257,1.12562,750000,1500000
2020-03-12 12:46:09.949000,1.12568,1.12558,750000,1500000
2020-03-12 12:46:10.051000,1.12568,1.12557,750000,1500000
2020-03-12 12:46:10.102000,1.12568,1.12554,2250000,1500000
2020-03-12 12:46:10.154000,1.12566,1.12554,750000,1500000
2020-03-12 12:46:10.356000,1.12567,1.12555,750000,1500000
2020-03-12 12:46:10.458000,1.12564,1.12552,750000,1690000
2020-03-12 12:46:10.560000,1.12565,1.1256,1120000,190000
2020-03-12 12:46:10.662000,1.12566,1.12558,450000,190000
2020-03-12 12:46:10.713000,1.12562,1.12554,750000,1500000
2020-03-12 12:46:10.815000,1.12562,1.12556,750000,1500000
2020-03-12 12:46:10.865000,1.12566,1.12556,190000,1500000
2020-03-12 12:46:10.916000,1.12561,1.12553,750000,370000
2020-03-12 12:46:11.068000,1.12564,1.12558,750000,1500000
2020-03-12 12:46:11.169000,1.12569,1.1256,750000,1500000
2020-03-12 12:46:11.271000,1.12567,1.12558,750000,1500000
2020-03-12 12:46:11.372000,1.12567,1.12559,750000,1500000
2020-03-12 12:46:11.524000,1.12567,1.12558,750000,1500000
2020-03-12 12:46:11.625000,1.12567,1.12557,750000,1500000
2020-03-12 12:46:11.726000,1.12567,1.12559,750000,1500000
2020-03-12 12:46:11.777000,1.12569,1.1256,750000,1500000
2020-03-12 12:46:12.233000,1.12571,1.12563,1420000,190000
2020-03-12 12:46:12.283000,1.12575,1.12563,750000,190000
2020-03-12 12:46:12.334000,1.12575,1.12567,750000,1690000
2020-03-12 12:46:12.435000,1.12574,1.12566,750000,750000
2020-03-12 12:46:12.486000,1.12574,1.12564,750000,1500000
2020-03-12 12:46:12.587000,1.12574,1.12566,750000,1500000
2020-03-12 12:46:12.711000,1.12575,1.12566,3000000,1500000
2020-03-12 12:46:12.762000,1.12559,1.12558,1500000,2250000
2020-03-12 12:46:12.863000,1.12566,1.12556,750000,1500000
2020-03-12 12:46:12.964000,1.1257,1.12556,370000,190000
2020-03-12 12:46:13.066000,1.12569,1.12553,190000,940000
2020-03-12 12:46:13.117000,1.12569,1.12555,190000,750000
2020-03-12 12:46:13.219000,1.12572,1.12568,1050000,2250000
2020-03-12 12:46:13.270000,1.12579,1.1257,750000,750000
2020-03-12 12:46:13.321000,1.1258,1.12568,1500000,1500000
2020-03-12 12:46:13.422000,1.1258,1.1257,1500000,940000
2020-03-12 12:46:13.675000,1.12573,1.12567,1500000,940000
2020-03-12 12:46:13.726000,1.12578,1.12567,750000,2250000
2020-03-12 12:46:13.776000,1.12575,1.12567,750000,750000
2020-03-12 12:46:13.928000,1.12575,1.12568,1500000,1500000
2020-03-12 12:46:14.080000,1.12575,1.12569,1500000,750000
2020-03-12 12:46:14.181000,1.12576,1.12573,750000,750000
2020-03-12 12:46:14.283000,1.12581,1.12575,450000,750000
2020-03-12 12:46:14.384000,1.12578,1.12574,750000,750000
2020-03-12 12:46:14.788000,1.12578,1.12571,750000,3000000
2020-03-12 12:46:15.085000,1.12578,1.12574,750000,190000
2020-03-12 12:46:15.136000,1.12583,1.12581,450000,750000
2020-03-12 12:46:15.187000,1.12594,1.12585,370000,1500000
2020-03-12 12:46:15.237000,1.12594,1.12592,370000,370000
2020-03-12 12:46:15.339000,1.126,1.12594,370000,2250000
2020-03-12 12:46:15.440000,1.12599,1.12594,750000,300000
2020-03-12 12:46:15.490000,1.12597,1.12589,1500000,1050000
2020-03-12 12:46:15.592000,1.12602,1.126,750000,1500000
2020-03-12 12:46:15.643000,1.12602,1.12599,750000,1500000
2020-03-12 12:46:15.744000,1.1261,1.12601,1500000,1690000
2020-03-12 12:46:15.845000,1.12609,1.12601,750000,1500000
2020-03-12 12:46:15.896000,1.1261,1.12602,1500000,1500000
2020-03-12 12:46:16.048000,1.12611,1.12602,1050000,1500000
2020-03-12 12:46:16.484000,1.12611,1.12609,1050000,1500000
2020-03-12 12:46:16.535000,1.12606,1.12602,750000,750000
2020-03-12 12:46:16.586000,1.12606,1.12596,1500000,1500000
2020-03-12 12:46:16.637000,1.12606,1.12593,2250000,940000
2020-03-12 12:46:16.688000,1.1259,1.12585,3000000,750000
2020-03-12 12:46:16.790000,1.12589,1.1258,1500000,1500000
2020-03-12 12:46:16.840000,1.1259,1.12584,750000,1500000
2020-03-12 12:46:16.891000,1.12592,1.12584,190000,1500000
2020-03-12 12:46:16.992000,1.12595,1.12593,1870000,750000
2020-03-12 12:46:17.093000,1.12601,1.12594,1200000,750000
2020-03-12 12:46:17.144000,1.12601,1.12596,1200000,750000
2020-03-12 12:46:17.246000,1.12601,1.12599,450000,750000
2020-03-12 12:46:17.297000,1.12605,1.126,190000,750000
2020-03-12 12:46:17.398000,1.12606,1.126,450000,750000
2020-03-12 12:46:17.499000,1.12607,1.126,190000,750000
2020-03-12 12:46:17.625000,1.12607,1.126,940000,750000
2020-03-12 12:46:17.789000,1.12606,1.12599,750000,750000
2020-03-12 12:46:17.890000,1.12605,1.12599,750000,750000
2020-03-12 12:46:17.991000,1.12599,1.12594,750000,750000
2020-03-12 12:46:18.042000,1.126,1.12592,1500000,750000
2020-03-12 12:46:18.093000,1.12601,1.12594,300000,750000
2020-03-12 12:46:18.194000,1.12598,1.12591,750000,750000
2020-03-12 12:46:18.246000,1.12589,1.12581,750000,750000
2020-03-12 12:46:18.347000,1.12579,1.12576,750000,750000
2020-03-12 12:46:18.398000,1.12579,1.12574,750000,750000
2020-03-12 12:46:18.549000,1.12578,1.12571,750000,750000
2020-03-12 12:46:18.600000,1.12578,1.12569,1500000,750000
2020-03-12 12:46:18.701000,1.12577,1.12568,1690000,1500000
2020-03-12 12:46:18.752000,1.12579,1.12569,1500000,750000
2020-03-12 12:46:18.853000,1.12578,1.1257,750000,750000
2020-03-12 12:46:18.904000,1.12576,1.1257,450000,750000
2020-03-12 12:46:19.005000,1.12575,1.1257,750000,750000
2020-03-12 12:46:19.056000,1.12568,1.12565,750000,750000
2020-03-12 12:46:19.107000,1.12569,1.12561,750000,1500000
2020-03-12 12:46:19.208000,1.1257,1.12562,1500000,2250000
2020-03-12 12:46:19.259000,1.12571,1.1257,750000,750000
2020-03-12 12:46:19.360000,1.12569,1.12561,750000,750000
2020-03-12 12:46:19.411000,1.12566,1.12564,300000,750000
2020-03-12 12:46:19.512000,1.12571,1.12564,4090000,750000
2020-03-12 12:46:19.563000,1.12571,1.12566,4090000,750000
2020-03-12 12:46:19.701000,1.12571,1.12565,3340000,750000
2020-03-12 12:46:19.803000,1.12565,1.12561,2250000,750000
2020-03-12 12:46:19.854000,1.1256,1.12556,1690000,2250000
2020-03-12 12:46:19.905000,1.1256,1.12552,2440000,1500000
2020-03-12 12:46:19.956000,1.1256,1.12559,750000,750000
2020-03-12 12:46:20.007000,1.12564,1.1256,940000,750000
2020-03-12 12:46:20.058000,1.12555,1.12551,750000,3000000
2020-03-12 12:46:20.109000,1.12547,1.12545,750000,940000
2020-03-12 12:46:20.159000,1.12548,1.12544,750000,1120000
2020-03-12 12:46:20.210000,1.1255,1.12546,750000,750000
2020-03-12 12:46:20.312000,1.12554,1.12549,750000,750000
2020-03-12 12:46:20.464000,1.12553,1.12547,940000,750000
2020-03-12 12:46:20.565000,1.12554,1.12549,750000,750000
2020-03-12 12:46:20.919000,1.1255,1.12544,750000,750000
2020-03-12 12:46:21.020000,1.12552,1.12545,190000,750000
2020-03-12 12:46:21.157000,1.12551,1.12547,750000,750000
2020-03-12 12:46:21.208000,1.12564,1.12556,1690000,2250000
2020-03-12 12:46:21.258000,1.1256,1.12558,750000,750000
2020-03-12 12:46:21.310000,1.12553,1.12544,750000,1690000
2020-03-12 12:46:21.361000,1.12556,1.12554,750000,750000
2020-03-12 12:46:21.413000,1.12564,1.12556,2440000,750000
2020-03-12 12:46:21.465000,1.12564,1.1256,750000,1500000
2020-03-12 12:46:21.516000,1.1257,1.12566,750000,750000
2020-03-12 12:46:21.617000,1.12567,1.12565,750000,750000
2020-03-12 12:46:21.668000,1.12569,1.12565,750000,750000
2020-03-12 12:46:21.769000,1.12568,1.12563,750000,750000
2020-03-12 12:46:22.168000,1.12575,1.12563,1690000,750000
2020-03-12 12:46:22.567000,1.12574,1.12564,190000,750000
2020-03-12 12:46:22.669000,1.12575,1.12564,190000,750000
2020-03-12 12:46:22.720000,1.12573,1.12564,190000,750000
2020-03-12 12:46:22.821000,1.12573,1.12563,190000,750000
2020-03-12 12:46:22.973000,1.12573,1.12561,190000,2440000
2020-03-12 12:46:23.945000,1.12574,1.12561,1690000,2250000
2020-03-12 12:46:24.200000,1.12572,1.12561,750000,2250000
2020-03-12 12:46:24.654000,1.12573,1.12563,750000,1500000
2020-03-12 12:46:24.705000,1.12573,1.12561,750000,2250000
2020-03-12 12:46:24.806000,1.12573,1.12562,750000,1500000
2020-03-12 12:46:24.908000,1.12574,1.12564,1500000,1500000
2020-03-12 12:46:25.009000,1.1257,1.12562,750000,1500000
2020-03-12 12:46:25.060000,1.12572,1.12562,750000,1500000
2020-03-12 12:46:25.218000,1.12572,1.1256,750000,2250000
2020-03-12 12:46:25.319000,1.12569,1.12558,1500000,1500000
2020-03-12 12:46:25.421000,1.12563,1.12553,750000,2250000
2020-03-12 12:46:25.522000,1.12553,1.12549,750000,1500000
2020-03-12 12:46:25.573000,1.12552,1.12542,750000,2250000
2020-03-12 12:46:25.623000,1.12542,1.12541,750000,1500000
2020-03-12 12:46:25.674000,1.12541,1.12536,1200000,1500000
2020-03-12 12:46:25.776000,1.12535,1.12533,1500000,1500000
2020-03-12 12:46:25.826000,1.12528,1.12519,750000,190000
2020-03-12 12:46:25.928000,1.1253,1.12524,750000,1500000
2020-03-12 12:46:26.029000,1.12535,1.1253,1500000,1500000
2020-03-12 12:46:26.080000,1.12537,1.12528,750000,2250000
2020-03-12 12:46:26.181000,1.12539,1.12536,1120000,1500000
2020-03-12 12:46:26.283000,1.12542,1.12533,750000,750000
2020-03-12 12:46:26.384000,1.1254,1.12534,750000,1500000
2020-03-12 12:46:26.435000,1.12537,1.12529,750000,450000
2020-03-12 12:46:26.536000,1.12529,1.12523,750000,2250000
2020-03-12 12:46:26.587000,1.12514,1.12513,750000,370000
2020-03-12 12:46:26.638000,1.12517,1.12512,750000,750000
2020-03-12 12:46:26.739000,1.12516,1.12511,750000,1500000
2020-03-12 12:46:26.840000,1.12517,1.12513,750000,1500000
2020-03-12 12:46:26.891000,1.12519,1.12513,750000,1500000
2020-03-12 12:46:27.194000,1.12519,1.12514,750000,1200000
2020-03-12 12:46:27.295000,1.1252,1.12514,750000,1500000
2020-03-12 12:46:27.346000,1.12522,1.12514,1500000,1500000
2020-03-12 12:46:27.497000,1.12512,1.12509,100000,750000
2020-03-12 12:46:27.599000,1.12507,1.12501,750000,1200000
2020-03-12 12:46:27.700000,1.12507,1.12502,750000,1200000
2020-03-12 12:46:27.751000,1.12506,1.12496,1500000,1690000
2020-03-12 12:46:27.802000,1.12506,1.12498,750000,1500000
2020-03-12 12:46:27.954000,1.12501,1.12492,750000,2250000
2020-03-12 12:46:28.055000,1.12505,1.12493,750000,750000
2020-03-12 12:46:28.106000,1.12506,1.12496,190000,1500000
2020-03-12 12:46:28.207000,1.12503,1.12496,750000,1500000
2020-03-12 12:46:28.258000,1.12506,1.12496,1500000,2250000
2020-03-12 12:46:28.309000,1.12504,1.125,750000,750000
2020-03-12 12:46:28.410000,1.12503,1.125,750000,750000
2020-03-12 12:46:28.461000,1.1251,1.12502,2250000,1500000
2020-03-12 12:46:28.562000,1.12513,1.12501,1690000,750000
2020-03-12 12:46:28.613000,1.12514,1.12504,750000,750000
2020-03-12 12:46:28.714000,1.12518,1.1251,750000,1500000
2020-03-12 12:46:28.815000,1.12515,1.12512,710000,1120000
2020-03-12 12:46:28.866000,1.12522,1.12515,750000,1500000
2020-03-12 12:46:28.916000,1.12525,1.12516,1120000,1500000
2020-03-12 12:46:28.967000,1.12531,1.12524,370000,1200000
2020-03-12 12:46:29.018000,1.12531,1.12522,370000,2250000
2020-03-12 12:46:29.119000,1.12532,1.12522,190000,1500000
2020-03-12 12:46:29.220000,1.12533,1.12522,190000,1500000
2020-03-12 12:46:29.372000,1.12543,1.12538,1690000,750000
2020-03-12 12:46:29.423000,1.12552,1.12548,190000,750000
2020-03-12 12:46:29.474000,1.1256,1.12556,750000,750000
2020-03-12 12:46:29.524000,1.1256,1.12556,750000,750000
2020-03-12 12:46:29.575000,1.12564,1.12556,750000,750000
2020-03-12 12:46:29.626000,1.12564,1.12554,750000,750000
2020-03-12 12:46:29.677000,1.12564,1.12552,750000,750000
2020-03-12 12:46:29.828000,1.1257,1.12569,1500000,1500000
2020-03-12 12:46:29.879000,1.1258,1.12573,2620000,1500000
2020-03-12 12:46:29.980000,1.12581,1.12571,450000,2250000
2020-03-12 12:46:30.132000,1.12581,1.12572,450000,2250000
2020-03-12 12:46:30.183000,1.12581,1.12578,450000,370000
2020-03-12 12:46:30.284000,1.12589,1.12578,940000,370000
2020-03-12 12:46:30.335000,1.12577,1.12575,940000,750000
2020-03-12 12:46:30.386000,1.12574,1.12571,750000,750000
2020-03-12 12:46:30.487000,1.12581,1.12571,1200000,750000
2020-03-12 12:46:30.538000,1.12577,1.12569,1010000,450000
2020-03-12 12:46:30.589000,1.12581,1.12569,1200000,750000
2020-03-12 12:46:30.639000,1.12579,1.12569,190000,750000
2020-03-12 12:46:30.801000,1.12574,1.12568,190000,450000
2020-03-12 12:46:30.902000,1.12571,1.12565,300000,1200000
2020-03-12 12:46:31.003000,1.12573,1.1257,300000,750000
2020-03-12 12:46:31.055000,1.12582,1.12576,190000,750000
2020-03-12 12:46:31.106000,1.12586,1.12579,820000,750000
2020-03-12 12:46:31.157000,1.12586,1.12583,750000,370000
2020-03-12 12:46:31.208000,1.12591,1.12588,370000,450000
2020-03-12 12:46:31.258000,1.12591,1.12585,370000,750000
2020-03-12 12:46:31.309000,1.12595,1.12585,750000,750000
2020-03-12 12:46:31.361000,1.12594,1.12586,1500000,750000
2020-03-12 12:46:31.462000,1.12594,1.12586,750000,750000
2020-03-12 12:46:31.513000,1.12595,1.12586,750000,750000
2020-03-12 12:46:31.615000,1.12595,1.12585,750000,750000
2020-03-12 12:46:31.716000,1.12595,1.12586,750000,750000
2020-03-12 12:46:31.818000,1.12595,1.12583,940000,1500000
2020-03-12 12:46:31.919000,1.12594,1.12585,450000,1200000
2020-03-12 12:46:32.021000,1.12587,1.12576,560000,1500000
2020-03-12 12:46:32.122000,1.12585,1.12575,190000,370000
2020-03-12 12:46:32.181000,1.12585,1.12575,190000,370000
2020-03-12 12:46:32.334000,1.12575,1.12571,1500000,750000
2020-03-12 12:46:32.385000,1.12573,1.12567,750000,370000
2020-03-12 12:46:32.436000,1.12573,1.12565,750000,370000
2020-03-12 12:46:32.487000,1.12573,1.12567,750000,450000
2020-03-12 12:46:32.538000,1.12575,1.12567,2250000,370000
2020-03-12 12:46:32.589000,1.12576,1.12574,750000,4500000
2020-03-12 12:46:32.640000,1.12596,1.1259,190000,750000
2020-03-12 12:46:32.691000,1.12596,1.12593,750000,750000
2020-03-12 12:46:32.742000,1.12596,1.1259,750000,750000
2020-03-12 12:46:32.792000,1.12596,1.12586,1310000,750000
2020-03-12 12:46:32.843000,1.12587,1.12581,750000,750000
2020-03-12 12:46:32.894000,1.12585,1.12579,750000,820000
2020-03-12 12:46:33.158000,1.12583,1.12579,370000,750000
2020-03-12 12:46:33.360000,1.12576,1.12572,190000,750000
2020-03-12 12:46:33.411000,1.12567,1.12564,190000,750000
2020-03-12 12:46:33.462000,1.12566,1.12561,1500000,2700000
2020-03-12 12:46:33.614000,1.12566,1.12561,300000,750000
2020-03-12 12:46:33.715000,1.12569,1.12567,1870000,750000
2020-03-12 12:46:33.766000,1.12567,1.12564,190000,750000
2020-03-12 12:46:33.817000,1.12571,1.12569,340000,750000
2020-03-12 12:46:33.868000,1.12581,1.12579,370000,750000
2020-03-12 12:46:33.919000,1.12574,1.12571,750000,750000
2020-03-12 12:46:34.021000,1.12568,1.12567,370000,750000
2020-03-12 12:46:34.071000,1.12565,1.12559,190000,300000
2020-03-12 12:46:34.122000,1.12563,1.12558,190000,750000
2020-03-12 12:46:34.173000,1.12568,1.12558,940000,750000
2020-03-12 12:46:34.275000,1.12562,1.12556,940000,750000
2020-03-12 12:46:34.427000,1.12563,1.12555,750000,750000
2020-03-12 12:46:34.579000,1.12562,1.12556,750000,450000
2020-03-12 12:46:34.838000,1.12563,1.12555,2210000,750000
2020-03-12 12:46:34.940000,1.12573,1.12572,1460000,750000
2020-03-12 12:46:34.990000,1.12585,1.12578,370000,750000
2020-03-12 12:46:35.042000,1.12585,1.12584,750000,750000
2020-03-12 12:46:35.093000,1.12596,1.1259,190000,750000
2020-03-12 12:46:35.144000,1.12591,1.12589,750000,190000
2020-03-12 12:46:35.246000,1.12591,1.12587,370000,1500000
2020-03-12 12:46:35.297000,1.1259,1.12585,370000,1500000
2020-03-12 12:46:35.348000,1.12594,1.12589,750000,750000
2020-03-12 12:46:35.399000,1.12597,1.12589,190000,750000
2020-03-12 12:46:35.501000,1.12597,1.1259,190000,750000
2020-03-12 12:46:35.653000,1.12596,1.1259,190000,750000
2020-03-12 12:46:35.703000,1.12593,1.12587,190000,750000
2020-03-12 12:46:35.805000,1.12593,1.12589,190000,750000
2020-03-12 12:46:35.856000,1.12595,1.12589,190000,750000
2020-03-12 12:46:35.957000,1.12596,1.12589,190000,750000
2020-03-12 12:46:36.144000,1.1259,1.12588,190000,750000
2020-03-12 12:46:36.195000,1.12583,1.12581,1500000,370000
2020-03-12 12:46:36.297000,1.12581,1.1258,750000,750000
2020-03-12 12:46:36.550000,1.12583,1.12579,2320000,750000
2020-03-12 12:46:36.769000,1.12583,1.12578,2320000,750000
2020-03-12 12:46:36.920000,1.12582,1.12578,1500000,750000
2020-03-12 12:46:36.971000,1.12581,1.12578,750000,1200000
2020-03-12 12:46:37.022000,1.12583,1.1258,3750000,1200000
2020-03-12 12:46:37.123000,1.12582,1.12579,1500000,750000
2020-03-12 12:46:37.224000,1.12581,1.12578,750000,750000
2020-03-12 12:46:38.100000,1.12581,1.12578,750000,750000
2020-03-12 12:46:38.415000,1.12583,1.12582,1120000,750000
2020-03-12 12:46:38.466000,1.1259,1.12582,190000,750000
2020-03-12 12:46:38.618000,1.12591,1.12582,940000,750000
2020-03-12 12:46:38.719000,1.1259,1.12583,750000,750000
2020-03-12 12:46:38.820000,1.12589,1.12583,750000,750000
2020-03-12 12:46:38.871000,1.12587,1.12582,750000,750000
2020-03-12 12:46:38.972000,1.12586,1.12582,750000,750000
2020-03-12 12:46:39.225000,1.12589,1.12586,750000,750000
2020-03-12 12:46:39.326000,1.12591,1.12586,2250000,750000
2020-03-12 12:46:39.427000,1.1259,1.12587,750000,750000
2020-03-12 12:46:39.579000,1.12591,1.12589,1500000,750000
2020-03-12 12:46:39.781000,1.12595,1.12593,1500000,5890000
2020-03-12 12:46:39.832000,1.12606,1.12604,1690000,750000
2020-03-12 12:46:39.883000,1.12609,1.12607,750000,750000
2020-03-12 12:46:39.934000,1.12603,1.12599,190000,1950000
2020-03-12 12:46:39.985000,1.12602,1.12596,750000,750000
2020-03-12 12:46:40.036000,1.12597,1.12591,750000,1500000
2020-03-12 12:46:40.137000,1.12606,1.126,900000,750000
2020-03-12 12:46:40.239000,1.12607,1.12606,750000,750000
2020-03-12 12:46:40.289000,1.12611,1.12609,370000,750000
2020-03-12 12:46:40.340000,1.12616,1.12609,750000,750000
2020-03-12 12:46:40.441000,1.12618,1.12609,1690000,750000
2020-03-12 12:46:40.542000,1.12638,1.12635,940000,370000
2020-03-12 12:46:40.593000,1.12635,1.12633,1120000,750000
2020-03-12 12:46:40.695000,1.12637,1.12633,1120000,450000
2020-03-12 12:46:40.745000,1.12635,1.12632,750000,750000
2020-03-12 12:46:40.796000,1.12637,1.12634,1460000,750000
2020-03-12 12:46:40.898000,1.1263,1.12629,370000,370000
2020-03-12 12:46:40.948000,1.12632,1.12623,750000,750000
2020-03-12 12:46:40.999000,1.12633,1.12625,750000,750000
2020-03-12 12:46:41.050000,1.12641,1.12634,370000,370000
2020-03-12 12:46:41.152000,1.12644,1.1264,750000,190000
2020-03-12 12:46:41.253000,1.12645,1.12643,750000,1200000
2020-03-12 12:46:41.304000,1.1265,1.12643,750000,1200000
2020-03-12 12:46:41.355000,1.1265,1.12641,750000,1500000
2020-03-12 12:46:41.456000,1.12656,1.12645,750000,1500000
2020-03-12 12:46:41.507000,1.12658,1.12645,750000,370000
2020-03-12 12:46:41.608000,1.12657,1.12646,750000,370000
2020-03-12 12:46:41.659000,1.12657,1.12643,750000,1500000
2020-03-12 12:46:41.912000,1.12654,1.12643,750000,1500000
2020-03-12 12:46:42.013000,1.12649,1.12642,750000,370000
2020-03-12 12:46:42.115000,1.12655,1.12649,450000,370000
2020-03-12 12:46:42.217000,1.12649,1.12647,450000,750000
2020-03-12 12:46:42.268000,1.12649,1.12642,450000,1500000
2020-03-12 12:46:42.645000,1.12651,1.12648,450000,190000
2020-03-12 12:46:42.747000,1.12652,1.1265,450000,750000
2020-03-12 12:46:42.798000,1.12649,1.12644,750000,370000
2020-03-12 12:46:42.849000,1.12647,1.12641,450000,750000
2020-03-12 12:46:42.900000,1.12646,1.12638,450000,1200000
2020-03-12 12:46:42.951000,1.12649,1.12642,190000,560000
2020-03-12 12:46:43.052000,1.12649,1.12645,100000,370000
2020-03-12 12:46:43.103000,1.12651,1.12645,450000,370000
2020-03-12 12:46:43.204000,1.12652,1.12645,450000,370000
2020-03-12 12:46:43.255000,1.12652,1.12647,450000,370000
2020-03-12 12:46:43.356000,1.12653,1.12647,450000,370000
2020-03-12 12:46:43.675000,1.12655,1.12647,3190000,370000
2020-03-12 12:46:43.746000,1.12655,1.12654,1500000,370000
2020-03-12 12:46:43.797000,1.12661,1.12653,450000,100000
2020-03-12 12:46:43.901000,1.12669,1.12653,2620000,940000
2020-03-12 12:46:43.951000,1.1266,1.12657,190000,750000
2020-03-12 12:46:44.002000,1.12658,1.12654,450000,750000
2020-03-12 12:46:44.053000,1.12658,1.12652,750000,1120000
2020-03-12 12:46:44.104000,1.12656,1.12653,1200000,750000
2020-03-12 12:46:44.205000,1.12659,1.12652,190000,750000
2020-03-12 12:46:44.306000,1.12659,1.12647,190000,370000
2020-03-12 12:46:44.407000,1.1266,1.12652,750000,370000
2020-03-12 12:46:44.509000,1.12656,1.12647,1240000,370000
2020-03-12 12:46:44.610000,1.12659,1.1265,750000,370000
2020-03-12 12:46:44.661000,1.12661,1.1265,490000,370000
2020-03-12 12:46:44.762000,1.12645,1.12642,750000,1870000
2020-03-12 12:46:44.813000,1.12641,1.12637,750000,1500000
2020-03-12 12:46:44.863000,1.12632,1.12629,750000,370000
2020-03-12 12:46:44.914000,1.12634,1.12631,750000,370000
2020-03-12 12:46:44.965000,1.12641,1.12632,300000,370000
2020-03-12 12:46:45.016000,1.12641,1.12629,300000,750000
2020-03-12 12:46:45.066000,1.12641,1.12636,300000,750000
2020-03-12 12:46:45.168000,1.12653,1.12637,710000,750000
2020-03-12 12:46:45.219000,1.12653,1.12647,710000,370000
2020-03-12 12:46:45.320000,1.12659,1.12652,750000,370000
2020-03-12 12:46:45.371000,1.12653,1.12646,190000,940000
2020-03-12 12:46:45.472000,1.12663,1.12653,750000,1500000
2020-03-12 12:46:45.524000,1.12664,1.12661,750000,1500000
2020-03-12 12:46:45.575000,1.12666,1.12655,750000,750000
2020-03-12 12:46:45.626000,1.12657,1.12653,1500000,750000
2020-03-12 12:46:45.677000,1.12653,1.12647,190000,750000
2020-03-12 12:46:45.729000,1.12656,1.12646,2250000,750000
2020-03-12 12:46:45.832000,1.12656,1.12647,2250000,190000
2020-03-12 12:46:45.883000,1.12657,1.12649,750000,1500000
2020-03-12 12:46:45.934000,1.12656,1.12647,190000,1500000
2020-03-12 12:46:45.984000,1.12655,1.1265,750000,1500000
2020-03-12 12:46:46.035000,1.12655,1.12647,750000,370000
2020-03-12 12:46:46.086000,1.12658,1.12648,2810000,1500000
2020-03-12 12:46:47.364000,1.12654,1.12648,750000,1500000
2020-03-12 12:46:47.480000,1.12665,1.12661,560000,2250000
2020-03-12 12:46:47.531000,1.12671,1.1267,2250000,1500000
2020-03-12 12:46:47.581000,1.12676,1.12671,940000,1500000
2020-03-12 12:46:47.683000,1.12675,1.12668,750000,1500000
2020-03-12 12:46:47.784000,1.12677,1.12668,370000,3000000
2020-03-12 12:46:47.835000,1.12674,1.12668,190000,750000
2020-03-12 12:46:47.886000,1.12673,1.12662,190000,1500000
2020-03-12 12:46:48.037000,1.12673,1.12663,190000,1500000
2020-03-12 12:46:48.088000,1.12675,1.12665,190000,1500000
2020-03-12 12:46:48.441000,1.12674,1.12665,370000,1500000
2020-03-12 12:46:48.813000,1.12674,1.12664,370000,1500000
2020-03-12 12:46:48.915000,1.12672,1.12665,940000,1500000
2020-03-12 12:46:49.016000,1.12671,1.12665,940000,1500000
2020-03-12 12:46:49.066000,1.1267,1.12661,750000,2250000
2020-03-12 12:46:49.117000,1.1267,1.12665,750000,1500000
2020-03-12 12:46:49.168000,1.12668,1.12661,750000,750000
2020-03-12 12:46:49.219000,1.12664,1.12659,750000,1500000
2020-03-12 12:46:49.371000,1.12665,1.12659,750000,1500000
2020-03-12 12:46:49.472000,1.12665,1.12657,750000,1500000
2020-03-12 12:46:49.674000,1.12663,1.12655,750000,1500000
2020-03-12 12:46:49.776000,1.12663,1.12657,750000,1500000
2020-03-12 12:46:49.978000,1.12666,1.1266,750000,1500000
2020-03-12 12:46:50.130000,1.12667,1.1266,190000,1500000
2020-03-12 12:46:50.243000,1.12668,1.1266,750000,1500000
2020-03-12 12:46:50.345000,1.12668,1.12659,750000,1500000
2020-03-12 12:46:50.451000,1.12665,1.12659,370000,1500000
2020-03-12 12:46:50.553000,1.12652,1.12649,1570000,370000
2020-03-12 12:46:50.603000,1.12645,1.12643,750000,940000
2020-03-12 12:46:50.654000,1.12644,1.12641,750000,750000
2020-03-12 12:46:50.705000,1.12642,1.1264,750000,750000
2020-03-12 12:46:50.756000,1.12643,1.12635,750000,1500000
2020-03-12 12:46:50.858000,1.12645,1.12638,1500000,1500000
2020-03-12 12:46:50.959000,1.12636,1.12631,750000,2250000
2020-03-12 12:46:51.061000,1.12637,1.12625,750000,1690000
2020-03-12 12:46:51.111000,1.12638,1.12627,750000,1500000
2020-03-12 12:46:51.213000,1.12638,1.12626,1460000,1500000
2020-03-12 12:46:51.314000,1.12637,1.12626,750000,1500000
2020-03-12 12:46:51.415000,1.12638,1.12625,3150000,1500000
2020-03-12 12:46:51.517000,1.12637,1.12625,190000,1500000
2020-03-12 12:46:51.669000,1.12635,1.12626,750000,1500000
2020-03-12 12:46:51.719000,1.12637,1.12624,940000,1500000
2020-03-12 12:46:51.770000,1.12639,1.12635,1460000,1500000
2020-03-12 12:46:51.821000,1.12643,1.12634,900000,1500000
2020-03-12 12:46:51.872000,1.12643,1.12631,710000,1500000
2020-03-12 12:46:52.124000,1.12643,1.12632,160000,1500000
2020-03-12 12:46:52.225000,1.12636,1.12627,190000,1500000
2020-03-12 12:46:52.327000,1.12634,1.12626,750000,1500000
2020-03-12 12:46:52.478000,1.12633,1.12626,750000,1500000
2020-03-12 12:46:52.580000,1.12636,1.12628,750000,1500000
2020-03-12 12:46:52.630000,1.12637,1.12631,190000,1500000
2020-03-12 12:46:52.732000,1.12645,1.12642,750000,190000
2020-03-12 12:46:52.833000,1.1265,1.12643,750000,1500000
2020-03-12 12:46:52.934000,1.12649,1.12643,750000,1500000
2020-03-12 12:46:53.086000,1.12649,1.12642,750000,1500000
2020-03-12 12:46:53.509000,1.12648,1.12642,750000,1500000
2020-03-12 12:46:53.661000,1.12647,1.12641,750000,1500000
2020-03-12 12:46:53.980000,1.12646,1.1264,750000,1500000
2020-03-12 12:46:54.251000,1.12647,1.1264,750000,1500000
2020-03-12 12:46:54.705000,1.12648,1.12643,750000,1500000
2020-03-12 12:46:54.807000,1.12654,1.12646,190000,3000000
2020-03-12 12:46:54.908000,1.12653,1.12648,100000,100000
2020-03-12 12:46:54.959000,1.12657,1.12648,1500000,1500000
2020-03-12 12:46:55.010000,1.12657,1.12646,1500000,3000000
2020-03-12 12:46:55.162000,1.12657,1.12649,750000,1500000
2020-03-12 12:46:55.264000,1.1267,1.12664,1120000,1200000
2020-03-12 12:46:55.365000,1.1267,1.12662,750000,1500000
2020-03-12 12:46:55.416000,1.1267,1.12659,1690000,1800000
2020-03-12 12:46:55.466000,1.12668,1.12662,750000,1500000
2020-03-12 12:46:55.567000,1.12665,1.12657,2620000,1500000
2020-03-12 12:46:55.618000,1.12665,1.12653,1870000,750000
2020-03-12 12:46:55.672000,1.12661,1.12654,450000,1500000
2020-03-12 12:46:55.774000,1.12664,1.12654,2620000,1500000
2020-03-12 12:46:55.875000,1.12664,1.12653,750000,1500000
2020-03-12 12:46:55.976000,1.12664,1.12654,750000,1500000
2020-03-12 12:46:56.144000,1.12665,1.12651,190000,750000
2020-03-12 12:46:56.195000,1.12666,1.12657,1760000,1500000
2020-03-12 12:46:56.297000,1.12663,1.12654,750000,1500000
2020-03-12 12:46:56.398000,1.12663,1.12656,750000,1500000
2020-03-12 12:46:56.500000,1.12664,1.12657,750000,1500000
2020-03-12 12:46:56.601000,1.1266,1.12655,750000,750000
2020-03-12 12:46:56.652000,1.12663,1.12655,750000,750000
2020-03-12 12:46:56.753000,1.12663,1.12653,750000,1500000
2020-03-12 12:46:57.107000,1.12664,1.12655,2250000,1500000
2020-03-12 12:46:57.158000,1.12663,1.12651,750000,1690000
2020-03-12 12:46:57.259000,1.12663,1.1265,750000,1690000
2020-03-12 12:46:57.361000,1.12659,1.1265,190000,880000
2020-03-12 12:46:57.614000,1.1265,1.12647,750000,750000
2020-03-12 12:46:57.715000,1.12648,1.12639,2060000,750000
2020-03-12 12:46:57.817000,1.12647,1.12634,750000,1500000
2020-03-12 12:46:57.918000,1.12647,1.12638,750000,370000
2020-03-12 12:46:58.019000,1.1264,1.12629,2440000,750000
2020-03-12 12:46:58.120000,1.1264,1.12628,2630000,1120000
2020-03-12 12:46:58.222000,1.1264,1.12627,1690000,560000
2020-03-12 12:46:58.272000,1.1264,1.1263,1690000,370000
2020-03-12 12:46:58.374000,1.12623,1.12619,190000,370000
2020-03-12 12:46:58.475000,1.1262,1.12617,190000,750000
2020-03-12 12:46:58.526000,1.12619,1.12612,190000,1200000
2020-03-12 12:46:58.960000,1.12619,1.12609,750000,1500000
2020-03-12 12:46:59.062000,1.1262,1.12608,4310000,750000
2020-03-12 12:46:59.229000,1.12619,1.12608,190000,370000
2020-03-12 12:46:59.746000,1.1262,1.12615,750000,450000
2020-03-12 12:46:59.848000,1.12621,1.12619,190000,750000
2020-03-12 12:46:59.898000,1.12623,1.12621,750000,750000
2020-03-12 12:46:59.949000,1.12621,1.12618,190000,450000
2020-03-12 12:47:00,1.12624,1.12619,750000,370000
2020-03-12 12:47:00.051000,1.1262,1.12613,190000,2170000
2020-03-12 12:47:00.152000,1.12621,1.12614,190000,1200000
2020-03-12 12:47:00.254000,1.12621,1.12615,190000,100000
2020-03-12 12:47:00.571000,1.12621,1.12614,190000,1200000
2020-03-12 12:47:00.731000,1.1262,1.12614,190000,450000
2020-03-12 12:47:01.034000,1.1262,1.12616,1460000,750000
2020-03-12 12:47:01.135000,1.12621,1.12616,750000,450000
2020-03-12 12:47:01.309000,1.12621,1.12614,750000,1390000
2020-03-12 12:47:01.360000,1.12619,1.12615,190000,750000
2020-03-12 12:47:01.411000,1.1262,1.12611,750000,750000
2020-03-12 12:47:01.462000,1.12619,1.12609,750000,190000
2020-03-12 12:47:01.563000,1.1262,1.12609,2810000,190000
2020-03-12 12:47:01.664000,1.1262,1.12608,2620000,190000
2020-03-12 12:47:01.766000,1.12614,1.12608,750000,100000
2020-03-12 12:47:01.816000,1.12614,1.12606,100000,2140000
2020-03-12 12:47:02.018000,1.12614,1.12607,3070000,750000
2020-03-12 12:47:02.120000,1.12607,1.12606,750000,750000
2020-03-12 12:47:02.170000,1.1259,1.12588,750000,940000
2020-03-12 12:47:02.221000,1.12584,1.12579,750000,190000
2020-03-12 12:47:02.272000,1.12583,1.12577,750000,750000
2020-03-12 12:47:02.373000,1.12583,1.12573,1500000,370000
2020-03-12 12:47:02.738000,1.12582,1.12573,750000,370000
2020-03-12 12:47:02.842000,1.12582,1.12576,750000,370000
2020-03-12 12:47:02.944000,1.12582,1.12573,750000,1500000
2020-03-12 12:47:03.196000,1.12584,1.12573,940000,1500000
2020-03-12 12:47:03.297000,1.12584,1.12575,190000,370000
2020-03-12 12:47:03.348000,1.12584,1.12573,190000,370000
2020-03-12 12:47:03.553000,1.12583,1.12573,750000,370000
2020-03-12 12:47:03.654000,1.12582,1.12572,190000,370000
2020-03-12 12:47:03.706000,1.1258,1.12573,750000,370000
2020-03-12 12:47:03.858000,1.12576,1.12568,190000,1500000
2020-03-12 12:47:03.909000,1.12575,1.12572,750000,370000
2020-03-12 12:47:03.960000,1.12566,1.12563,750000,750000
2020-03-12 12:47:04.062000,1.12569,1.12562,750000,370000
2020-03-12 12:47:04.500000,1.12572,1.12565,750000,370000
2020-03-12 12:47:04.704000,1.12572,1.12563,750000,370000
2020-03-12 12:47:04.755000,1.1257,1.12562,750000,370000
2020-03-12 12:47:04.856000,1.12569,1.12562,750000,370000
2020-03-12 12:47:04.907000,1.12569,1.1256,750000,370000
2020-03-12 12:47:05.009000,1.12569,1.12561,750000,1870000
2020-03-12 12:47:05.320000,1.12569,1.12562,750000,750000
2020-03-12 12:47:05.421000,1.1257,1.12561,750000,1500000
2020-03-12 12:47:05.524000,1.1257,1.12562,750000,750000
2020-03-12 12:47:05.575000,1.12569,1.12558,750000,190000
2020-03-12 12:47:05.676000,1.12566,1.12555,750000,190000
2020-03-12 12:47:05.778000,1.12564,1.12557,750000,370000
2020-03-12 12:47:05.879000,1.12564,1.12559,750000,370000
2020-03-12 12:47:05.981000,1.12564,1.12558,750000,370000
2020-03-12 12:47:06.082000,1.12563,1.12561,750000,750000
2020-03-12 12:47:06.184000,1.1257,1.12564,370000,750000
2020-03-12 12:47:06.286000,1.12572,1.12564,750000,370000
2020-03-12 12:47:06.387000,1.12572,1.12565,750000,370000
2020-03-12 12:47:06.489000,1.12576,1.12565,750000,370000
2020-03-12 12:47:06.696000,1.12577,1.12565,750000,370000
2020-03-12 12:47:06.747000,1.12573,1.12569,370000,1120000
2020-03-12 12:47:06.798000,1.12578,1.12575,3070000,750000
2020-03-12 12:47:06.901000,1.12588,1.12581,370000,190000
2020-03-12 12:47:06.952000,1.12586,1.12578,750000,370000
2020-03-12 12:47:07.003000,1.12589,1.12581,750000,750000
2020-03-12 12:47:07.105000,1.12591,1.12587,750000,370000
2020-03-12 12:47:07.155000,1.12594,1.12583,1120000,560000
2020-03-12 12:47:07.257000,1.12593,1.12584,3340000,370000
2020-03-12 12:47:07.308000,1.12593,1.12589,3340000,750000
2020-03-12 12:47:07.460000,1.12593,1.1259,3340000,750000
2020-03-12 12:47:07.511000,1.12595,1.12592,370000,750000
2020-03-12 12:47:07.714000,1.12595,1.12591,370000,750000
2020-03-12 12:47:07.917000,1.12599,1.12593,750000,750000
2020-03-12 12:47:07.968000,1.126,1.12597,4120000,750000
2020-03-12 12:47:08.121000,1.12599,1.12597,100000,750000
2020-03-12 12:47:08.324000,1.12601,1.12598,940000,750000
2020-03-12 12:47:08.426000,1.126,1.12597,1760000,750000
2020-03-12 12:47:08.545000,1.12601,1.12598,3000000,750000
2020-03-12 12:47:08.647000,1.12599,1.12596,260000,750000
2020-03-12 12:47:08.748000,1.126,1.12597,2810000,750000
2020-03-12 12:47:08.849000,1.12599,1.12597,100000,750000
2020-03-12 12:47:08.951000,1.126,1.12597,940000,750000
2020-03-12 12:47:09.001000,1.126,1.12595,750000,750000
2020-03-12 12:47:09.103000,1.126,1.12597,1050000,750000
2020-03-12 12:47:09.256000,1.126,1.12597,750000,750000
2020-03-12 12:47:09.458000,1.12602,1.12598,1460000,750000
2020-03-12 12:47:09.560000,1.12603,1.12598,2250000,750000
2020-03-12 12:47:09.795000,1.12602,1.12598,100000,750000
2020-03-12 12:47:09.896000,1.12601,1.12599,750000,750000
2020-03-12 12:47:10.149000,1.12602,1.12597,750000,1200000
2020-03-12 12:47:10.200000,1.12603,1.126,3750000,750000
2020-03-12 12:47:10.553000,1.12604,1.12602,2250000,750000
2020-03-12 12:47:10.604000,1.12619,1.12617,370000,750000
2020-03-12 12:47:10.655000,1.12617,1.12615,750000,750000
2020-03-12 12:47:10.706000,1.1262,1.12616,1120000,750000
2020-03-12 12:47:10.807000,1.12619,1.12617,750000,750000
2020-03-12 12:47:10.909000,1.12621,1.1262,1500000,750000
2020-03-12 12:47:10.959000,1.12623,1.12621,370000,750000
2020-03-12 12:47:11.061000,1.12625,1.12621,450000,750000
2020-03-12 12:47:11.212000,1.12626,1.12623,450000,1200000
2020-03-12 12:47:11.263000,1.12631,1.12628,1200000,750000
2020-03-12 12:47:11.314000,1.12635,1.12633,370000,750000
2020-03-12 12:47:11.415000,1.12635,1.12632,370000,8250000
2020-03-12 12:47:11.517000,1.12637,1.12635,370000,750000
2020-03-12 12:47:11.618000,1.12641,1.12635,370000,750000
2020-03-12 12:47:11.944000,1.1264,1.12635,100000,750000
2020-03-12 12:47:12.066000,1.12636,1.12634,750000,750000
2020-03-12 12:47:12.117000,1.12641,1.12634,370000,750000
2020-03-12 12:47:12.219000,1.1264,1.12635,100000,750000
2020-03-12 12:47:12.270000,1.12641,1.12638,100000,750000
2020-03-12 12:47:12.321000,1.12641,1.12635,260000,750000
2020-03-12 12:47:12.422000,1.12643,1.12639,750000,750000
2020-03-12 12:47:12.574000,1.12642,1.12637,100000,750000
2020-03-12 12:47:12.676000,1.12635,1.12632,1500000,1950000
2020-03-12 12:47:12.778000,1.12634,1.12632,750000,750000
2020-03-12 12:47:12.879000,1.12635,1.12632,3370000,750000
2020-03-12 12:47:12.980000,1.12626,1.12623,1690000,750000
2020-03-12 12:47:13.031000,1.12624,1.12619,1690000,1500000
2020-03-12 12:47:13.133000,1.12626,1.12624,750000,750000
2020-03-12 12:47:13.183000,1.1263,1.12622,1690000,370000
2020-03-12 12:47:13.285000,1.1263,1.12623,2250000,750000
2020-03-12 12:47:13.589000,1.12631,1.12628,300000,1500000
2020-03-12 12:47:13.691000,1.12639,1.12629,190000,370000
2020-03-12 12:47:13.793000,1.1264,1.12631,2920000,450000
2020-03-12 12:47:13.894000,1.12639,1.1263,750000,750000
2020-03-12 12:47:14.096000,1.1264,1.12634,1800000,750000
2020-03-12 12:47:14.198000,1.12642,1.1264,1120000,820000
2020-03-12 12:47:14.299000,1.12644,1.1264,750000,940000
2020-03-12 12:47:14.400000,1.12648,1.12639,190000,750000
2020-03-12 12:47:14.502000,1.12649,1.12642,750000,750000
2020-03-12 12:47:14.603000,1.1265,1.12644,300000,750000
2020-03-12 12:47:14.704000,1.12653,1.12647,940000,750000
2020-03-12 12:47:14.755000,1.12653,1.12645,940000,750000
2020-03-12 12:47:14.806000,1.12654,1.12648,1500000,750000
2020-03-12 12:47:14.907000,1.12653,1.12649,190000,750000
2020-03-12 12:47:14.958000,1.12654,1.12646,1310000,750000
2020-03-12 12:47:15.059000,1.12654,1.12644,1870000,940000
2020-03-12 12:47:15.110000,1.12654,1.12649,1120000,750000
2020-03-12 12:47:15.161000,1.12656,1.1265,750000,750000
2020-03-12 12:47:15.262000,1.12657,1.12649,750000,750000
2020-03-12 12:47:15.364000,1.12655,1.12646,750000,260000
2020-03-12 12:47:15.415000,1.12656,1.12651,820000,750000
2020-03-12 12:47:15.466000,1.12659,1.12648,1690000,1500000
2020-03-12 12:47:15.517000,1.12653,1.12648,750000,750000
2020-03-12 12:47:15.618000,1.1265,1.12645,450000,370000
2020-03-12 12:47:15.669000,1.12657,1.12646,750000,1120000
2020-03-12 12:47:15.770000,1.12658,1.12646,5060000,750000
2020-03-12 12:47:15.821000,1.12658,1.12648,3370000,370000
2020-03-12 12:47:15.922000,1.12653,1.12646,750000,1500000
2020-03-12 12:47:15.973000,1.1265,1.12641,1500000,1500000
2020-03-12 12:47:16.024000,1.12643,1.12638,2140000,1500000
2020-03-12 12:47:16.075000,1.12644,1.12634,260000,1120000
2020-03-12 12:47:16.125000,1.12634,1.12629,260000,750000
2020-03-12 12:47:16.176000,1.12634,1.12626,190000,750000
2020-03-12 12:47:16.227000,1.12632,1.12622,190000,370000
2020-03-12 12:47:16.278000,1.1263,1.12623,300000,1500000
2020-03-12 12:47:16.379000,1.12633,1.12627,750000,750000
2020-03-12 12:47:16.430000,1.12637,1.12634,100000,1120000
2020-03-12 12:47:16.532000,1.1264,1.12634,100000,3000000
2020-03-12 12:47:16.633000,1.12641,1.12634,100000,3000000
2020-03-12 12:47:16.734000,1.12645,1.12638,1050000,750000
2020-03-12 12:47:16.835000,1.12645,1.12637,2550000,750000
2020-03-12 12:47:16.936000,1.12645,1.12636,2550000,750000
2020-03-12 12:47:17.038000,1.12635,1.12631,1500000,750000
2020-03-12 12:47:17.088000,1.12628,1.12626,750000,750000
2020-03-12 12:47:17.140000,1.12627,1.12621,750000,3000000
2020-03-12 12:47:17.191000,1.12629,1.12625,750000,750000
2020-03-12 12:47:17.292000,1.12637,1.12635,370000,2250000
2020-03-12 12:47:17.343000,1.12646,1.12639,190000,750000
2020-03-12 12:47:17.444000,1.12649,1.12644,1120000,750000
2020-03-12 12:47:17.546000,1.1265,1.12644,370000,750000
2020-03-12 12:47:17.647000,1.12651,1.12644,100000,750000
2020-03-12 12:47:17.698000,1.12649,1.12641,750000,750000
2020-03-12 12:47:17.850000,1.12649,1.1264,1120000,370000
2020-03-12 12:47:17.900000,1.1265,1.12642,300000,750000
2020-03-12 12:47:18.065000,1.12643,1.12636,750000,750000
2020-03-12 12:47:18.167000,1.1263,1.12621,750000,1500000
2020-03-12 12:47:18.218000,1.1263,1.12627,300000,370000
2020-03-12 12:47:18.269000,1.1263,1.12624,300000,1500000
2020-03-12 12:47:18.320000,1.12634,1.12631,1500000,750000
2020-03-12 12:47:18.371000,1.1264,1.12638,1320000,750000
2020-03-12 12:47:18.422000,1.12643,1.12638,370000,750000
2020-03-12 12:47:18.473000,1.12643,1.12642,370000,750000
2020-03-12 12:47:18.523000,1.12645,1.12641,750000,750000
2020-03-12 12:47:18.574000,1.1265,1.12644,820000,750000
2020-03-12 12:47:18.675000,1.1265,1.12646,370000,750000
2020-03-12 12:47:18.777000,1.1265,1.12648,370000,750000
2020-03-12 12:47:18.828000,1.1265,1.12645,370000,750000
2020-03-12 12:47:18.929000,1.1265,1.12646,370000,750000
2020-03-12 12:47:18.980000,1.1265,1.12642,370000,370000
2020-03-12 12:47:19.081000,1.1265,1.12641,370000,1870000
2020-03-12 12:47:19.132000,1.12651,1.12648,750000,1120000
2020-03-12 12:47:19.183000,1.12655,1.12646,1870000,2060000
2020-03-12 12:47:19.233000,1.12655,1.12651,1870000,750000
2020-03-12 12:47:19.284000,1.12659,1.12651,1500000,1500000
2020-03-12 12:47:19.436000,1.1266,1.12651,2740000,750000
2020-03-12 12:47:19.487000,1.12658,1.1265,190000,190000
2020-03-12 12:47:19.588000,1.12663,1.12655,1120000,190000
2020-03-12 12:47:19.690000,1.1266,1.12657,370000,190000
2020-03-12 12:47:20.147000,1.12664,1.12655,1690000,190000
2020-03-12 12:47:20.249000,1.12663,1.12656,190000,100000
2020-03-12 12:47:20.350000,1.12663,1.12654,190000,640000
2020-03-12 12:47:20.451000,1.12665,1.1266,3750000,750000
2020-03-12 12:47:20.502000,1.12673,1.12668,750000,750000
2020-03-12 12:47:20.553000,1.12676,1.12669,750000,370000
2020-03-12 12:47:20.980000,1.12687,1.12686,750000,750000
2020-03-12 12:47:21.032000,1.12684,1.12677,750000,190000
2020-03-12 12:47:21.083000,1.12675,1.12668,1500000,1240000
2020-03-12 12:47:21.134000,1.12674,1.12664,940000,370000
2020-03-12 12:47:21.235000,1.1267,1.12661,1500000,1500000
2020-03-12 12:47:21.337000,1.12678,1.12669,190000,1120000
2020-03-12 12:47:21.388000,1.1268,1.12668,190000,750000
2020-03-12 12:47:21.438000,1.12673,1.12669,750000,750000
2020-03-12 12:47:21.489000,1.12675,1.12667,750000,1120000
2020-03-12 12:47:21.540000,1.1267,1.12663,750000,1200000
2020-03-12 12:47:21.641000,1.12668,1.12658,750000,370000
2020-03-12 12:47:21.698000,1.12659,1.12655,750000,750000
2020-03-12 12:47:21.749000,1.12658,1.12649,1500000,1120000
2020-03-12 12:47:21.852000,1.12659,1.12649,1500000,1120000
2020-03-12 12:47:22.072000,1.12654,1.12649,1500000,750000
2020-03-12 12:47:22.226000,1.12655,1.12649,300000,1120000
2020-03-12 12:47:22.378000,1.12654,1.12649,940000,370000
2020-03-12 12:47:22.480000,1.12651,1.12649,750000,370000
2020-03-12 12:47:22.581000,1.12652,1.12649,750000,190000
2020-03-12 12:47:22.683000,1.12654,1.12651,2210000,370000
2020-03-12 12:47:22.733000,1.12655,1.12652,300000,370000
2020-03-12 12:47:22.835000,1.12658,1.12652,190000,190000
2020-03-12 12:47:22.886000,1.12649,1.12647,940000,750000
2020-03-12 12:47:22.936000,1.12649,1.12642,1310000,100000
2020-03-12 12:47:22.987000,1.1265,1.12647,1120000,190000
2020-03-12 12:47:23.038000,1.12652,1.12648,750000,190000
2020-03-12 12:47:23.139000,1.12653,1.12649,1500000,190000
2020-03-12 12:47:23.190000,1.12655,1.12649,3750000,190000
2020-03-12 12:47:23.367000,1.12655,1.12644,5250000,370000
2020-03-12 12:47:23.418000,1.12651,1.12643,750000,750000
2020-03-12 12:47:23.519000,1.12652,1.12642,750000,370000
2020-03-12 12:47:23.622000,1.12651,1.12642,190000,370000
2020-03-12 12:47:23.673000,1.12653,1.12642,1500000,370000
2020-03-12 12:47:23.774000,1.12644,1.12638,1500000,750000
2020-03-12 12:47:23.875000,1.12644,1.12634,2620000,370000
2020-03-12 12:47:24.028000,1.12633,1.12628,940000,300000
2020-03-12 12:47:24.079000,1.12633,1.12626,940000,750000
2020-03-12 12:47:24.129000,1.12629,1.12625,750000,750000
2020-03-12 12:47:24.231000,1.12631,1.12629,1120000,370000
2020-03-12 12:47:24.281000,1.12638,1.12629,750000,370000
2020-03-12 12:47:24.383000,1.12637,1.12629,750000,370000
2020-03-12 12:47:24.434000,1.12636,1.12627,750000,370000
2020-03-12 12:47:24.485000,1.12635,1.12625,750000,370000
2020-03-12 12:47:24.689000,1.12637,1.12632,1870000,370000
2020-03-12 12:47:24.791000,1.12653,1.12643,750000,560000
2020-03-12 12:47:24.841000,1.12656,1.12647,370000,370000
2020-03-12 12:47:24.943000,1.12659,1.12654,750000,190000
2020-03-12 12:47:25.094000,1.12662,1.12657,750000,190000
2020-03-12 12:47:25.196000,1.12664,1.12657,1500000,370000
2020-03-12 12:47:25.247000,1.12671,1.12656,2440000,1310000
2020-03-12 12:47:25.298000,1.12671,1.12659,2250000,190000
2020-03-12 12:47:25.451000,1.12671,1.1266,1870000,940000
2020-03-12 12:47:25.553000,1.12665,1.12657,1800000,370000
2020-03-12 12:47:25.862000,1.12665,1.12655,1800000,560000
2020-03-12 12:47:25.913000,1.12665,1.12657,1800000,370000
2020-03-12 12:47:26.313000,1.12663,1.12657,750000,190000
2020-03-12 12:47:26.364000,1.12665,1.12658,4050000,560000
2020-03-12 12:47:26.466000,1.12663,1.12658,1500000,190000
2020-03-12 12:47:26.567000,1.12665,1.12659,370000,1120000
2020-03-12 12:47:26.669000,1.12666,1.12659,2210000,750000
2020-03-12 12:47:26.822000,1.12666,1.12658,750000,1310000
2020-03-12 12:47:26.873000,1.12665,1.12656,750000,750000
2020-03-12 12:47:26.974000,1.1266,1.12655,1500000,940000
2020-03-12 12:47:27.025000,1.12663,1.12655,750000,1120000
2020-03-12 12:47:27.076000,1.12661,1.12655,750000,750000
2020-03-12 12:47:27.177000,1.12665,1.12661,750000,750000
2020-03-12 12:47:27.278000,1.12668,1.12664,370000,750000
2020-03-12 12:47:27.329000,1.12675,1.12669,2210000,750000
2020-03-12 12:47:27.380000,1.12684,1.12682,370000,750000
2020-03-12 12:47:27.431000,1.12694,1.12684,3000000,370000
2020-03-12 12:47:27.482000,1.12696,1.12687,750000,370000
2020-03-12 12:47:27.584000,1.12703,1.12697,1120000,300000
2020-03-12 12:47:27.685000,1.12695,1.12693,7800000,2250000
2020-03-12 12:47:27.736000,1.12698,1.12694,750000,1500000
2020-03-12 12:47:27.787000,1.12699,1.12688,1870000,1120000
2020-03-12 12:47:27.888000,1.12693,1.12686,1500000,750000
2020-03-12 12:47:27.990000,1.12677,1.1267,750000,750000
2020-03-12 12:47:28.041000,1.12677,1.12668,1500000,750000
2020-03-12 12:47:28.091000,1.12674,1.12667,370000,750000
2020-03-12 12:47:28.193000,1.12671,1.12664,1090000,670000
2020-03-12 12:47:28.294000,1.12675,1.12667,370000,750000
2020-03-12 12:47:28.345000,1.12676,1.12672,370000,5250000
2020-03-12 12:47:28.396000,1.12681,1.12673,750000,750000
2020-03-12 12:47:28.447000,1.1268,1.12671,750000,750000
2020-03-12 12:47:28.498000,1.12672,1.12669,370000,750000
2020-03-12 12:47:28.599000,1.12681,1.1267,750000,750000
2020-03-12 12:47:28.700000,1.12679,1.1267,750000,750000
2020-03-12 12:47:28.802000,1.12674,1.1267,710000,750000
2020-03-12 12:47:28.904000,1.1268,1.1267,1840000,750000
2020-03-12 12:47:29.006000,1.12682,1.12673,750000,750000
2020-03-12 12:47:29.109000,1.12685,1.12676,750000,750000
2020-03-12 12:47:29.312000,1.12687,1.12683,1460000,190000
2020-03-12 12:47:29.414000,1.1269,1.12684,750000,750000
2020-03-12 12:47:29.465000,1.1269,1.12682,1500000,190000
2020-03-12 12:47:29.516000,1.12684,1.12678,2250000,750000
2020-03-12 12:47:29.617000,1.12675,1.12668,750000,370000
2020-03-12 12:47:29.668000,1.12679,1.12668,750000,370000
2020-03-12 12:47:29.821000,1.12678,1.12666,750000,1500000
2020-03-12 12:47:29.872000,1.1268,1.12677,1050000,370000
2020-03-12 12:47:29.923000,1.1268,1.12674,2250000,1310000
2020-03-12 12:47:30.024000,1.12684,1.12676,750000,370000
2020-03-12 12:47:30.227000,1.12681,1.12676,750000,370000
2020-03-12 12:47:30.277000,1.12684,1.12676,1050000,370000
2020-03-12 12:47:30.328000,1.12686,1.12682,1120000,940000
2020-03-12 12:47:30.379000,1.12692,1.12688,1870000,750000
2020-03-12 12:47:30.430000,1.12698,1.12695,750000,190000
2020-03-12 12:47:30.531000,1.12698,1.12693,190000,750000
2020-03-12 12:47:30.633000,1.12697,1.12691,750000,750000
2020-03-12 12:47:30.734000,1.12694,1.1269,750000,190000
2020-03-12 12:47:30.785000,1.12694,1.12688,750000,190000
2020-03-12 12:47:30.836000,1.12697,1.12693,750000,750000
2020-03-12 12:47:30.887000,1.12707,1.12701,1500000,750000
2020-03-12 12:47:30.937000,1.12707,1.12705,750000,940000
2020-03-12 12:47:30.988000,1.12707,1.12703,750000,190000
2020-03-12 12:47:31.039000,1.12713,1.12702,2250000,750000
2020-03-12 12:47:31.090000,1.12713,1.12708,1500000,750000
2020-03-12 12:47:31.141000,1.12716,1.1271,750000,190000
2020-03-12 12:47:31.242000,1.12719,1.12709,1500000,190000
2020-03-12 12:47:31.343000,1.1272,1.12708,2250000,370000
2020-03-12 12:47:31.444000,1.1272,1.1271,2250000,750000
2020-03-12 12:47:31.545000,1.12721,1.12719,1500000,1120000
2020-03-12 12:47:31.596000,1.1272,1.12715,1500000,940000
2020-03-12 12:47:31.697000,1.12718,1.12714,190000,750000
2020-03-12 12:47:31.748000,1.12713,1.12706,1500000,750000
2020-03-12 12:47:31.850000,1.12715,1.12706,1050000,370000
2020-03-12 12:47:31.951000,1.12719,1.12708,1500000,190000
2020-03-12 12:47:32.052000,1.12719,1.12714,1500000,190000
2020-03-12 12:47:32.154000,1.12724,1.12721,1120000,190000
2020-03-12 12:47:32.205000,1.12721,1.12716,750000,750000
2020-03-12 12:47:32.306000,1.12721,1.12711,820000,560000
2020-03-12 12:47:32.357000,1.12722,1.12713,820000,190000
2020-03-12 12:47:32.407000,1.12722,1.12711,820000,190000
2020-03-12 12:47:32.508000,1.12721,1.12713,100000,190000
2020-03-12 12:47:32.610000,1.12722,1.12713,750000,370000
2020-03-12 12:47:32.711000,1.12723,1.12713,1500000,370000
2020-03-12 12:47:32.812000,1.12715,1.1271,750000,370000
2020-03-12 12:47:32.863000,1.12715,1.12706,2250000,750000
2020-03-12 12:47:32.914000,1.12712,1.12705,750000,560000
2020-03-12 12:47:32.965000,1.12719,1.12706,1500000,190000
2020-03-12 12:47:33.016000,1.1271,1.12706,300000,560000
2020-03-12 12:47:33.118000,1.12706,1.12699,370000,190000
2020-03-12 12:47:33.170000,1.12706,1.12701,370000,190000
2020-03-12 12:47:33.273000,1.12708,1.12706,750000,370000
2020-03-12 12:47:33.375000,1.12715,1.12704,3750000,190000
2020-03-12 12:47:33.527000,1.12715,1.12707,3750000,370000
2020-03-12 12:47:33.675000,1.12717,1.12715,3000000,190000
2020-03-12 12:47:33.726000,1.1272,1.12712,100000,2440000
2020-03-12 12:47:33.777000,1.12722,1.12714,2810000,370000
2020-03-12 12:47:33.878000,1.12721,1.12713,820000,190000
2020-03-12 12:47:33.979000,1.12719,1.12709,260000,190000
2020-03-12 12:47:34.030000,1.12715,1.12709,450000,190000
2020-03-12 12:47:34.232000,1.12715,1.12713,370000,190000
2020-03-12 12:47:34.334000,1.12727,1.12718,1120000,750000
2020-03-12 12:47:34.486000,1.1272,1.12713,750000,1200000
2020-03-12 12:47:34.587000,1.12719,1.12713,940000,750000
2020-03-12 12:47:34.745000,1.1272,1.12717,1500000,370000
2020-03-12 12:47:34.796000,1.12732,1.12731,2250000,750000
2020-03-12 12:47:34.847000,1.12736,1.12728,750000,300000
2020-03-12 12:47:34.948000,1.12741,1.12729,2940000,370000
2020-03-12 12:47:35.049000,1.12735,1.12728,750000,300000
2020-03-12 12:47:35.100000,1.12738,1.12728,750000,300000
2020-03-12 12:47:35.201000,1.12737,1.12725,1870000,560000
2020-03-12 12:47:35.252000,1.12735,1.12726,750000,370000
2020-03-12 12:47:35.353000,1.12731,1.12726,750000,370000
2020-03-12 12:47:35.672000,1.12732,1.12727,750000,370000
2020-03-12 12:47:35.773000,1.12734,1.1273,750000,370000
2020-03-12 12:47:35.824000,1.12733,1.12728,750000,1120000
2020-03-12 12:47:35.875000,1.12736,1.12733,750000,1120000
2020-03-12 12:47:35.925000,1.12739,1.12733,750000,1120000
2020-03-12 12:47:35.976000,1.12739,1.12738,750000,750000
2020-03-12 12:47:36.027000,1.12742,1.12739,370000,750000
2020-03-12 12:47:36.078000,1.12744,1.12738,750000,750000
2020-03-12 12:47:36.129000,1.12742,1.12738,750000,750000
2020-03-12 12:47:36.230000,1.12743,1.12737,750000,370000
2020-03-12 12:47:36.382000,1.12741,1.12736,750000,1120000
2020-03-12 12:47:36.483000,1.12741,1.12737,750000,750000
2020-03-12 12:47:36.534000,1.12748,1.12741,750000,1870000
2020-03-12 12:47:36.686000,1.12747,1.12742,750000,370000
2020-03-12 12:47:36.788000,1.12742,1.1274,750000,750000
2020-03-12 12:47:36.889000,1.12747,1.12736,750000,1870000
2020-03-12 12:47:36.991000,1.12742,1.12739,750000,750000
2020-03-12 12:47:37.042000,1.1274,1.12738,750000,750000
2020-03-12 12:47:37.093000,1.12743,1.12739,750000,370000
2020-03-12 12:47:37.144000,1.12744,1.12741,750000,370000
2020-03-12 12:47:37.195000,1.12744,1.12738,190000,1500000
2020-03-12 12:47:37.297000,1.12743,1.1274,750000,750000
2020-03-12 12:47:37.348000,1.1275,1.12742,750000,750000
2020-03-12 12:47:37.450000,1.12744,1.12736,750000,370000
2020-03-12 12:47:37.551000,1.12747,1.12741,2060000,750000
2020-03-12 12:47:37.653000,1.12751,1.12746,750000,750000
2020-03-12 12:47:37.703000,1.12751,1.12744,750000,750000
2020-03-12 12:47:37.754000,1.12748,1.12743,190000,370000
2020-03-12 12:47:37.906000,1.12752,1.12749,190000,750000
2020-03-12 12:47:37.957000,1.1275,1.12746,190000,750000
2020-03-12 12:47:38.008000,1.12747,1.12744,750000,750000
2020-03-12 12:47:38.059000,1.12745,1.1274,750000,560000
2020-03-12 12:47:38.160000,1.1274,1.12736,750000,940000
2020-03-12 12:47:38.262000,1.12737,1.12731,750000,750000
2020-03-12 12:47:38.312000,1.1273,1.1272,750000,750000
2020-03-12 12:47:38.363000,1.12728,1.12721,750000,1500000
2020-03-12 12:47:38.465000,1.12725,1.12718,750000,300000
2020-03-12 12:47:38.515000,1.12727,1.12718,750000,300000
2020-03-12 12:47:38.566000,1.12726,1.12716,750000,1500000
2020-03-12 12:47:38.617000,1.12725,1.12718,750000,370000
2020-03-12 12:47:38.719000,1.1272,1.12716,750000,750000
2020-03-12 12:47:38.769000,1.12721,1.12712,750000,750000
2020-03-12 12:47:38.871000,1.12719,1.12712,750000,750000
2020-03-12 12:47:38.972000,1.12723,1.12716,750000,1500000
2020-03-12 12:47:39.073000,1.12721,1.12718,750000,450000
2020-03-12 12:47:39.175000,1.12719,1.12711,750000,2250000
2020-03-12 12:47:39.428000,1.1272,1.12711,750000,2250000
2020-03-12 12:47:39.529000,1.12719,1.12711,1500000,2250000
2020-03-12 12:47:39.580000,1.12722,1.12711,750000,1500000
2020-03-12 12:47:39.681000,1.12719,1.12713,750000,300000
2020-03-12 12:47:39.884000,1.1272,1.12712,1500000,750000
2020-03-12 12:47:39.986000,1.12721,1.12712,750000,750000
2020-03-12 12:47:40.088000,1.12719,1.12713,750000,300000
2020-03-12 12:47:40.139000,1.12723,1.12713,1690000,300000
2020-03-12 12:47:40.241000,1.12722,1.12713,750000,300000
2020-03-12 12:47:40.343000,1.12722,1.12719,1460000,750000
2020-03-12 12:47:40.394000,1.12739,1.12737,750000,8470000
2020-03-12 12:47:40.444000,1.12749,1.12746,1460000,8470000
2020-03-12 12:47:40.495000,1.12749,1.1274,1500000,8470000
2020-03-12 12:47:40.546000,1.12746,1.12733,750000,2440000
2020-03-12 12:47:40.597000,1.12742,1.12734,750000,750000
2020-03-12 12:47:40.699000,1.12742,1.12736,750000,750000
2020-03-12 12:47:40.852000,1.1274,1.12736,750000,750000
2020-03-12 12:47:41.005000,1.12749,1.12748,3000000,940000
2020-03-12 12:47:41.056000,1.12761,1.12754,3190000,750000
2020-03-12 12:47:41.108000,1.12767,1.12765,750000,370000
2020-03-12 12:47:41.159000,1.12772,1.12763,750000,750000
2020-03-12 12:47:41.211000,1.12766,1.12759,750000,750000
2020-03-12 12:47:41.312000,1.12767,1.12751,750000,750000
2020-03-12 12:47:41.363000,1.12755,1.12748,750000,750000
2020-03-12 12:47:41.414000,1.12749,1.12738,3000000,1500000
2020-03-12 12:47:41.465000,1.12749,1.1274,2250000,1500000
2020-03-12 12:47:41.566000,1.12761,1.12746,750000,750000
2020-03-12 12:47:41.617000,1.12755,1.12751,750000,1500000
2020-03-12 12:47:41.719000,1.12764,1.12753,750000,300000
2020-03-12 12:47:41.769000,1.12757,1.12748,750000,450000
2020-03-12 12:47:41.871000,1.12754,1.12748,750000,450000
2020-03-12 12:47:41.922000,1.12756,1.12748,750000,450000
2020-03-12 12:47:41.973000,1.12756,1.12746,750000,2250000
2020-03-12 12:47:42.023000,1.12763,1.12756,370000,750000
2020-03-12 12:47:42.125000,1.12758,1.12757,750000,300000
2020-03-12 12:47:42.176000,1.12752,1.12746,750000,1500000
2020-03-12 12:47:42.227000,1.12756,1.12747,750000,750000
2020-03-12 12:47:42.328000,1.12757,1.12751,750000,750000
2020-03-12 12:47:42.429000,1.12754,1.12748,450000,450000
2020-03-12 12:47:42.479000,1.12757,1.12748,750000,450000
2020-03-12 12:47:42.581000,1.12756,1.12748,750000,450000
2020-03-12 12:47:42.632000,1.12753,1.12748,750000,450000
2020-03-12 12:47:42.682000,1.12753,1.12746,750000,2250000
2020-03-12 12:47:42.734000,1.12755,1.12746,750000,1500000
2020-03-12 12:47:42.835000,1.12754,1.12746,750000,750000
2020-03-12 12:47:42.886000,1.12759,1.12752,750000,1870000
2020-03-12 12:47:42.987000,1.1276,1.12753,750000,370000
2020-03-12 12:47:43.089000,1.12763,1.12755,1120000,750000
2020-03-12 12:47:43.190000,1.12766,1.12754,940000,750000
2020-03-12 12:47:43.291000,1.12763,1.12755,190000,750000
2020-03-12 12:47:43.393000,1.12762,1.12755,750000,750000
2020-03-12 12:47:43.445000,1.12765,1.12755,1310000,750000
2020-03-12 12:47:43.496000,1.12765,1.12753,940000,450000
2020-03-12 12:47:43.700000,1.12766,1.12753,750000,450000
2020-03-12 12:47:43.979000,1.12754,1.12752,750000,450000
2020-03-12 12:47:44.029000,1.12745,1.12734,750000,750000
2020-03-12 12:47:44.080000,1.12739,1.12735,750000,750000
2020-03-12 12:47:44.131000,1.1274,1.12731,750000,750000
2020-03-12 12:47:44.232000,1.12743,1.12731,750000,1500000
2020-03-12 12:47:44.283000,1.1275,1.12745,750000,300000
2020-03-12 12:47:44.385000,1.1275,1.12748,750000,750000
2020-03-12 12:47:44.437000,1.12749,1.1274,750000,750000
2020-03-12 12:47:44.488000,1.12754,1.1275,750000,370000
2020-03-12 12:47:44.539000,1.12753,1.12744,190000,750000
2020-03-12 12:47:44.641000,1.12751,1.12741,190000,1120000
2020-03-12 12:47:44.692000,1.12745,1.12739,750000,750000
2020-03-12 12:47:44.793000,1.12745,1.12737,750000,750000
2020-03-12 12:47:44.844000,1.12745,1.12742,750000,750000
2020-03-12 12:47:44.894000,1.12749,1.12742,750000,750000
2020-03-12 12:47:44.995000,1.12748,1.12741,750000,750000
2020-03-12 12:47:45.096000,1.1275,1.12741,750000,750000
2020-03-12 12:47:45.198000,1.12755,1.12753,750000,750000
2020-03-12 12:47:45.248000,1.12766,1.12759,2250000,750000
2020-03-12 12:47:45.299000,1.12769,1.1276,370000,370000
2020-03-12 12:47:45.350000,1.12767,1.12756,940000,370000
2020-03-12 12:47:45.401000,1.12762,1.12755,710000,750000
2020-03-12 12:47:45.502000,1.1276,1.12755,710000,750000
2020-03-12 12:47:45.604000,1.1276,1.12753,1460000,750000
2020-03-12 12:47:45.705000,1.12759,1.12755,1090000,1120000
2020-03-12 12:47:45.807000,1.1276,1.12755,710000,750000
2020-03-12 12:47:45.908000,1.1276,1.12753,710000,750000
2020-03-12 12:47:46.137000,1.1276,1.12748,710000,3750000
2020-03-12 12:47:46.188000,1.1276,1.12754,1500000,370000
2020-03-12 12:47:46.239000,1.12762,1.12761,710000,370000
2020-03-12 12:47:46.290000,1.12766,1.12758,750000,300000
2020-03-12 12:47:46.391000,1.12764,1.12756,1500000,370000
2020-03-12 12:47:46.493000,1.1276,1.12752,750000,190000
2020-03-12 12:47:46.594000,1.12758,1.12752,1500000,190000
2020-03-12 12:47:46.696000,1.12754,1.12752,750000,190000
2020-03-12 12:47:47.148000,1.12757,1.12752,750000,190000
2020-03-12 12:47:47.350000,1.12759,1.12754,450000,750000
2020-03-12 12:47:47.401000,1.12759,1.12752,750000,750000
2020-03-12 12:47:47.452000,1.12761,1.12754,750000,750000
2020-03-12 12:47:47.553000,1.12763,1.12757,2700000,750000
2020-03-12 12:47:47.604000,1.12763,1.12754,1950000,1120000
2020-03-12 12:47:47.705000,1.1276,1.12751,750000,1120000
2020-03-12 12:47:47.756000,1.1276,1.12751,940000,1120000
2020-03-12 12:47:48.059000,1.1276,1.12751,940000,1500000
2020-03-12 12:47:48.261000,1.1276,1.12751,940000,1870000
2020-03-12 12:47:48.312000,1.1276,1.12754,750000,370000
2020-03-12 12:47:48.413000,1.1276,1.12751,750000,2620000
2020-03-12 12:47:48.464000,1.12764,1.12757,1120000,370000
2020-03-12 12:47:48.565000,1.12765,1.12758,750000,370000
2020-03-12 12:47:48.666000,1.12759,1.12754,1500000,750000
2020-03-12 12:47:48.717000,1.12756,1.12744,750000,750000
2020-03-12 12:47:48.819000,1.12756,1.12743,190000,370000
2020-03-12 12:47:48.920000,1.12756,1.12743,940000,370000
2020-03-12 12:47:49.072000,1.12754,1.12741,1500000,370000
2020-03-12 12:47:49.225000,1.12751,1.12742,1500000,300000
2020-03-12 12:47:49.326000,1.12745,1.12737,3000000,1050000
2020-03-12 12:47:49.428000,1.12745,1.12736,190000,750000
2020-03-12 12:47:49.529000,1.12745,1.12737,750000,750000
2020-03-12 12:47:49.581000,1.12748,1.12738,190000,750000
2020-03-12 12:47:49.682000,1.12743,1.12732,1500000,1240000
2020-03-12 12:47:49.734000,1.12743,1.12732,750000,750000
2020-03-12 12:47:49.785000,1.1274,1.12732,750000,940000
2020-03-12 12:47:49.836000,1.1274,1.1273,940000,750000
2020-03-12 12:47:49.938000,1.12741,1.12733,750000,940000
2020-03-12 12:47:50.039000,1.1274,1.12735,750000,750000
2020-03-12 12:47:50.141000,1.1274,1.12734,940000,940000
2020-03-12 12:47:50.192000,1.1274,1.12732,930000,450000
2020-03-12 12:47:50.294000,1.12739,1.12728,750000,750000
2020-03-12 12:47:50.345000,1.12736,1.12726,750000,750000
2020-03-12 12:47:50.447000,1.12726,1.12721,750000,750000
2020-03-12 12:47:50.498000,1.12725,1.12718,190000,750000
2020-03-12 12:47:50.549000,1.12726,1.12721,750000,750000
2020-03-12 12:47:50.651000,1.12731,1.12721,560000,1690000
2020-03-12 12:47:50.753000,1.12731,1.12721,190000,750000
2020-03-12 12:47:50.804000,1.12733,1.12721,190000,3190000
2020-03-12 12:47:50.905000,1.12736,1.12721,1310000,3190000
2020-03-12 12:47:50.957000,1.1273,1.12721,190000,3000000
2020-03-12 12:47:51.058000,1.12732,1.12721,190000,2250000
2020-03-12 12:47:51.160000,1.12732,1.12721,190000,940000
2020-03-12 12:47:51.261000,1.12731,1.12721,190000,750000
2020-03-12 12:47:51.312000,1.12735,1.12721,190000,1120000
2020-03-12 12:47:51.363000,1.12733,1.12722,190000,750000
2020-03-12 12:47:51.464000,1.12735,1.12727,190000,750000
2020-03-12 12:47:51.514000,1.12739,1.12727,3370000,3000000
2020-03-12 12:47:51.565000,1.1274,1.12728,3000000,370000
2020-03-12 12:47:51.666000,1.12738,1.12729,190000,940000
2020-03-12 12:47:51.768000,1.12737,1.12727,190000,750000
2020-03-12 12:47:51.884000,1.12728,1.12726,750000,750000
2020-03-12 12:47:51.935000,1.12723,1.12721,750000,1500000
2020-03-12 12:47:51.986000,1.12725,1.12721,750000,1500000
2020-03-12 12:47:52.088000,1.12723,1.12719,750000,190000
2020-03-12 12:47:52.140000,1.12726,1.12716,190000,1690000
2020-03-12 12:47:52.191000,1.12721,1.12716,750000,190000
2020-03-12 12:47:52.293000,1.12712,1.1271,750000,1500000
2020-03-12 12:47:52.344000,1.12715,1.12705,940000,750000
2020-03-12 12:47:52.445000,1.12715,1.12703,190000,750000
2020-03-12 12:47:52.496000,1.12715,1.12705,190000,750000
2020-03-12 12:47:52.597000,1.12715,1.12705,190000,750000
2020-03-12 12:47:52.698000,1.12717,1.12708,370000,1500000
2020-03-12 12:47:52.802000,1.12716,1.12708,370000,370000
2020-03-12 12:47:52.853000,1.12721,1.12707,370000,1050000
2020-03-12 12:47:52.954000,1.12721,1.12707,190000,670000
2020-03-12 12:47:53.157000,1.12721,1.12707,190000,2170000
2020-03-12 12:47:53.258000,1.1272,1.12707,190000,2170000
2020-03-12 12:47:53.359000,1.12719,1.12706,370000,750000
2020-03-12 12:47:53.460000,1.1272,1.12706,190000,1500000
2020-03-12 12:47:53.561000,1.12729,1.12716,1500000,3750000
2020-03-12 12:47:53.663000,1.12728,1.12722,220000,1950000
2020-03-12 12:47:53.764000,1.12728,1.12717,1350000,750000
2020-03-12 12:47:53.866000,1.12726,1.12717,190000,750000
2020-03-12 12:47:53.967000,1.12726,1.12716,190000,750000
2020-03-12 12:47:54.119000,1.12727,1.12716,190000,750000
2020-03-12 12:47:54.221000,1.12729,1.12721,750000,750000
2020-03-12 12:47:54.322000,1.12729,1.12721,560000,750000
2020-03-12 12:47:54.474000,1.12729,1.12721,560000,750000
2020-03-12 12:47:54.626000,1.12729,1.12721,1120000,1500000
2020-03-12 12:47:54.728000,1.12729,1.12721,1120000,4500000
2020-03-12 12:47:54.779000,1.12732,1.12726,220000,300000
2020-03-12 12:47:54.932000,1.12733,1.12727,410000,1050000
2020-03-12 12:47:54.983000,1.12733,1.12724,560000,750000
2020-03-12 12:47:55.034000,1.12729,1.12719,450000,750000
2020-03-12 12:47:55.085000,1.12727,1.12716,940000,2250000
2020-03-12 12:47:55.187000,1.12725,1.12716,750000,1500000
2020-03-12 12:47:55.290000,1.12725,1.12717,750000,300000
2020-03-12 12:47:55.391000,1.12731,1.12721,190000,1500000
2020-03-12 12:47:55.442000,1.12731,1.12725,190000,750000
2020-03-12 12:47:55.493000,1.12733,1.12726,1540000,1500000
2020-03-12 12:47:55.594000,1.12732,1.12722,750000,450000
2020-03-12 12:47:55.696000,1.12732,1.12726,370000,750000
2020-03-12 12:47:55.797000,1.12733,1.12728,560000,750000
2020-03-12 12:47:55.848000,1.12739,1.12737,750000,190000
2020-03-12 12:47:55.963000,1.1275,1.12741,370000,1870000
2020-03-12 12:47:56.013000,1.1275,1.12745,370000,750000
2020-03-12 12:47:56.064000,1.12756,1.12743,190000,4870000
2020-03-12 12:47:56.115000,1.12756,1.12746,190000,750000
2020-03-12 12:47:56.166000,1.12756,1.12743,190000,2250000
2020-03-12 12:47:56.216000,1.12758,1.12747,560000,750000
2020-03-12 12:47:56.318000,1.1276,1.12751,190000,2250000
2020-03-12 12:47:56.419000,1.12761,1.12753,1120000,1500000
2020-03-12 12:47:56.520000,1.12762,1.12755,190000,1500000
2020-03-12 12:47:56.622000,1.12762,1.12754,190000,750000
2020-03-12 12:47:56.672000,1.12762,1.12752,190000,1500000
2020-03-12 12:47:56.774000,1.12762,1.12753,190000,750000
2020-03-12 12:47:56.875000,1.12766,1.12759,190000,750000
2020-03-12 12:47:56.926000,1.12768,1.12759,750000,750000
2020-03-12 12:47:56.978000,1.12768,1.12754,190000,750000
2020-03-12 12:47:57.080000,1.12766,1.12757,190000,2250000
2020-03-12 12:47:57.182000,1.12759,1.12757,190000,1500000
2020-03-12 12:47:57.234000,1.12753,1.12748,750000,370000
2020-03-12 12:47:57.336000,1.12756,1.12752,750000,750000
2020-03-12 12:47:57.388000,1.12762,1.12749,190000,1500000
2020-03-12 12:47:57.490000,1.12759,1.1275,190000,1120000
2020-03-12 12:47:57.592000,1.12751,1.12745,2250000,1500000
2020-03-12 12:47:57.643000,1.12758,1.12746,940000,750000
2020-03-12 12:47:57.694000,1.12758,1.12748,190000,1500000
2020-03-12 12:47:57.795000,1.12755,1.12751,750000,1800000
2020-03-12 12:47:57.897000,1.12757,1.12748,370000,750000
2020-03-12 12:47:57.998000,1.12761,1.12746,190000,750000
2020-03-12 12:47:58.099000,1.12761,1.12747,190000,370000
2020-03-12 12:47:58.200000,1.12763,1.12751,940000,750000
2020-03-12 12:47:58.302000,1.12768,1.12758,1690000,2250000
2020-03-12 12:47:58.403000,1.12766,1.12754,750000,750000
2020-03-12 12:47:58.454000,1.12765,1.12752,1690000,300000
2020-03-12 12:47:58.504000,1.12768,1.12757,940000,750000
2020-03-12 12:47:58.606000,1.12762,1.12754,750000,150000
2020-03-12 12:47:58.707000,1.12771,1.1276,190000,1120000
2020-03-12 12:47:58.808000,1.12772,1.12759,750000,190000
2020-03-12 12:47:58.975000,1.12772,1.12758,750000,1310000
2020-03-12 12:47:59.177000,1.12771,1.1276,750000,370000
2020-03-12 12:47:59.531000,1.12773,1.1276,2250000,1120000
2020-03-12 12:47:59.582000,1.12756,1.12754,3750000,940000
2020-03-12 12:47:59.632000,1.12752,1.12746,750000,370000
2020-03-12 12:47:59.683000,1.12756,1.1275,940000,370000
2020-03-12 12:47:59.734000,1.12759,1.12752,370000,750000
2020-03-12 12:47:59.785000,1.12759,1.12755,370000,100000
2020-03-12 12:47:59.886000,1.12756,1.12752,370000,1500000
2020-03-12 12:47:59.987000,1.12759,1.12755,1500000,750000
2020-03-12 12:48:00.038000,1.12758,1.12751,750000,100000
2020-03-12 12:48:00.089000,1.12758,1.12752,750000,100000
2020-03-12 12:48:00.140000,1.12757,1.12748,750000,1120000
2020-03-12 12:48:00.191000,1.12756,1.12748,750000,750000
2020-03-12 12:48:00.242000,1.12756,1.12747,750000,370000
2020-03-12 12:48:00.293000,1.12751,1.12745,750000,750000
2020-03-12 12:48:00.343000,1.12751,1.12738,1500000,1500000
2020-03-12 12:48:00.394000,1.12751,1.1274,750000,370000
2020-03-12 12:48:00.496000,1.12751,1.12747,750000,750000
2020-03-12 12:48:00.597000,1.12756,1.12745,750000,1870000
2020-03-12 12:48:00.749000,1.12759,1.12746,6000000,940000
2020-03-12 12:48:00.850000,1.12756,1.12747,750000,490000
2020-03-12 12:48:00.952000,1.12754,1.12747,1500000,300000
2020-03-12 12:48:01.054000,1.12751,1.12742,750000,450000
2020-03-12 12:48:01.155000,1.1275,1.12738,750000,750000
2020-03-12 12:48:01.256000,1.1275,1.1274,1500000,370000
2020-03-12 12:48:01.358000,1.1275,1.12743,1500000,190000
2020-03-12 12:48:01.459000,1.1275,1.12742,750000,820000
2020-03-12 12:48:01.560000,1.12754,1.12751,750000,750000
2020-03-12 12:48:01.661000,1.1276,1.12752,750000,300000
2020-03-12 12:48:01.712000,1.12762,1.12757,750000,1500000
2020-03-12 12:48:01.813000,1.12762,1.12753,2250000,190000
2020-03-12 12:48:01.864000,1.12762,1.12755,750000,370000
2020-03-12 12:48:01.965000,1.12763,1.12757,750000,370000
2020-03-12 12:48:02.016000,1.12763,1.12753,3750000,1120000
2020-03-12 12:48:02.067000,1.12764,1.12756,1500000,370000
2020-03-12 12:48:02.168000,1.12764,1.12756,750000,750000
2020-03-12 12:48:02.269000,1.12756,1.12752,750000,750000
2020-03-12 12:48:02.320000,1.12754,1.12747,750000,450000
2020-03-12 12:48:02.421000,1.12754,1.12748,1500000,2250000
2020-03-12 12:48:02.472000,1.12753,1.12748,750000,2250000
2020-03-12 12:48:02.573000,1.12753,1.12747,1500000,450000
2020-03-12 12:48:02.624000,1.12757,1.12751,750000,750000
2020-03-12 12:48:02.725000,1.12759,1.1275,2440000,750000
2020-03-12 12:48:02.826000,1.1276,1.12752,750000,750000
2020-03-12 12:48:02.927000,1.1276,1.1275,2250000,2250000
2020-03-12 12:48:02.978000,1.12759,1.1275,750000,1500000
2020-03-12 12:48:03.029000,1.1276,1.12752,750000,1500000
2020-03-12 12:48:03.079000,1.12759,1.12752,750000,1500000
2020-03-12 12:48:03.130000,1.12759,1.1275,750000,2250000
2020-03-12 12:48:03.181000,1.12761,1.1275,3750000,2250000
2020-03-12 12:48:03.232000,1.12752,1.1275,2250000,750000
2020-03-12 12:48:03.334000,1.12749,1.12738,750000,1500000
2020-03-12 12:48:03.385000,1.12747,1.12738,1500000,750000
2020-03-12 12:48:03.435000,1.12747,1.12736,2620000,2250000
2020-03-12 12:48:03.486000,1.12747,1.1274,3370000,750000
2020-03-12 12:48:03.587000,1.12751,1.12746,750000,750000
2020-03-12 12:48:03.638000,1.12753,1.12747,2250000,750000
2020-03-12 12:48:03.689000,1.12753,1.12742,750000,940000
2020-03-12 12:48:03.740000,1.12754,1.12745,750000,750000
2020-03-12 12:48:03.791000,1.12754,1.12743,1870000,750000
2020-03-12 12:48:03.841000,1.12753,1.12744,370000,1500000
2020-03-12 12:48:03.892000,1.12758,1.12757,750000,1500000
2020-03-12 12:48:03.943000,1.12762,1.12757,370000,1870000
2020-03-12 12:48:04.044000,1.12765,1.12758,750000,370000
2020-03-12 12:48:04.146000,1.12766,1.12759,1120000,750000
2020-03-12 12:48:04.247000,1.12764,1.12757,750000,750000
2020-03-12 12:48:04.298000,1.12766,1.12757,1120000,750000
2020-03-12 12:48:04.400000,1.12764,1.12757,750000,750000
2020-03-12 12:48:04.501000,1.12762,1.12757,750000,750000
2020-03-12 12:48:04.602000,1.12758,1.12754,750000,750000
2020-03-12 12:48:04.653000,1.12756,1.12748,3000000,1500000
2020-03-12 12:48:04.704000,1.12758,1.12748,750000,1870000
2020-03-12 12:48:04.755000,1.12758,1.1275,750000,1870000
2020-03-12 12:48:04.856000,1.12761,1.1275,750000,3000000
2020-03-12 12:48:04.907000,1.12764,1.12755,750000,1500000
2020-03-12 12:48:04.958000,1.12766,1.12756,1120000,750000
2020-03-12 12:48:05.059000,1.12767,1.12756,750000,450000
2020-03-12 12:48:05.110000,1.12762,1.12756,750000,450000
2020-03-12 12:48:05.161000,1.12766,1.12757,370000,750000
2020-03-12 12:48:05.212000,1.12765,1.12754,750000,1500000
2020-03-12 12:48:05.263000,1.12761,1.12754,750000,1870000
2020-03-12 12:48:05.364000,1.12765,1.12759,750000,370000
2020-03-12 12:48:05.465000,1.12769,1.1276,750000,940000
2020-03-12 12:48:05.567000,1.12769,1.1276,750000,1120000
2020-03-12 12:48:05.668000,1.12763,1.1276,750000,750000
2020-03-12 12:48:05.769000,1.12758,1.12756,750000,750000
2020-03-12 12:48:05.820000,1.12761,1.12756,1690000,750000
2020-03-12 12:48:05.871000,1.12761,1.12752,750000,750000
2020-03-12 12:48:05.922000,1.12761,1.12749,1500000,750000
2020-03-12 12:48:06.023000,1.12761,1.12748,750000,750000
2020-03-12 12:48:06.073000,1.12758,1.12748,750000,750000
2020-03-12 12:48:06.175000,1.12755,1.12747,750000,300000
2020-03-12 12:48:06.276000,1.12754,1.12746,750000,1120000
2020-03-12 12:48:06.379000,1.12752,1.12742,750000,370000
2020-03-12 12:48:06.481000,1.12751,1.12742,750000,450000
2020-03-12 12:48:06.633000,1.12753,1.12742,750000,370000
2020-03-12 12:48:06.734000,1.12753,1.12742,750000,370000
2020-03-12 12:48:06.785000,1.12756,1.12745,1500000,750000
2020-03-12 12:48:06.887000,1.12761,1.1275,750000,1500000
2020-03-12 12:48:07.038000,1.12761,1.12752,750000,300000
2020-03-12 12:48:07.089000,1.12765,1.12752,750000,490000
2020-03-12 12:48:07.140000,1.12753,1.12751,750000,300000
2020-03-12 12:48:07.191000,1.12754,1.12748,2250000,370000
2020-03-12 12:48:07.242000,1.12751,1.12746,750000,370000
2020-03-12 12:48:07.293000,1.12749,1.12743,1950000,750000
2020-03-12 12:48:07.394000,1.12746,1.1274,150000,370000
2020-03-12 12:48:07.445000,1.12745,1.12738,750000,370000
2020-03-12 12:48:07.597000,1.12746,1.12738,750000,750000
2020-03-12 12:48:07.648000,1.12747,1.12742,750000,190000
2020-03-12 12:48:07.699000,1.12752,1.12742,3070000,940000
2020-03-12 12:48:07.800000,1.12753,1.12744,1120000,1500000
2020-03-12 12:48:07.851000,1.12752,1.12747,370000,750000
2020-03-12 12:48:07.952000,1.12756,1.12753,370000,750000
2020-03-12 12:48:08.003000,1.12756,1.12751,750000,750000
2020-03-12 12:48:08.054000,1.12755,1.12748,750000,1500000
2020-03-12 12:48:08.105000,1.12757,1.12748,1500000,750000
2020-03-12 12:48:08.206000,1.12753,1.1275,750000,750000
2020-03-12 12:48:08.257000,1.12755,1.12746,750000,190000
2020-03-12 12:48:08.309000,1.12755,1.12748,750000,750000
2020-03-12 12:48:08.359000,1.12754,1.12746,820000,190000
2020-03-12 12:48:08.411000,1.12756,1.12748,820000,190000
2020-03-12 12:48:08.512000,1.12755,1.12749,750000,750000
2020-03-12 12:48:08.563000,1.12755,1.12747,820000,750000
2020-03-12 12:48:08.614000,1.12751,1.12743,1500000,1500000
2020-03-12 12:48:08.716000,1.12743,1.12742,750000,370000
2020-03-12 12:48:08.767000,1.12742,1.12739,750000,1500000
2020-03-12 12:48:08.818000,1.1274,1.12738,750000,1500000
2020-03-12 12:48:08.868000,1.1274,1.12735,750000,750000
2020-03-12 12:48:08.919000,1.12742,1.12738,750000,750000
2020-03-12 12:48:09.020000,1.1274,1.12737,750000,750000
2020-03-12 12:48:09.122000,1.1274,1.12739,750000,750000
2020-03-12 12:48:09.223000,1.12738,1.12733,750000,2250000
2020-03-12 12:48:09.476000,1.12734,1.12732,750000,1050000
2020-03-12 12:48:09.526000,1.12733,1.12731,750000,1050000
2020-03-12 12:48:09.628000,1.12738,1.12732,750000,300000
2020-03-12 12:48:09.780000,1.12735,1.12734,750000,1500000
2020-03-12 12:48:09.831000,1.1274,1.12734,750000,1500000
2020-03-12 12:48:09.881000,1.12733,1.12732,750000,750000
2020-03-12 12:48:09.932000,1.12735,1.12731,100000,750000
2020-03-12 12:48:09.983000,1.12736,1.12727,1690000,1120000
2020-03-12 12:48:10.034000,1.12731,1.12728,750000,750000
2020-03-12 12:48:10.136000,1.12735,1.1273,100000,750000
2020-03-12 12:48:10.187000,1.1273,1.12728,750000,750000
2020-03-12 12:48:10.289000,1.12726,1.1272,750000,1500000
2020-03-12 12:48:10.390000,1.12726,1.12719,750000,100000
2020-03-12 12:48:10.441000,1.12721,1.12715,750000,750000
2020-03-12 12:48:10.542000,1.12721,1.12712,750000,300000
2020-03-12 12:48:10.693000,1.12721,1.12714,750000,750000
2020-03-12 12:48:10.744000,1.12724,1.12715,750000,750000
2020-03-12 12:48:11.049000,1.12727,1.12715,750000,1500000
2020-03-12 12:48:11.100000,1.12727,1.1272,750000,750000
2020-03-12 12:48:11.151000,1.12727,1.12717,750000,750000
2020-03-12 12:48:11.202000,1.1273,1.12717,750000,1200000
2020-03-12 12:48:11.253000,1.1273,1.12719,750000,750000
2020-03-12 12:48:11.354000,1.12724,1.1272,750000,1500000
2020-03-12 12:48:11.405000,1.12719,1.12717,750000,450000
2020-03-12 12:48:11.456000,1.12715,1.12706,750000,820000
2020-03-12 12:48:11.507000,1.12717,1.12707,750000,940000
2020-03-12 12:48:11.609000,1.12719,1.12708,750000,1120000
2020-03-12 12:48:11.660000,1.12718,1.1271,940000,750000
2020-03-12 12:48:11.761000,1.12718,1.12709,940000,750000
2020-03-12 12:48:12.014000,1.12719,1.12713,750000,750000
2020-03-12 12:48:12.115000,1.12728,1.12725,340000,1690000
2020-03-12 12:48:12.166000,1.12736,1.12725,1500000,820000
2020-03-12 12:48:12.217000,1.12736,1.12729,190000,750000
2020-03-12 12:48:12.268000,1.12739,1.1273,750000,750000
2020-03-12 12:48:12.318000,1.1274,1.12733,750000,750000
2020-03-12 12:48:12.419000,1.1274,1.12732,1500000,450000
2020-03-12 12:48:12.521000,1.12741,1.12735,750000,750000
2020-03-12 12:48:12.572000,1.12744,1.12735,1550000,750000
2020-03-12 12:48:12.673000,1.12745,1.12736,800000,750000
2020-03-12 12:48:12.724000,1.12746,1.12741,800000,750000
2020-03-12 12:48:12.876000,1.12747,1.12736,1550000,750000
2020-03-12 12:48:12.927000,1.12747,1.12738,1550000,750000
2020-03-12 12:48:13.028000,1.12744,1.12737,800000,750000
2020-03-12 12:48:13.079000,1.12744,1.12734,800000,370000
2020-03-12 12:48:13.433000,1.12744,1.12733,800000,1120000
2020-03-12 12:48:13.534000,1.1274,1.12731,750000,370000
2020-03-12 12:48:13.635000,1.12738,1.12733,750000,940000
2020-03-12 12:48:13.737000,1.12734,1.12726,1240000,750000
2020-03-12 12:48:13.788000,1.12735,1.12724,190000,750000
2020-03-12 12:48:13.838000,1.12733,1.12726,190000,750000
2020-03-12 12:48:13.889000,1.12734,1.12724,940000,750000
2020-03-12 12:48:13.991000,1.12731,1.12721,750000,750000
2020-03-12 12:48:14.092000,1.12729,1.12722,1500000,750000
2020-03-12 12:48:14.194000,1.1273,1.12725,1690000,750000
2020-03-12 12:48:14.295000,1.1273,1.12721,940000,1500000
2020-03-12 12:48:14.396000,1.12727,1.12721,750000,750000
2020-03-12 12:48:14.498000,1.12728,1.12724,190000,750000
2020-03-12 12:48:14.600000,1.12724,1.12719,190000,2250000
2020-03-12 12:48:14.752000,1.12725,1.12719,190000,1500000
2020-03-12 12:48:14.803000,1.12722,1.12719,750000,750000
2020-03-12 12:48:14.904000,1.12719,1.12714,750000,750000
2020-03-12 12:48:15.006000,1.12716,1.12711,750000,370000
2020-03-12 12:48:15.108000,1.12717,1.12712,750000,370000
2020-03-12 12:48:15.159000,1.12717,1.12709,940000,370000
2020-03-12 12:48:15.260000,1.12717,1.12706,940000,750000
2020-03-12 12:48:15.412000,1.12717,1.12709,190000,750000
2020-03-12 12:48:15.514000,1.12717,1.12706,190000,750000
2020-03-12 12:48:15.616000,1.12717,1.1271,190000,750000
2020-03-12 12:48:15.768000,1.12718,1.1271,940000,750000
2020-03-12 12:48:15.870000,1.12717,1.12711,1690000,750000
2020-03-12 12:48:15.921000,1.12714,1.12707,750000,750000
2020-03-12 12:48:16.022000,1.12714,1.12709,750000,750000
2020-03-12 12:48:16.123000,1.12715,1.12707,750000,750000
2020-03-12 12:48:16.275000,1.12712,1.12707,190000,750000
2020-03-12 12:48:16.326000,1.12711,1.12705,190000,750000
2020-03-12 12:48:16.377000,1.1271,1.12702,1690000,1500000
2020-03-12 12:48:16.549000,1.12711,1.12704,750000,750000
2020-03-12 12:48:16.651000,1.12714,1.1271,750000,750000
2020-03-12 12:48:16.702000,1.12717,1.12709,750000,750000
2020-03-12 12:48:16.753000,1.12719,1.12712,1120000,750000
2020-03-12 12:48:16.854000,1.12719,1.12711,370000,750000
2020-03-12 12:48:16.905000,1.12719,1.12709,900000,750000
2020-03-12 12:48:17.006000,1.12724,1.12717,1120000,370000
2020-03-12 12:48:17.108000,1.12729,1.12724,2620000,1500000
2020-03-12 12:48:17.209000,1.12719,1.12716,750000,3190000
2020-03-12 12:48:17.259000,1.12713,1.12709,940000,6000000
2020-03-12 12:48:17.310000,1.12708,1.12705,940000,750000
2020-03-12 12:48:17.412000,1.12702,1.127,940000,750000
2020-03-12 12:48:17.463000,1.12703,1.12698,1500000,1500000
2020-03-12 12:48:17.514000,1.12705,1.12703,1500000,100000
2020-03-12 12:48:17.564000,1.12719,1.12711,190000,370000
2020-03-12 12:48:17.615000,1.12712,1.12711,750000,750000
2020-03-12 12:48:17.666000,1.12709,1.12707,1500000,750000
2020-03-12 12:48:17.717000,1.12717,1.12715,750000,750000
2020-03-12 12:48:17.768000,1.1272,1.12713,370000,750000
2020-03-12 12:48:17.819000,1.12713,1.1271,750000,750000
2020-03-12 12:48:17.870000,1.12708,1.127,750000,750000
2020-03-12 12:48:17.971000,1.12698,1.12688,750000,750000
2020-03-12 12:48:18.022000,1.12699,1.12692,190000,1870000
2020-03-12 12:48:18.123000,1.12694,1.12681,750000,750000
2020-03-12 12:48:18.174000,1.12688,1.12678,820000,750000
2020-03-12 12:48:18.275000,1.12687,1.12678,750000,750000
2020-03-12 12:48:18.376000,1.1269,1.12677,750000,1200000
2020-03-12 12:48:18.427000,1.1268,1.12674,1500000,450000
2020-03-12 12:48:18.478000,1.1267,1.12665,1500000,750000
2020-03-12 12:48:18.529000,1.12668,1.12664,750000,370000
2020-03-12 12:48:18.580000,1.12666,1.12661,750000,370000
2020-03-12 12:48:18.631000,1.12665,1.12659,190000,750000
2020-03-12 12:48:18.732000,1.12667,1.1266,750000,370000
2020-03-12 12:48:18.783000,1.12667,1.12656,750000,750000
2020-03-12 12:48:18.834000,1.12672,1.12663,190000,750000
2020-03-12 12:48:18.935000,1.1266,1.12657,190000,450000
2020-03-12 12:48:19.037000,1.12661,1.12654,750000,1500000
2020-03-12 12:48:19.138000,1.12665,1.12654,750000,750000
2020-03-12 12:48:19.189000,1.12655,1.12649,560000,1120000
2020-03-12 12:48:19.291000,1.12657,1.12646,940000,370000
2020-03-12 12:48:19.343000,1.12659,1.12657,750000,1120000
2020-03-12 12:48:19.394000,1.1266,1.12653,750000,750000
2020-03-12 12:48:19.495000,1.12658,1.12649,750000,750000
2020-03-12 12:48:19.546000,1.12658,1.12647,750000,450000
2020-03-12 12:48:19.597000,1.1266,1.12654,750000,750000
2020-03-12 12:48:19.648000,1.1266,1.12652,940000,370000
2020-03-12 12:48:19.698000,1.12657,1.1265,940000,370000
2020-03-12 12:48:19.749000,1.12657,1.12648,750000,750000
2020-03-12 12:48:19.800000,1.12657,1.12652,750000,750000
2020-03-12 12:48:19.851000,1.1266,1.12651,190000,1500000
2020-03-12 12:48:19.901000,1.12655,1.12652,750000,750000
2020-03-12 12:48:19.952000,1.12658,1.12651,750000,750000
2020-03-12 12:48:20.003000,1.12658,1.12649,750000,370000
2020-03-12 12:48:20.053000,1.12658,1.12654,750000,750000
2020-03-12 12:48:20.104000,1.12658,1.1265,750000,1120000
2020-03-12 12:48:20.155000,1.12656,1.12653,750000,370000
2020-03-12 12:48:20.206000,1.12658,1.12652,750000,750000
2020-03-12 12:48:20.257000,1.12655,1.12646,750000,750000
2020-03-12 12:48:20.358000,1.12654,1.1265,1090000,750000
2020-03-12 12:48:20.409000,1.12658,1.12648,750000,1500000
2020-03-12 12:48:20.460000,1.1266,1.1265,940000,750000
2020-03-12 12:48:20.561000,1.1266,1.12645,750000,370000
2020-03-12 12:48:20.612000,1.12662,1.1265,190000,370000
2020-03-12 12:48:20.714000,1.12657,1.12645,190000,1870000
2020-03-12 12:48:20.815000,1.1266,1.12654,750000,750000
2020-03-12 12:48:20.866000,1.1266,1.12652,750000,750000
2020-03-12 12:48:21.017000,1.1266,1.12649,1500000,370000
2020-03-12 12:48:21.118000,1.12658,1.12645,190000,1120000
2020-03-12 12:48:21.271000,1.12658,1.12648,1690000,190000
2020-03-12 12:48:21.373000,1.12658,1.1265,2250000,190000
2020-03-12 12:48:21.475000,1.12658,1.12645,1500000,190000
2020-03-12 12:48:21.526000,1.1265,1.12644,750000,2250000
2020-03-12 12:48:21.628000,1.12641,1.12636,750000,1500000
2020-03-12 12:48:21.729000,1.12659,1.12657,190000,750000
2020-03-12 12:48:21.780000,1.12665,1.12661,3000000,750000
2020-03-12 12:48:21.882000,1.12667,1.12665,1870000,750000
2020-03-12 12:48:21.933000,1.1267,1.12664,370000,750000
2020-03-12 12:48:21.984000,1.12664,1.12663,750000,190000
2020-03-12 12:48:22.035000,1.12661,1.12657,750000,940000
2020-03-12 12:48:22.086000,1.12661,1.12659,750000,940000
2020-03-12 12:48:22.137000,1.12649,1.12647,750000,750000
2020-03-12 12:48:22.188000,1.12646,1.12641,750000,1500000
2020-03-12 12:48:22.239000,1.12646,1.12639,750000,750000
2020-03-12 12:48:22.341000,1.12648,1.12638,750000,750000
2020-03-12 12:48:22.442000,1.12647,1.12633,2250000,1120000
2020-03-12 12:48:22.493000,1.12644,1.12633,750000,750000
2020-03-12 12:48:22.544000,1.12646,1.12633,1460000,940000
2020-03-12 12:48:22.645000,1.12647,1.12637,1500000,370000
2020-03-12 12:48:22.747000,1.12638,1.12634,370000,1500000
2020-03-12 12:48:22.848000,1.1264,1.1263,1840000,190000
2020-03-12 12:48:22.949000,1.12639,1.12629,1460000,750000
2020-03-12 12:48:23,1.12639,1.12627,1460000,750000
2020-03-12 12:48:23.102000,1.1264,1.12627,370000,2440000
2020-03-12 12:48:23.203000,1.12639,1.12629,750000,190000
2020-03-12 12:48:23.305000,1.12635,1.12627,1460000,750000
2020-03-12 12:48:23.355000,1.12634,1.12624,710000,1690000
2020-03-12 12:48:23.457000,1.12636,1.12624,750000,1870000
2020-03-12 12:48:23.558000,1.12631,1.12623,1120000,940000
2020-03-12 12:48:23.660000,1.12636,1.1263,1120000,190000
2020-03-12 12:48:23.761000,1.12638,1.12628,2210000,750000
2020-03-12 12:48:23.863000,1.12635,1.12626,750000,750000
2020-03-12 12:48:23.964000,1.12634,1.12626,1120000,750000
2020-03-12 12:48:24.065000,1.12636,1.12625,750000,190000
2020-03-12 12:48:24.116000,1.12636,1.12628,1500000,750000
2020-03-12 12:48:24.218000,1.12636,1.12629,1460000,1500000
2020-03-12 12:48:24.319000,1.12636,1.12631,370000,190000
2020-03-12 12:48:24.371000,1.12639,1.1263,710000,190000
2020-03-12 12:48:24.472000,1.12639,1.12629,750000,1690000
2020-03-12 12:48:24.523000,1.1264,1.12637,750000,190000
2020-03-12 12:48:24.624000,1.1264,1.12637,570000,190000
2020-03-12 12:48:24.675000,1.12646,1.12635,1120000,190000
2020-03-12 12:48:24.726000,1.12646,1.12637,2620000,190000
2020-03-12 12:48:24.829000,1.12644,1.12633,750000,190000
2020-03-12 12:48:24.931000,1.12644,1.12635,970000,190000
2020-03-12 12:48:25.033000,1.12647,1.12636,750000,490000
2020-03-12 12:48:25.083000,1.12643,1.12636,750000,300000
2020-03-12 12:48:25.134000,1.12635,1.12629,750000,1500000
2020-03-12 12:48:25.186000,1.12639,1.12631,1500000,1500000
2020-03-12 12:48:25.236000,1.12639,1.1263,1870000,190000
2020-03-12 12:48:25.338000,1.12635,1.12628,750000,750000
2020-03-12 12:48:25.389000,1.12636,1.12627,750000,750000
2020-03-12 12:48:25.440000,1.12636,1.12629,560000,1500000
2020-03-12 12:48:25.542000,1.12637,1.12631,750000,370000
2020-03-12 12:48:25.694000,1.12633,1.12623,750000,370000
2020-03-12 12:48:25.745000,1.12628,1.12623,2620000,370000
2020-03-12 12:48:25.796000,1.12617,1.12613,190000,300000
2020-03-12 12:48:25.847000,1.12617,1.12604,3750000,190000
2020-03-12 12:48:25.898000,1.12615,1.12601,1500000,450000
2020-03-12 12:48:25.949000,1.12608,1.12597,940000,3000000
2020-03-12 12:48:26.050000,1.12607,1.12597,3370000,750000
2020-03-12 12:48:26.151000,1.12607,1.126,2810000,750000
2020-03-12 12:48:26.202000,1.12607,1.12595,1870000,750000
2020-03-12 12:48:26.253000,1.12609,1.12603,3370000,750000
2020-03-12 12:48:26.304000,1.12609,1.12598,4120000,560000
2020-03-12 12:48:26.455000,1.12609,1.12597,940000,3000000
2020-03-12 12:48:26.557000,1.12612,1.12607,750000,1500000
2020-03-12 12:48:26.658000,1.12623,1.12616,190000,3000000
2020-03-12 12:48:26.709000,1.12623,1.12618,750000,750000
2020-03-12 12:48:26.810000,1.12623,1.12616,1870000,450000
2020-03-12 12:48:26.861000,1.12621,1.12614,750000,2250000
2020-03-12 12:48:26.912000,1.12622,1.12618,1120000,750000
2020-03-12 12:48:26.963000,1.12623,1.12614,750000,750000
2020-03-12 12:48:27.064000,1.12623,1.12614,370000,190000
2020-03-12 12:48:27.165000,1.12623,1.12612,750000,2250000
2020-03-12 12:48:27.216000,1.12623,1.12616,1500000,1120000
2020-03-12 12:48:27.267000,1.12625,1.12616,1500000,1870000
2020-03-12 12:48:27.318000,1.1262,1.12615,1500000,750000
2020-03-12 12:48:27.369000,1.12618,1.12608,370000,190000
2020-03-12 12:48:27.420000,1.12616,1.12606,750000,1420000
2020-03-12 12:48:27.499000,1.12617,1.12604,1870000,2250000
2020-03-12 12:48:27.551000,1.12618,1.12604,370000,1870000
2020-03-12 12:48:27.652000,1.12618,1.1261,370000,750000
2020-03-12 12:48:27.703000,1.12618,1.12607,1120000,370000
2020-03-12 12:48:27.804000,1.12618,1.12607,1500000,370000
2020-03-12 12:48:27.905000,1.12617,1.12605,370000,370000
2020-03-12 12:48:27.956000,1.12617,1.12608,370000,750000
2020-03-12 12:48:28.007000,1.12617,1.12604,3190000,1500000
2020-03-12 12:48:28.058000,1.12615,1.12607,750000,750000
2020-03-12 12:48:28.159000,1.12606,1.12604,750000,190000
2020-03-12 12:48:28.210000,1.1261,1.12601,750000,450000
2020-03-12 12:48:28.261000,1.12611,1.12598,370000,1120000
2020-03-12 12:48:28.312000,1.12611,1.12601,1120000,370000
2020-03-12 12:48:28.362000,1.12609,1.12598,750000,370000
2020-03-12 12:48:28.413000,1.12609,1.12596,2440000,670000
2020-03-12 12:48:28.464000,1.12609,1.12599,1120000,750000
2020-03-12 12:48:28.566000,1.12636,1.12633,370000,750000
2020-03-12 12:48:28.667000,1.12633,1.12626,750000,1310000
2020-03-12 12:48:28.718000,1.12631,1.12627,750000,190000
2020-03-12 12:48:28.769000,1.12631,1.12618,1500000,370000
2020-03-12 12:48:28.820000,1.12631,1.12622,750000,190000
2020-03-12 12:48:28.921000,1.12625,1.1262,750000,750000
2020-03-12 12:48:29.023000,1.12641,1.1263,750000,1500000
2020-03-12 12:48:29.074000,1.12633,1.12627,750000,750000
2020-03-12 12:48:29.175000,1.12631,1.12618,750000,370000
2020-03-12 12:48:29.276000,1.12631,1.12618,2250000,1500000
2020-03-12 12:48:29.378000,1.12629,1.12616,750000,750000
2020-03-12 12:48:29.429000,1.12629,1.12618,750000,1690000
2020-03-12 12:48:29.580000,1.12629,1.12622,750000,1500000
2020-03-12 12:48:29.631000,1.12629,1.12619,750000,370000
2020-03-12 12:48:29.682000,1.12626,1.12616,1500000,190000
2020-03-12 12:48:29.783000,1.12616,1.12613,750000,750000
2020-03-12 12:48:29.834000,1.1261,1.12603,1500000,1500000
2020-03-12 12:48:29.935000,1.1261,1.12604,1570000,190000
2020-03-12 12:48:29.986000,1.12613,1.12604,2810000,190000
2020-03-12 12:48:30.138000,1.12609,1.12601,1500000,750000
2020-03-12 12:48:30.239000,1.12609,1.126,3110000,750000
2020-03-12 12:48:30.340000,1.12609,1.12601,2440000,190000
2020-03-12 12:48:30.593000,1.12609,1.12603,1420000,190000
2020-03-12 12:48:30.695000,1.12613,1.12606,750000,750000
2020-03-12 12:48:30.746000,1.12614,1.12611,2250000,190000
2020-03-12 12:48:30.797000,1.12621,1.12613,560000,560000
2020-03-12 12:48:30.898000,1.12624,1.12614,750000,370000
2020-03-12 12:48:31,1.12624,1.12615,1500000,370000
2020-03-12 12:48:31.050000,1.12624,1.12613,1500000,750000
2020-03-12 12:48:31.101000,1.12624,1.1261,2250000,560000
2020-03-12 12:48:31.152000,1.12624,1.12612,1500000,370000
2020-03-12 12:48:31.253000,1.12624,1.12613,1500000,370000
2020-03-12 12:48:31.355000,1.12624,1.12615,750000,370000
2020-03-12 12:48:31.456000,1.12624,1.12614,750000,560000
2020-03-12 12:48:31.608000,1.12624,1.12621,750000,750000
2020-03-12 12:48:31.709000,1.12624,1.1262,750000,3000000
2020-03-12 12:48:31.760000,1.12628,1.12622,940000,3000000
2020-03-12 12:48:31.811000,1.12628,1.12617,710000,2250000
2020-03-12 12:48:31.861000,1.12628,1.12617,2400000,2250000
2020-03-12 12:48:31.912000,1.12627,1.12615,940000,750000
2020-03-12 12:48:31.963000,1.12625,1.12613,1500000,3000000
2020-03-12 12:48:32.064000,1.12624,1.12614,2440000,1500000
2020-03-12 12:48:32.165000,1.12624,1.12617,1650000,750000
2020-03-12 12:48:32.216000,1.12624,1.12619,1690000,750000
2020-03-12 12:48:32.267000,1.12624,1.12619,2440000,750000
2020-03-12 12:48:32.318000,1.12624,1.12616,1500000,750000
2020-03-12 12:48:32.420000,1.12628,1.12615,940000,1500000
2020-03-12 12:48:32.723000,1.12628,1.12616,190000,750000
2020-03-12 12:48:32.824000,1.12628,1.12617,2250000,750000
2020-03-12 12:48:32.926000,1.12628,1.12617,940000,1870000
2020-03-12 12:48:32.977000,1.12622,1.12615,1500000,750000
2020-03-12 12:48:33.078000,1.12617,1.12613,750000,750000
2020-03-12 12:48:33.129000,1.12618,1.12609,190000,750000
2020-03-12 12:48:33.180000,1.1262,1.12608,3710000,3750000
2020-03-12 12:48:33.231000,1.1262,1.1261,2960000,1500000
2020-03-12 12:48:33.332000,1.12623,1.12613,190000,370000
2020-03-12 12:48:33.434000,1.12618,1.12611,750000,1500000
2020-03-12 12:48:33.535000,1.12618,1.1261,710000,750000
2020-03-12 12:48:33.586000,1.12622,1.12611,190000,370000
2020-03-12 12:48:34.093000,1.12618,1.12611,750000,750000
2020-03-12 12:48:34.144000,1.12622,1.1261,190000,1870000
2020-03-12 12:48:34.347000,1.12616,1.12608,750000,1500000
2020-03-12 12:48:34.448000,1.12609,1.12603,190000,2250000
2020-03-12 12:48:34.549000,1.1261,1.12602,900000,190000
2020-03-12 12:48:34.651000,1.12603,1.12601,750000,750000
2020-03-12 12:48:34.702000,1.12607,1.12603,1120000,940000
2020-03-12 12:48:34.805000,1.12608,1.12602,750000,190000
2020-03-12 12:48:34.907000,1.1261,1.12602,190000,190000
2020-03-12 12:48:35.008000,1.12607,1.12601,750000,750000
2020-03-12 12:48:35.110000,1.12609,1.12601,2020000,190000
2020-03-12 12:48:35.161000,1.12609,1.12607,2020000,750000
2020-03-12 12:48:35.212000,1.12611,1.12604,750000,2510000
2020-03-12 12:48:35.263000,1.12607,1.12604,750000,750000
2020-03-12 12:48:35.314000,1.12608,1.12602,1500000,190000
2020-03-12 12:48:35.364000,1.12605,1.12602,750000,190000
2020-03-12 12:48:35.415000,1.12608,1.12602,3340000,190000
2020-03-12 12:48:35.466000,1.12603,1.12601,370000,190000
2020-03-12 12:48:35.517000,1.12599,1.12595,2250000,940000
2020-03-12 12:48:35.567000,1.12592,1.12588,750000,750000
2020-03-12 12:48:35.618000,1.12594,1.12587,750000,750000
2020-03-12 12:48:35.720000,1.12593,1.12586,750000,750000
2020-03-12 12:48:35.821000,1.12589,1.12581,2960000,750000
2020-03-12 12:48:35.872000,1.12582,1.1258,13050000,750000
2020-03-12 12:48:35.923000,1.12578,1.12575,1460000,750000
2020-03-12 12:48:36.024000,1.12579,1.12576,300000,750000
2020-03-12 12:48:36.125000,1.12581,1.12571,1460000,1500000
2020-03-12 12:48:36.227000,1.12583,1.12572,2440000,370000
2020-03-12 12:48:36.328000,1.12584,1.12574,300000,750000
2020-03-12 12:48:36.430000,1.12583,1.12576,1500000,2250000
2020-03-12 12:48:36.531000,1.12585,1.12572,940000,750000
2020-03-12 12:48:36.632000,1.12581,1.12572,710000,1500000
2020-03-12 12:48:36.734000,1.12579,1.12573,710000,750000
2020-03-12 12:48:36.835000,1.12582,1.12574,370000,750000
2020-03-12 12:48:36.937000,1.12583,1.12572,1120000,1500000
2020-03-12 12:48:37.038000,1.12572,1.1257,190000,1500000
2020-03-12 12:48:37.139000,1.1257,1.12564,750000,750000
2020-03-12 12:48:37.190000,1.12577,1.12573,940000,750000
2020-03-12 12:48:37.241000,1.12582,1.12572,1500000,1500000
2020-03-12 12:48:37.342000,1.12583,1.12575,190000,750000
2020-03-12 12:48:37.393000,1.12583,1.12572,940000,940000
2020-03-12 12:48:37.443000,1.12586,1.12584,710000,12790000
2020-03-12 12:48:37.494000,1.12609,1.12606,750000,750000
2020-03-12 12:48:37.545000,1.12617,1.12613,190000,750000
2020-03-12 12:48:37.646000,1.12624,1.12614,670000,750000
2020-03-12 12:48:37.697000,1.12624,1.12622,670000,750000
2020-03-12 12:48:37.748000,1.12627,1.12623,750000,750000
2020-03-12 12:48:37.849000,1.12629,1.12624,300000,1870000
2020-03-12 12:48:37.950000,1.12634,1.12624,1120000,3370000
2020-03-12 12:48:38.160000,1.12632,1.12624,190000,3000000
2020-03-12 12:48:38.463000,1.12632,1.12623,940000,750000
2020-03-12 12:48:38.564000,1.1263,1.12624,750000,1500000
2020-03-12 12:48:38.666000,1.1263,1.12625,750000,750000
2020-03-12 12:48:38.767000,1.12632,1.1263,750000,750000
2020-03-12 12:48:38.868000,1.12634,1.12628,1200000,750000
2020-03-12 12:48:38.970000,1.12631,1.12625,750000,2250000
2020-03-12 12:48:39.020000,1.12634,1.12626,450000,750000
2020-03-12 12:48:39.122000,1.12634,1.12625,1200000,750000
2020-03-12 12:48:39.173000,1.12634,1.12623,3370000,750000
2020-03-12 12:48:39.274000,1.12633,1.12624,750000,750000
2020-03-12 12:48:39.476000,1.12629,1.12624,300000,3000000
2020-03-12 12:48:39.577000,1.12633,1.12623,1120000,3240000
2020-03-12 12:48:39.679000,1.12634,1.12626,1120000,1500000
2020-03-12 12:48:40.171000,1.12634,1.12628,1120000,750000
2020-03-12 12:48:40.273000,1.12638,1.12634,370000,750000
2020-03-12 12:48:40.374000,1.12647,1.1264,750000,750000
2020-03-12 12:48:40.425000,1.12648,1.12644,750000,750000
2020-03-12 12:48:40.476000,1.12655,1.12653,370000,370000
2020-03-12 12:48:40.526000,1.12654,1.12651,370000,750000
2020-03-12 12:48:40.577000,1.12663,1.12658,750000,1500000
2020-03-12 12:48:40.628000,1.12663,1.12661,750000,750000
2020-03-12 12:48:40.679000,1.12668,1.1266,1870000,750000
2020-03-12 12:48:40.729000,1.12666,1.12658,750000,1500000
2020-03-12 12:48:40.831000,1.12668,1.12664,1500000,750000
2020-03-12 12:48:40.881000,1.1267,1.12669,300000,370000
2020-03-12 12:48:40.983000,1.12675,1.1267,750000,750000
2020-03-12 12:48:41.084000,1.12674,1.12668,750000,750000
2020-03-12 12:48:41.186000,1.12674,1.12667,750000,1500000
2020-03-12 12:48:41.237000,1.12676,1.12667,3000000,750000
2020-03-12 12:48:41.357000,1.12676,1.12668,750000,750000
2020-03-12 12:48:41.408000,1.12674,1.12666,750000,1500000
2020-03-12 12:48:41.509000,1.12672,1.12665,750000,1500000
2020-03-12 12:48:41.610000,1.12664,1.1266,750000,750000
2020-03-12 12:48:41.661000,1.12667,1.12654,1500000,2810000
2020-03-12 12:48:41.712000,1.12665,1.12654,750000,2620000
2020-03-12 12:48:41.813000,1.12669,1.12661,1050000,1500000
2020-03-12 12:48:41.915000,1.12672,1.12661,750000,2250000
2020-03-12 12:48:42.016000,1.12673,1.12662,750000,1500000
2020-03-12 12:48:42.067000,1.12674,1.12664,1950000,2250000
2020-03-12 12:48:42.169000,1.12671,1.12668,750000,1500000
2020-03-12 12:48:42.220000,1.12674,1.12667,450000,1500000
2020-03-12 12:48:42.321000,1.12673,1.12666,750000,750000
2020-03-12 12:48:42.372000,1.12669,1.12664,450000,750000
2020-03-12 12:48:42.524000,1.12665,1.12664,750000,750000
2020-03-12 12:48:42.626000,1.12666,1.12664,750000,750000
2020-03-12 12:48:42.728000,1.12666,1.12661,750000,370000
2020-03-12 12:48:43.243000,1.12659,1.12657,750000,2250000
2020-03-12 12:48:43.345000,1.1266,1.12655,750000,750000
2020-03-12 12:48:43.396000,1.12663,1.12654,2250000,370000
2020-03-12 12:48:43.497000,1.12665,1.12657,750000,750000
2020-03-12 12:48:43.599000,1.12665,1.12661,750000,750000
2020-03-12 12:48:43.700000,1.12667,1.12661,750000,750000
2020-03-12 12:48:43.751000,1.12662,1.1266,750000,750000
2020-03-12 12:48:43.802000,1.12662,1.12657,750000,750000
2020-03-12 12:48:43.853000,1.12656,1.1265,190000,750000
2020-03-12 12:48:43.904000,1.12658,1.12653,750000,100000
2020-03-12 12:48:43.955000,1.12659,1.1265,1690000,100000
2020-03-12 12:48:44.006000,1.12661,1.1266,750000,750000
2020-03-12 12:48:44.056000,1.12667,1.12662,370000,3000000
2020-03-12 12:48:44.158000,1.1267,1.12665,940000,750000
2020-03-12 12:48:44.209000,1.12672,1.12665,190000,1200000
2020-03-12 12:48:44.259000,1.1267,1.12664,190000,750000
2020-03-12 12:48:44.361000,1.12667,1.12661,940000,370000
2020-03-12 12:48:44.462000,1.12668,1.12661,750000,750000
2020-03-12 12:48:44.564000,1.12667,1.1266,750000,1690000
2020-03-12 12:48:44.665000,1.12671,1.12667,2250000,1500000
2020-03-12 12:48:44.716000,1.12665,1.1266,750000,940000
2020-03-12 12:48:44.767000,1.12663,1.12656,750000,820000
2020-03-12 12:48:44.817000,1.1266,1.12655,1500000,190000
2020-03-12 12:48:44.919000,1.12657,1.12652,750000,750000
2020-03-12 12:48:45.021000,1.12655,1.1265,750000,100000
2020-03-12 12:48:45.123000,1.12658,1.1265,750000,190000
2020-03-12 12:48:45.225000,1.12658,1.12651,940000,1010000
2020-03-12 12:48:45.276000,1.12662,1.12655,750000,2250000
2020-03-12 12:48:45.378000,1.12665,1.12656,750000,450000
2020-03-12 12:48:45.480000,1.12664,1.12656,750000,370000
2020-03-12 12:48:45.531000,1.12658,1.12655,940000,750000
2020-03-12 12:48:45.582000,1.12658,1.12651,1500000,370000
2020-03-12 12:48:45.633000,1.12654,1.12652,750000,370000
2020-03-12 12:48:45.685000,1.1265,1.12646,1500000,370000
2020-03-12 12:48:45.736000,1.12646,1.12639,1500000,370000
2020-03-12 12:48:45.787000,1.12644,1.12639,750000,370000
2020-03-12 12:48:45.889000,1.12646,1.12643,2440000,750000
2020-03-12 12:48:45.940000,1.1265,1.12647,750000,750000
2020-03-12 12:48:45.991000,1.12647,1.12644,750000,1570000
2020-03-12 12:48:46.042000,1.12644,1.12639,750000,750000
2020-03-12 12:48:46.143000,1.12647,1.12645,1500000,750000
2020-03-12 12:48:46.245000,1.12648,1.12645,370000,1500000
2020-03-12 12:48:46.296000,1.12648,1.12643,1690000,1500000
2020-03-12 12:48:46.397000,1.12649,1.12643,750000,1500000
2020-03-12 12:48:46.498000,1.12653,1.12646,190000,1500000
2020-03-12 12:48:46.549000,1.12648,1.12646,750000,1500000
2020-03-12 12:48:46.599000,1.12649,1.12641,750000,1120000
2020-03-12 12:48:46.650000,1.12653,1.12647,1500000,750000
2020-03-12 12:48:46.752000,1.12643,1.12641,1500000,750000
2020-03-12 12:48:46.803000,1.12646,1.12642,750000,190000
2020-03-12 12:48:46.904000,1.1265,1.12641,750000,940000
2020-03-12 12:48:46.955000,1.12649,1.12639,750000,940000
2020-03-12 12:48:47.005000,1.12647,1.12639,750000,1690000
2020-03-12 12:48:47.157000,1.12647,1.12641,750000,750000
2020-03-12 12:48:47.208000,1.12652,1.12644,190000,640000
2020-03-12 12:48:47.259000,1.1265,1.12644,750000,1120000
2020-03-12 12:48:47.361000,1.12648,1.12644,750000,1120000
2020-03-12 12:48:47.462000,1.1265,1.12644,750000,370000
2020-03-12 12:48:47.513000,1.12648,1.12645,750000,750000
2020-03-12 12:48:47.614000,1.12648,1.12644,750000,370000
2020-03-12 12:48:47.716000,1.12649,1.12647,750000,190000
2020-03-12 12:48:47.767000,1.12649,1.12645,750000,940000
2020-03-12 12:48:47.868000,1.12647,1.12644,1500000,750000
2020-03-12 12:48:47.970000,1.12649,1.1264,750000,1500000
2020-03-12 12:48:48.071000,1.12648,1.1264,1500000,1500000
2020-03-12 12:48:48.173000,1.12647,1.1264,750000,1500000
2020-03-12 12:48:48.274000,1.12648,1.1264,750000,1500000
2020-03-12 12:48:48.375000,1.12645,1.12635,1500000,2440000
2020-03-12 12:48:48.426000,1.12644,1.12637,750000,190000
2020-03-12 12:48:48.527000,1.12627,1.12624,750000,3000000
2020-03-12 12:48:48.578000,1.12631,1.12625,750000,750000
2020-03-12 12:48:48.629000,1.12632,1.12623,750000,370000
2020-03-12 12:48:48.781000,1.12635,1.12626,750000,1690000
2020-03-12 12:48:48.983000,1.12638,1.12626,1500000,3000000
2020-03-12 12:48:49.034000,1.12635,1.12626,750000,3000000
2020-03-12 12:48:49.135000,1.12636,1.12626,750000,2250000
2020-03-12 12:48:49.237000,1.12641,1.12639,1050000,750000
2020-03-12 12:48:49.288000,1.12649,1.1264,750000,2440000
2020-03-12 12:48:49.441000,1.12646,1.1264,940000,750000
2020-03-12 12:48:49.491000,1.12648,1.12638,750000,1310000
2020-03-12 12:48:49.542000,1.12651,1.12639,750000,1690000
2020-03-12 12:48:49.593000,1.12649,1.12645,750000,190000
2020-03-12 12:48:49.644000,1.12645,1.12639,750000,750000
2020-03-12 12:48:49.695000,1.12638,1.12636,750000,750000
2020-03-12 12:48:49.796000,1.12642,1.12635,750000,1500000
2020-03-12 12:48:49.897000,1.12637,1.12634,750000,750000
2020-03-12 12:48:49.948000,1.12642,1.12636,750000,750000
2020-03-12 12:48:50.049000,1.12639,1.12635,750000,750000
2020-03-12 12:48:50.100000,1.12639,1.12632,750000,750000
2020-03-12 12:48:50.201000,1.12636,1.12632,750000,750000
2020-03-12 12:48:50.302000,1.12634,1.12631,750000,750000
2020-03-12 12:48:50.353000,1.12638,1.12631,750000,750000
2020-03-12 12:48:50.404000,1.1264,1.12631,750000,3190000
2020-03-12 12:48:50.505000,1.12637,1.12631,750000,940000
2020-03-12 12:48:50.556000,1.12639,1.12632,750000,190000
2020-03-12 12:48:50.657000,1.12643,1.12635,300000,750000
2020-03-12 12:48:50.708000,1.12647,1.12635,750000,3940000
2020-03-12 12:48:50.809000,1.12647,1.12636,750000,3000000
2020-03-12 12:48:50.911000,1.12645,1.12636,750000,3190000
2020-03-12 12:48:51.214000,1.12645,1.12636,750000,1690000
2020-03-12 12:48:51.315000,1.12644,1.12636,750000,2440000
2020-03-12 12:48:51.567000,1.12639,1.12636,750000,750000
2020-03-12 12:48:51.618000,1.12639,1.12633,1500000,750000
2020-03-12 12:48:51.719000,1.12637,1.1263,190000,190000
2020-03-12 12:48:51.770000,1.12638,1.12631,100000,750000
2020-03-12 12:48:51.872000,1.12635,1.1263,100000,750000
2020-03-12 12:48:51.922000,1.12636,1.12626,750000,190000
2020-03-12 12:48:52.024000,1.12637,1.12626,1950000,190000
2020-03-12 12:48:52.125000,1.12637,1.12627,100000,750000
2020-03-12 12:48:52.176000,1.12635,1.12625,820000,750000
2020-03-12 12:48:52.227000,1.12632,1.12624,750000,750000
2020-03-12 12:48:52.277000,1.12635,1.12624,1500000,750000
2020-03-12 12:48:52.328000,1.12631,1.12624,750000,1690000
2020-03-12 12:48:52.379000,1.12633,1.12624,750000,1690000
2020-03-12 12:48:52.480000,1.12631,1.12624,750000,1500000
2020-03-12 12:48:52.582000,1.12632,1.12629,1460000,750000
2020-03-12 12:48:52.632000,1.12635,1.1263,370000,940000
2020-03-12 12:48:52.683000,1.12637,1.12634,370000,1500000
2020-03-12 12:48:52.734000,1.1264,1.12634,750000,3190000
2020-03-12 12:48:52.836000,1.12635,1.12634,750000,1500000
2020-03-12 12:48:52.888000,1.12638,1.12632,1500000,1500000
2020-03-12 12:48:52.939000,1.12633,1.12627,750000,750000
2020-03-12 12:48:53.041000,1.12635,1.12627,940000,1690000
2020-03-12 12:48:53.092000,1.12637,1.12628,1500000,750000
2020-03-12 12:48:53.194000,1.12638,1.12628,750000,2060000
2020-03-12 12:48:53.296000,1.12637,1.12628,750000,940000
2020-03-12 12:48:53.397000,1.12641,1.12634,820000,750000
2020-03-12 12:48:53.498000,1.12642,1.12634,820000,2250000
2020-03-12 12:48:54.009000,1.12644,1.12637,1950000,1500000
2020-03-12 12:48:54.111000,1.12637,1.12632,750000,940000
2020-03-12 12:48:54.162000,1.12636,1.1263,750000,940000
2020-03-12 12:48:54.212000,1.12638,1.12632,710000,1500000
2020-03-12 12:48:54.314000,1.12636,1.12632,750000,750000
2020-03-12 12:48:54.365000,1.12636,1.12629,750000,190000
2020-03-12 12:48:54.466000,1.12637,1.12629,750000,750000
2020-03-12 12:48:54.517000,1.12643,1.1264,750000,750000
2020-03-12 12:48:54.568000,1.12654,1.12645,750000,1500000
2020-03-12 12:48:54.619000,1.12657,1.12646,750000,940000
2020-03-12 12:48:54.771000,1.12658,1.12646,1870000,4690000
2020-03-12 12:48:54.822000,1.12658,1.12649,1120000,940000
2020-03-12 12:48:54.924000,1.12659,1.1265,2140000,750000
2020-03-12 12:48:55.027000,1.12657,1.12651,820000,940000
2020-03-12 12:48:55.179000,1.12657,1.1265,1200000,190000
2020-03-12 12:48:55.281000,1.12655,1.1265,750000,190000
2020-03-12 12:48:55.383000,1.12658,1.12651,1200000,190000
2020-03-12 12:48:55.486000,1.12655,1.1265,750000,940000
2020-03-12 12:48:55.588000,1.12655,1.12649,750000,190000
2020-03-12 12:48:55.690000,1.12655,1.1265,750000,190000
2020-03-12 12:48:55.791000,1.12656,1.1265,750000,190000
2020-03-12 12:48:55.893000,1.12659,1.12653,1120000,190000
2020-03-12 12:48:55.944000,1.12661,1.12654,450000,190000
2020-03-12 12:48:56.197000,1.12659,1.12651,450000,940000
2020-03-12 12:48:56.248000,1.12659,1.12653,450000,190000
2020-03-12 12:48:56.349000,1.1266,1.12653,100000,190000
2020-03-12 12:48:56.501000,1.12661,1.12653,1200000,190000
2020-03-12 12:48:56.804000,1.12661,1.12651,640000,190000
2020-03-12 12:48:57.006000,1.12661,1.12652,1200000,190000
2020-03-12 12:48:57.107000,1.1266,1.12652,1200000,190000
2020-03-12 12:48:57.208000,1.12661,1.12653,1200000,190000
2020-03-12 12:48:57.411000,1.12667,1.12666,750000,750000
2020-03-12 12:48:57.462000,1.12676,1.12669,370000,750000
2020-03-12 12:48:57.512000,1.12676,1.12671,370000,750000
2020-03-12 12:48:57.563000,1.12678,1.12671,750000,750000
2020-03-12 12:48:57.665000,1.12679,1.1267,940000,190000
2020-03-12 12:48:57.766000,1.12678,1.1267,750000,190000
2020-03-12 12:48:57.868000,1.12682,1.12671,1500000,190000
2020-03-12 12:48:57.919000,1.12679,1.12671,750000,1310000
2020-03-12 12:48:58.022000,1.12679,1.12675,750000,750000
2020-03-12 12:48:58.073000,1.12686,1.1268,1120000,190000
2020-03-12 12:48:58.124000,1.12683,1.12679,750000,750000
2020-03-12 12:48:58.226000,1.12683,1.12676,750000,750000
2020-03-12 12:48:58.278000,1.12687,1.12684,1500000,750000
2020-03-12 12:48:58.329000,1.12688,1.12682,1870000,750000
2020-03-12 12:48:58.380000,1.1269,1.12682,750000,750000
2020-03-12 12:48:58.481000,1.12691,1.12683,750000,370000
2020-03-12 12:48:58.583000,1.12689,1.1268,750000,1690000
2020-03-12 12:48:58.684000,1.12684,1.12678,750000,750000
2020-03-12 12:48:58.887000,1.12686,1.12677,1500000,750000
2020-03-12 12:48:58.939000,1.12688,1.12678,3370000,190000
2020-03-12 12:48:59.143000,1.12687,1.12678,1500000,190000
2020-03-12 12:48:59.245000,1.12684,1.12675,750000,190000
2020-03-12 12:48:59.347000,1.12682,1.12673,750000,190000
2020-03-12 12:48:59.449000,1.12683,1.12672,1500000,750000
2020-03-12 12:48:59.552000,1.12682,1.12673,450000,190000
2020-03-12 12:48:59.654000,1.12689,1.12688,1500000,750000
2020-03-12 12:48:59.705000,1.127,1.12694,750000,190000
2020-03-12 12:48:59.807000,1.12701,1.12697,750000,940000
2020-03-12 12:48:59.857000,1.12705,1.12696,750000,190000
2020-03-12 12:48:59.908000,1.12702,1.12696,370000,750000
2020-03-12 12:48:59.959000,1.12704,1.12696,820000,750000
2020-03-12 12:49:00.010000,1.12704,1.12703,750000,750000
2020-03-12 12:49:00.061000,1.1271,1.12702,1570000,1800000
2020-03-12 12:49:00.313000,1.12711,1.12702,100000,190000
2020-03-12 12:49:00.516000,1.12711,1.12703,100000,940000
2020-03-12 12:49:00.566000,1.12711,1.12706,750000,190000
2020-03-12 12:49:00.668000,1.12713,1.12707,750000,190000
2020-03-12 12:49:00.719000,1.12713,1.12705,750000,1690000
2020-03-12 12:49:00.871000,1.12708,1.12705,1500000,1500000
2020-03-12 12:49:00.972000,1.12703,1.12701,750000,750000
2020-03-12 12:49:01.074000,1.127,1.12694,750000,370000
2020-03-12 12:49:01.124000,1.12704,1.12703,1500000,450000
2020-03-12 12:49:01.175000,1.12704,1.127,750000,190000
2020-03-12 12:49:01.276000,1.12708,1.12704,1500000,100000
2020-03-12 12:49:01.378000,1.12711,1.12704,750000,450000
2020-03-12 12:49:01.479000,1.12712,1.12704,1690000,450000
2020-03-12 12:49:01.580000,1.12711,1.12704,750000,450000
2020-03-12 12:49:01.732000,1.12711,1.12703,940000,450000
2020-03-12 12:49:01.782000,1.12711,1.12708,750000,190000
2020-03-12 12:49:01.833000,1.12718,1.12716,3000000,750000
2020-03-12 12:49:01.884000,1.12726,1.12719,1120000,1120000
2020-03-12 12:49:01.985000,1.12725,1.1272,2250000,2250000
2020-03-12 12:49:02.120000,1.12724,1.12722,300000,100000
2020-03-12 12:49:02.171000,1.12728,1.12722,750000,100000
2020-03-12 12:49:02.222000,1.12729,1.12724,300000,450000
2020-03-12 12:49:02.272000,1.1273,1.12721,1500000,750000
2020-03-12 12:49:02.323000,1.12729,1.12725,190000,100000
2020-03-12 12:49:02.374000,1.1272,1.12718,750000,750000
2020-03-12 12:49:02.425000,1.12717,1.1271,750000,2250000
2020-03-12 12:49:02.475000,1.12717,1.12712,1500000,190000
2020-03-12 12:49:02.576000,1.12724,1.12717,1240000,750000
2020-03-12 12:49:02.627000,1.12724,1.1272,300000,260000
2020-03-12 12:49:02.678000,1.12727,1.1272,190000,260000
2020-03-12 12:49:02.729000,1.12728,1.12722,190000,100000
2020-03-12 12:49:02.830000,1.12729,1.12719,1500000,560000
2020-03-12 12:49:02.881000,1.12729,1.12722,300000,450000
2020-03-12 12:49:02.982000,1.12733,1.12727,750000,100000
2020-03-12 12:49:03.083000,1.12733,1.12722,2700000,190000
2020-03-12 12:49:03.135000,1.12734,1.12727,1120000,190000
2020-03-12 12:49:03.185000,1.12737,1.12726,750000,190000
2020-03-12 12:49:03.236000,1.12736,1.12728,450000,190000
2020-03-12 12:49:03.338000,1.12738,1.12736,750000,750000
2020-03-12 12:49:03.389000,1.12745,1.12736,750000,750000
2020-03-12 12:49:03.440000,1.12738,1.12735,6000000,750000
2020-03-12 12:49:03.490000,1.12741,1.12733,750000,750000
2020-03-12 12:49:03.592000,1.12746,1.12734,1690000,370000
2020-03-12 12:49:03.693000,1.12745,1.12734,1200000,1310000
2020-03-12 12:49:03.794000,1.12744,1.12734,450000,190000
2020-03-12 12:49:03.896000,1.1274,1.12735,750000,750000
2020-03-12 12:49:03.947000,1.12744,1.12735,750000,1690000
2020-03-12 12:49:04.048000,1.12745,1.12735,750000,750000
2020-03-12 12:49:04.099000,1.12745,1.12738,750000,750000
2020-03-12 12:49:04.201000,1.12743,1.12733,750000,750000
2020-03-12 12:49:04.252000,1.12745,1.12732,750000,560000
2020-03-12 12:49:04.303000,1.12743,1.12733,100000,750000
2020-03-12 12:49:04.354000,1.12745,1.12733,750000,750000
2020-03-12 12:49:04.405000,1.12747,1.12734,1690000,2060000
2020-03-12 12:49:04.456000,1.12745,1.12735,750000,750000
2020-03-12 12:49:04.558000,1.12744,1.12734,100000,750000
2020-03-12 12:49:04.661000,1.12741,1.12734,2440000,940000
2020-03-12 12:49:04.712000,1.12723,1.1272,1500000,750000
2020-03-12 12:49:04.763000,1.12722,1.12714,750000,750000
2020-03-12 12:49:04.814000,1.1272,1.12713,750000,2250000
2020-03-12 12:49:04.865000,1.1272,1.12711,100000,750000
2020-03-12 12:49:04.916000,1.12723,1.12715,100000,370000
2020-03-12 12:49:04.966000,1.12722,1.12711,100000,750000
2020-03-12 12:49:05.067000,1.12721,1.12711,100000,560000
2020-03-12 12:49:05.118000,1.12722,1.12716,450000,1500000
2020-03-12 12:49:05.169000,1.12721,1.12712,450000,190000
2020-03-12 12:49:05.220000,1.12725,1.12715,750000,750000
2020-03-12 12:49:05.322000,1.12727,1.12716,750000,1500000
2020-03-12 12:49:05.423000,1.12729,1.12716,1800000,750000
2020-03-12 12:49:05.524000,1.12729,1.12717,1050000,750000
2020-03-12 12:49:05.632000,1.12729,1.12718,1800000,940000
2020-03-12 12:49:05.682000,1.12725,1.12717,750000,1500000
2020-03-12 12:49:05.784000,1.12717,1.12715,750000,750000
2020-03-12 12:49:05.834000,1.12719,1.12715,1570000,750000
2020-03-12 12:49:05.885000,1.12719,1.12709,100000,1500000
2020-03-12 12:49:05.986000,1.12718,1.12706,2320000,2250000
2020-03-12 12:49:06.037000,1.12716,1.12706,100000,2250000
2020-03-12 12:49:06.138000,1.12716,1.12707,940000,750000
2020-03-12 12:49:06.240000,1.12718,1.12707,1500000,750000
2020-03-12 12:49:06.341000,1.12717,1.12706,450000,2440000
2020-03-12 12:49:06.442000,1.12716,1.12706,820000,1500000
2020-03-12 12:49:06.493000,1.12712,1.12706,750000,1500000
2020-03-12 12:49:06.594000,1.12712,1.12703,750000,1500000
2020-03-12 12:49:06.695000,1.12711,1.12703,750000,750000
2020-03-12 12:49:06.847000,1.12711,1.12701,750000,190000
2020-03-12 12:49:06.948000,1.1271,1.127,370000,750000
2020-03-12 12:49:07.051000,1.12696,1.12694,1500000,370000
2020-03-12 12:49:07.102000,1.12693,1.12687,3150000,1500000
2020-03-12 12:49:07.154000,1.12687,1.12685,750000,750000
2020-03-12 12:49:07.205000,1.12685,1.1268,190000,1120000
2020-03-12 12:49:07.257000,1.12682,1.1268,750000,1120000
2020-03-12 12:49:07.308000,1.1268,1.12677,450000,370000
2020-03-12 12:49:07.460000,1.12679,1.12671,100000,750000
2020-03-12 12:49:07.562000,1.1268,1.1267,450000,750000
2020-03-12 12:49:07.613000,1.12679,1.12673,450000,750000
2020-03-12 12:49:07.815000,1.12679,1.12674,100000,750000
2020-03-12 12:49:07.917000,1.12679,1.12671,450000,940000
2020-03-12 12:49:08.018000,1.12677,1.1267,450000,190000
2020-03-12 12:49:08.119000,1.12676,1.12671,100000,190000
2020-03-12 12:49:08.170000,1.12679,1.12671,450000,190000
2020-03-12 12:49:08.271000,1.12679,1.12672,450000,190000
2020-03-12 12:49:08.373000,1.12682,1.12672,750000,190000
2020-03-12 12:49:08.423000,1.12679,1.12672,100000,190000
2020-03-12 12:49:08.525000,1.1268,1.12673,100000,190000
2020-03-12 12:49:08.626000,1.1268,1.12672,450000,190000
2020-03-12 12:49:08.727000,1.12679,1.12671,100000,190000
2020-03-12 12:49:08.878000,1.12679,1.1267,450000,940000
2020-03-12 12:49:08.929000,1.12679,1.12668,1950000,190000
2020-03-12 12:49:08.980000,1.12676,1.12667,450000,750000
2020-03-12 12:49:09.081000,1.12674,1.12666,100000,190000
2020-03-12 12:49:09.284000,1.12684,1.12682,4120000,2250000
2020-03-12 12:49:09.334000,1.1269,1.12688,370000,190000
2020-03-12 12:49:09.385000,1.1269,1.12685,100000,3000000
2020-03-12 12:49:09.487000,1.12689,1.12684,1120000,190000
2020-03-12 12:49:09.538000,1.12697,1.12689,640000,190000
2020-03-12 12:49:09.640000,1.12696,1.12689,450000,190000
2020-03-12 12:49:09.742000,1.12697,1.1269,450000,190000
2020-03-12 12:49:09.843000,1.12696,1.1269,100000,190000
2020-03-12 12:49:09.945000,1.12695,1.12693,100000,190000
2020-03-12 12:49:10.046000,1.12699,1.12697,1200000,750000
2020-03-12 12:49:10.148000,1.12699,1.12694,300000,940000
2020-03-12 12:49:10.249000,1.12701,1.12693,640000,190000
2020-03-12 12:49:10.300000,1.12693,1.12692,1570000,750000
2020-03-12 12:49:10.351000,1.12687,1.12684,750000,1870000
2020-03-12 12:49:10.402000,1.12679,1.12676,750000,370000
2020-03-12 12:49:10.452000,1.1267,1.12665,750000,750000
2020-03-12 12:49:10.554000,1.12669,1.12663,1500000,190000
2020-03-12 12:49:10.656000,1.12672,1.12669,3370000,190000
2020-03-12 12:49:10.757000,1.12671,1.12667,10200000,3000000
2020-03-12 12:49:10.808000,1.12668,1.12663,750000,4690000
2020-03-12 12:49:10.859000,1.12669,1.12661,1500000,750000
2020-03-12 12:49:10.910000,1.12671,1.12667,1500000,1120000
2020-03-12 12:49:10.961000,1.12673,1.12668,370000,190000
2020-03-12 12:49:11.062000,1.12673,1.12665,750000,940000
2020-03-12 12:49:11.113000,1.12674,1.12669,750000,750000
2020-03-12 12:49:11.163000,1.12681,1.12678,370000,750000
2020-03-12 12:49:11.265000,1.12678,1.12676,1500000,750000
2020-03-12 12:49:11.366000,1.12675,1.1267,370000,750000
2020-03-12 12:49:11.468000,1.12673,1.12669,750000,750000
2020-03-12 12:49:11.569000,1.12671,1.12669,5250000,750000
2020-03-12 12:49:11.620000,1.12669,1.12661,1500000,1500000
2020-03-12 12:49:11.670000,1.12669,1.12663,3520000,370000
2020-03-12 12:49:11.721000,1.12668,1.12661,750000,370000
2020-03-12 12:49:11.823000,1.12669,1.12661,1570000,750000
2020-03-12 12:49:11.924000,1.12666,1.12659,450000,190000
2020-03-12 12:49:11.974000,1.12671,1.1266,370000,190000
2020-03-12 12:49:12.177000,1.1267,1.12663,100000,190000
2020-03-12 12:49:12.278000,1.12674,1.12671,1500000,190000
2020-03-12 12:49:12.329000,1.12674,1.12669,1500000,190000
2020-03-12 12:49:12.380000,1.12672,1.12665,750000,750000
2020-03-12 12:49:12.430000,1.12669,1.12664,450000,190000
2020-03-12 12:49:12.481000,1.12671,1.12663,100000,940000
2020-03-12 12:49:12.582000,1.1267,1.12666,450000,750000
2020-03-12 12:49:12.633000,1.12671,1.12664,450000,190000
2020-03-12 12:49:12.734000,1.12669,1.12664,450000,190000
2020-03-12 12:49:13.132000,1.12669,1.12663,370000,940000
2020-03-12 12:49:13.233000,1.1267,1.12664,450000,750000
2020-03-12 12:49:13.334000,1.12666,1.12662,1200000,1500000
2020-03-12 12:49:13.385000,1.12666,1.12658,450000,190000
2020-03-12 12:49:13.486000,1.12663,1.12656,1500000,750000
2020-03-12 12:49:13.588000,1.12664,1.12656,1500000,940000
2020-03-12 12:49:13.639000,1.12663,1.12653,450000,1500000
2020-03-12 12:49:13.689000,1.12663,1.12654,1570000,750000
2020-03-12 12:49:13.740000,1.12662,1.1265,750000,3190000
2020-03-12 12:49:14.066000,1.12662,1.12652,1200000,1800000
2020-03-12 12:49:14.169000,1.12664,1.12658,750000,750000
2020-03-12 12:49:14.220000,1.12663,1.12651,750000,1310000
2020-03-12 12:49:14.271000,1.12664,1.12655,750000,190000
2020-03-12 12:49:14.372000,1.12665,1.12654,750000,750000
2020-03-12 12:49:14.473000,1.12663,1.12655,450000,1500000
2020-03-12 12:49:14.574000,1.12663,1.12654,450000,190000
2020-03-12 12:49:14.675000,1.12663,1.12653,1950000,750000
2020-03-12 12:49:14.780000,1.12663,1.12652,1570000,190000
2020-03-12 12:49:14.882000,1.12662,1.1265,750000,1690000
2020-03-12 12:49:14.983000,1.12662,1.1265,450000,1690000
2020-03-12 12:49:15.084000,1.12662,1.12651,450000,190000
2020-03-12 12:49:15.186000,1.12666,1.12655,820000,1310000
2020-03-12 12:49:15.237000,1.12666,1.12655,820000,940000
2020-03-12 12:49:15.338000,1.12666,1.12654,750000,560000
2020-03-12 12:49:15.439000,1.12662,1.12652,1500000,750000
2020-03-12 12:49:15.541000,1.1266,1.12652,750000,190000
2020-03-12 12:49:15.642000,1.1266,1.12651,1160000,1310000
2020-03-12 12:49:15.744000,1.12661,1.12651,450000,2440000
2020-03-12 12:49:15.795000,1.12661,1.12651,750000,190000
2020-03-12 12:49:15.896000,1.12661,1.12653,450000,940000
2020-03-12 12:49:15.997000,1.12667,1.12659,370000,370000
2020-03-12 12:49:16.098000,1.12669,1.12663,490000,750000
2020-03-12 12:49:16.149000,1.12669,1.12661,490000,1500000
2020-03-12 12:49:16.301000,1.12669,1.12661,450000,1500000
2020-03-12 12:49:16.685000,1.12671,1.12664,450000,2250000
2020-03-12 12:49:16.786000,1.12669,1.12662,1120000,750000
2020-03-12 12:49:16.888000,1.12668,1.12659,1500000,370000
2020-03-12 12:49:16.989000,1.12669,1.12659,370000,370000
2020-03-12 12:49:17.090000,1.12669,1.12656,370000,190000
2020-03-12 12:49:17.141000,1.12669,1.12656,820000,190000
2020-03-12 12:49:17.710000,1.12665,1.12655,450000,2060000
2020-03-12 12:49:17.812000,1.12666,1.12657,450000,940000
2020-03-12 12:49:18.025000,1.12666,1.12657,450000,190000
2020-03-12 12:49:18.126000,1.12665,1.12657,450000,190000
2020-03-12 12:49:18.278000,1.12664,1.12657,450000,190000
2020-03-12 12:49:18.379000,1.12667,1.12657,370000,190000
2020-03-12 12:49:18.733000,1.12666,1.12657,370000,190000
2020-03-12 12:49:18.835000,1.12666,1.12663,370000,750000
2020-03-12 12:49:18.886000,1.12666,1.12661,370000,190000
2020-03-12 12:49:19.038000,1.12666,1.1266,370000,2510000
2020-03-12 12:49:19.089000,1.12672,1.12663,190000,750000
2020-03-12 12:49:19.140000,1.12672,1.12661,940000,100000
2020-03-12 12:49:19.190000,1.1267,1.1266,100000,3940000
2020-03-12 12:49:19.518000,1.12671,1.1266,2320000,1690000
2020-03-12 12:49:19.620000,1.12668,1.12663,750000,750000
2020-03-12 12:49:19.721000,1.12668,1.12658,1570000,3000000
2020-03-12 12:49:19.823000,1.12667,1.12659,820000,750000
2020-03-12 12:49:19.924000,1.1267,1.1266,370000,190000
2020-03-12 12:49:20.215000,1.12672,1.1266,940000,190000
2020-03-12 12:49:20.337000,1.12666,1.12659,100000,750000
2020-03-12 12:49:20.439000,1.12668,1.1266,750000,190000
2020-03-12 12:49:20.540000,1.12668,1.12658,100000,750000
2020-03-12 12:49:20.641000,1.12669,1.12657,2140000,1010000
2020-03-12 12:49:20.867000,1.12667,1.12657,750000,190000
2020-03-12 12:49:20.969000,1.12668,1.12657,100000,190000
2020-03-12 12:49:21.070000,1.12669,1.12659,1200000,940000
2020-03-12 12:49:21.171000,1.12669,1.12661,1120000,560000
2020-03-12 12:49:21.222000,1.12671,1.12661,1500000,940000
2020-03-12 12:49:21.323000,1.1267,1.12661,100000,940000
2020-03-12 12:49:21.934000,1.1267,1.12663,100000,940000
2020-03-12 12:49:22.035000,1.12672,1.12665,1950000,1500000
2020-03-12 12:49:22.137000,1.12668,1.12661,750000,1500000
2020-03-12 12:49:22.288000,1.12669,1.12661,100000,750000
2020-03-12 12:49:22.339000,1.12672,1.12661,450000,1500000
2020-03-12 12:49:22.440000,1.12671,1.12661,820000,1500000
2020-03-12 12:49:22.541000,1.12668,1.12661,750000,1120000
2020-03-12 12:49:22.743000,1.12668,1.12663,750000,1690000
2020-03-12 12:49:22.845000,1.12666,1.12661,750000,370000
2020-03-12 12:49:22.948000,1.12663,1.12654,260000,190000
2020-03-12 12:49:23.412000,1.12662,1.12653,750000,190000
2020-03-12 12:49:23.514000,1.12664,1.12654,4010000,190000
2020-03-12 12:49:23.667000,1.12664,1.12653,3260000,190000
2020-03-12 12:49:23.768000,1.12664,1.12654,1690000,100000
2020-03-12 12:49:23.870000,1.12664,1.12653,3190000,260000
2020-03-12 12:49:23.971000,1.12663,1.12653,750000,260000
2020-03-12 12:49:24.093000,1.12664,1.12653,3260000,190000
2020-03-12 12:49:24.144000,1.12662,1.12652,750000,1010000
2020-03-12 12:49:24.712000,1.12662,1.12653,750000,100000
2020-03-12 12:49:24.763000,1.12664,1.12653,1690000,100000
2020-03-12 12:49:24.947000,1.12663,1.12653,750000,100000
2020-03-12 12:49:25.169000,1.12664,1.12653,1500000,100000
2020-03-12 12:49:25.271000,1.12663,1.12653,750000,100000
2020-03-12 12:49:25.480000,1.12663,1.12652,750000,100000
2020-03-12 12:49:25.684000,1.12663,1.12653,820000,450000
2020-03-12 12:49:25.785000,1.12664,1.12653,1500000,100000
2020-03-12 12:49:26.044000,1.12664,1.12654,1870000,100000
2020-03-12 12:49:26.146000,1.12663,1.12653,750000,820000
2020-03-12 12:49:26.340000,1.12663,1.12654,750000,100000
2020-03-12 12:49:26.441000,1.12662,1.12654,750000,750000
2020-03-12 12:49:26.542000,1.12663,1.12653,1500000,820000
2020-03-12 12:49:26.702000,1.12663,1.12652,1500000,820000
2020-03-12 12:49:26.904000,1.12663,1.12653,1500000,100000
2020-03-12 12:49:27.257000,1.12664,1.12654,1870000,100000
2020-03-12 12:49:27.459000,1.12663,1.12653,940000,100000
2020-03-12 12:49:27.561000,1.12664,1.12662,1500000,750000
2020-03-12 12:49:27.611000,1.12667,1.12664,370000,1500000
2020-03-12 12:49:27.662000,1.12669,1.12667,370000,750000
2020-03-12 12:49:27.714000,1.12669,1.12666,750000,750000
2020-03-12 12:49:27.815000,1.12669,1.12662,750000,100000
2020-03-12 12:49:27.916000,1.12669,1.12661,750000,820000
2020-03-12 12:49:28.030000,1.12667,1.12662,750000,1200000
2020-03-12 12:49:28.132000,1.12668,1.12665,750000,820000
2020-03-12 12:49:28.182000,1.12673,1.12665,2250000,2510000
2020-03-12 12:49:28.284000,1.12674,1.12666,1500000,100000
2020-03-12 12:49:28.394000,1.12674,1.12665,1500000,2510000
2020-03-12 12:49:28.545000,1.12672,1.12665,750000,2810000
2020-03-12 12:49:28.647000,1.12669,1.12662,300000,2250000
2020-03-12 12:49:28.698000,1.12671,1.12661,100000,1120000
2020-03-12 12:49:28.799000,1.12672,1.12661,750000,820000
2020-03-12 12:49:29.011000,1.12673,1.12662,1570000,750000
2020-03-12 12:49:29.163000,1.12673,1.12663,750000,820000
2020-03-12 12:49:29.214000,1.12674,1.12665,3000000,750000
2020-03-12 12:49:29.315000,1.12672,1.12663,820000,750000
2020-03-12 12:49:29.417000,1.12682,1.12672,1500000,940000
2020-03-12 12:49:29.468000,1.12682,1.12677,750000,190000
2020-03-12 12:49:29.569000,1.12682,1.12674,750000,750000
2020-03-12 12:49:29.670000,1.12683,1.12673,2250000,190000
2020-03-12 12:49:29.771000,1.12687,1.1268,1870000,940000
2020-03-12 12:49:29.822000,1.12689,1.12681,2250000,190000
2020-03-12 12:49:30.692000,1.1269,1.12681,2320000,1690000
2020-03-12 12:49:31.045000,1.12689,1.12681,100000,190000
2020-03-12 12:49:31.197000,1.1269,1.12682,1570000,190000
2020-03-12 12:49:31.248000,1.12691,1.12686,1500000,750000
2020-03-12 12:49:31.552000,1.1269,1.12686,750000,750000
2020-03-12 12:49:31.653000,1.12689,1.12685,750000,750000
2020-03-12 12:49:31.704000,1.12689,1.12683,750000,190000
2020-03-12 12:49:31.906000,1.1269,1.12683,1500000,190000
2020-03-12 12:49:31.957000,1.12688,1.12683,750000,190000
2020-03-12 12:49:32.059000,1.1269,1.12686,750000,1690000
2020-03-12 12:49:32.110000,1.12693,1.12687,1500000,1200000
2020-03-12 12:49:32.161000,1.1269,1.12687,750000,1200000
2020-03-12 12:49:32.212000,1.12689,1.12684,750000,2440000
2020-03-12 12:49:32.819000,1.12689,1.12685,750000,750000
2020-03-12 12:49:32.920000,1.1269,1.12685,750000,1500000
2020-03-12 12:49:33.093000,1.1269,1.12684,750000,1690000
2020-03-12 12:49:33.246000,1.12687,1.12684,750000,750000
2020-03-12 12:49:33.297000,1.12689,1.12684,2250000,750000
2020-03-12 12:49:33.348000,1.12689,1.12682,1500000,190000
2020-03-12 12:49:33.602000,1.12689,1.12681,2250000,190000
2020-03-12 12:49:33.856000,1.1269,1.12681,1690000,1690000
2020-03-12 12:49:34.008000,1.1269,1.12681,2440000,1690000
2020-03-12 12:49:34.211000,1.1269,1.12681,3260000,940000
2020-03-12 12:49:34.313000,1.1269,1.12681,190000,3940000
2020-03-12 12:49:34.415000,1.12687,1.12681,750000,2440000
2020-03-12 12:49:34.465000,1.1269,1.12681,1760000,2440000
2020-03-12 12:49:34.971000,1.12688,1.12681,1500000,750000
2020-03-12 12:49:35.072000,1.12688,1.1268,750000,1690000
2020-03-12 12:49:35.173000,1.12686,1.1268,750000,1690000
2020-03-12 12:49:35.883000,1.12686,1.12682,750000,750000
2020-03-12 12:49:35.934000,1.12689,1.12682,1690000,190000
2020-03-12 12:49:35.984000,1.12687,1.12682,750000,750000
2020-03-12 12:49:36.086000,1.12687,1.12681,750000,940000
2020-03-12 12:49:36.187000,1.12687,1.12684,750000,750000
2020-03-12 12:49:36.527000,1.12686,1.12683,750000,750000
2020-03-12 12:49:36.578000,1.12677,1.12675,190000,1500000
2020-03-12 12:49:36.679000,1.12677,1.12676,750000,750000
2020-03-12 12:49:36.730000,1.12677,1.12673,750000,750000
2020-03-12 12:49:36.832000,1.12679,1.12675,750000,2440000
2020-03-12 12:49:36.933000,1.1268,1.12675,940000,940000
2020-03-12 12:49:37.135000,1.1268,1.12676,940000,750000
2020-03-12 12:49:37.539000,1.12678,1.12675,750000,190000
2020-03-12 12:49:37.641000,1.12678,1.12676,750000,750000
2020-03-12 12:49:37.769000,1.12678,1.12675,750000,190000
2020-03-12 12:49:38.271000,1.1268,1.12675,940000,940000
2020-03-12 12:49:38.516000,1.12679,1.12675,190000,750000
2020-03-12 12:49:38.719000,1.1268,1.12678,940000,750000
2020-03-12 12:49:38.820000,1.12676,1.12673,750000,2440000
2020-03-12 12:49:38.972000,1.12677,1.12674,750000,190000
2020-03-12 12:49:39.023000,1.1268,1.12678,2770000,940000
2020-03-12 12:49:39.074000,1.12679,1.12676,940000,750000
2020-03-12 12:49:39.175000,1.12679,1.12675,190000,750000
2020-03-12 12:49:39.377000,1.12678,1.12675,190000,750000
2020-03-12 12:49:39.479000,1.12678,1.12676,190000,750000
2020-03-12 12:49:39.580000,1.12678,1.12675,190000,750000
2020-03-12 12:49:39.904000,1.12678,1.12674,190000,750000
2020-03-12 12:49:39.956000,1.12675,1.12672,750000,750000
2020-03-12 12:49:40.008000,1.12673,1.12668,750000,1500000
2020-03-12 12:49:40.059000,1.12674,1.12671,750000,750000
2020-03-12 12:49:40.110000,1.12676,1.12671,1500000,750000
2020-03-12 12:49:40.161000,1.12676,1.12669,750000,750000
2020-03-12 12:49:40.212000,1.12677,1.12671,1570000,750000
2020-03-12 12:49:40.363000,1.12676,1.12671,100000,750000
2020-03-12 12:49:40.515000,1.12677,1.12671,750000,750000
2020-03-12 12:49:40.616000,1.12675,1.12669,750000,750000
2020-03-12 12:49:40.717000,1.12676,1.12669,1570000,750000
2020-03-12 12:49:40.819000,1.12677,1.1267,2250000,750000
2020-03-12 12:49:40.920000,1.12675,1.1267,750000,750000
2020-03-12 12:49:40.971000,1.12677,1.1267,1570000,750000
2020-03-12 12:49:41.072000,1.12676,1.12671,100000,750000
2020-03-12 12:49:41.173000,1.12675,1.1267,750000,750000
2020-03-12 12:49:41.224000,1.12677,1.1267,1570000,750000
2020-03-12 12:49:41.275000,1.12674,1.12669,750000,750000
2020-03-12 12:49:41.326000,1.12674,1.12667,2250000,1500000
2020-03-12 12:49:42.003000,1.1267,1.12664,190000,750000
2020-03-12 12:49:42.105000,1.12671,1.12668,940000,750000
2020-03-12 12:49:42.155000,1.12673,1.12666,1500000,750000
2020-03-12 12:49:42.206000,1.12678,1.12675,1500000,190000
2020-03-12 12:49:42.257000,1.12677,1.12673,940000,750000
2020-03-12 12:49:42.308000,1.12678,1.1267,750000,940000
2020-03-12 12:49:42.409000,1.12677,1.12671,750000,750000
2020-03-12 12:49:42.460000,1.12679,1.12673,1870000,1500000
2020-03-12 12:49:42.561000,1.1268,1.12673,750000,750000
2020-03-12 12:49:42.612000,1.12682,1.12673,750000,2440000
2020-03-12 12:49:42.713000,1.12685,1.12675,1500000,750000
2020-03-12 12:49:42.764000,1.12683,1.12674,750000,750000
2020-03-12 12:49:42.866000,1.12682,1.12671,750000,2510000
2020-03-12 12:49:42.967000,1.12681,1.12671,1570000,190000
2020-03-12 12:49:43.070000,1.1268,1.12671,100000,190000
2020-03-12 12:49:43.442000,1.1268,1.12672,100000,750000
2020-03-12 12:49:43.643000,1.1268,1.12671,100000,940000
2020-03-12 12:49:43.744000,1.12681,1.12671,1500000,940000
2020-03-12 12:49:44.112000,1.12681,1.12673,750000,2250000
2020-03-12 12:49:44.213000,1.12683,1.12675,750000,1760000
2020-03-12 12:49:44.314000,1.12684,1.12675,750000,940000
2020-03-12 12:49:44.416000,1.12689,1.12682,4010000,750000
2020-03-12 12:49:44.517000,1.12689,1.12681,1690000,1500000
2020-03-12 12:49:44.619000,1.12683,1.12675,1500000,750000
2020-03-12 12:49:44.669000,1.12683,1.12673,1570000,940000
2020-03-12 12:49:44.720000,1.12685,1.12682,750000,1690000
2020-03-12 12:49:44.771000,1.12688,1.12682,1870000,750000
2020-03-12 12:49:44.873000,1.12683,1.1268,750000,750000
2020-03-12 12:49:44.923000,1.12682,1.12675,750000,750000
2020-03-12 12:49:44.974000,1.12684,1.12674,820000,750000
2020-03-12 12:49:45.025000,1.12684,1.12677,750000,1690000
2020-03-12 12:49:45.126000,1.12683,1.12675,750000,100000
2020-03-12 12:49:45.227000,1.12682,1.12673,750000,100000
2020-03-12 12:49:45.329000,1.12681,1.12673,750000,750000
2020-03-12 12:49:45.430000,1.12684,1.12681,1420000,750000
2020-03-12 12:49:45.531000,1.12688,1.1268,1570000,1690000
2020-03-12 12:49:45.582000,1.1268,1.12678,750000,750000
2020-03-12 12:49:45.633000,1.12681,1.12673,1570000,750000
2020-03-12 12:49:45.734000,1.12679,1.1267,750000,3190000
2020-03-12 12:49:45.785000,1.12679,1.12672,750000,190000
2020-03-12 12:49:45.836000,1.12682,1.12673,1500000,1690000
2020-03-12 12:49:45.937000,1.12683,1.1268,1500000,750000
2020-03-12 12:49:45.988000,1.12683,1.12676,750000,1570000
2020-03-12 12:49:46.039000,1.12687,1.12683,1500000,750000
2020-03-12 12:49:46.140000,1.12687,1.12677,750000,1990000
2020-03-12 12:49:46.241000,1.12686,1.12677,750000,1990000
2020-03-12 12:49:46.343000,1.12684,1.12676,750000,750000
2020-03-12 12:49:46.444000,1.12685,1.12676,750000,1500000
2020-03-12 12:49:46.596000,1.12685,1.12677,750000,750000
2020-03-12 12:49:46.697000,1.12687,1.12677,820000,1500000
2020-03-12 12:49:46.849000,1.12687,1.12676,2320000,2250000
2020-03-12 12:49:47.186000,1.12686,1.12676,750000,2250000
2020-03-12 12:49:47.348000,1.12684,1.12676,300000,750000
2020-03-12 12:49:47.449000,1.12684,1.12675,300000,3820000
2020-03-12 12:49:47.560000,1.12682,1.12675,750000,1500000
2020-03-12 12:49:47.662000,1.12683,1.12676,750000,750000
2020-03-12 12:49:47.763000,1.12683,1.12676,750000,770000
2020-03-12 12:49:47.864000,1.12682,1.12676,1500000,750000
2020-03-12 12:49:47.965000,1.12683,1.12673,1500000,750000
2020-03-12 12:49:48.067000,1.12682,1.12673,370000,100000
2020-03-12 12:49:48.118000,1.12682,1.12675,370000,750000
2020-03-12 12:49:48.271000,1.12682,1.12674,370000,100000
2020-03-12 12:49:48.373000,1.12682,1.12673,370000,260000
2020-03-12 12:49:48.880000,1.12685,1.12679,370000,1500000
2020-03-12 12:49:48.981000,1.12686,1.1268,370000,190000
2020-03-12 12:49:49.082000,1.12689,1.12679,100000,2440000
2020-03-12 12:49:49.133000,1.12687,1.12679,750000,750000
2020-03-12 12:49:49.235000,1.12684,1.12679,1500000,750000
2020-03-12 12:49:49.286000,1.12683,1.12675,3940000,750000
2020-03-12 12:49:49.387000,1.12683,1.12674,2440000,190000
2020-03-12 12:49:49.589000,1.12682,1.12674,190000,750000
2020-03-12 12:49:49.639000,1.12688,1.12685,190000,1500000
2020-03-12 12:49:49.690000,1.1269,1.12685,750000,1690000
2020-03-12 12:49:49.792000,1.12688,1.12685,750000,750000
2020-03-12 12:49:49.843000,1.12692,1.12686,1690000,750000
2020-03-12 12:49:49.894000,1.1269,1.12687,750000,750000
2020-03-12 12:49:49.944000,1.1269,1.12685,750000,1690000
2020-03-12 12:49:50.045000,1.1269,1.12686,750000,1500000
2020-03-12 12:49:50.147000,1.12691,1.12687,750000,750000
2020-03-12 12:49:50.198000,1.12693,1.12691,710000,750000
2020-03-12 12:49:50.249000,1.127,1.12699,750000,750000
2020-03-12 12:49:50.299000,1.12703,1.127,1120000,750000
2020-03-12 12:49:50.350000,1.12705,1.12699,3370000,1500000
2020-03-12 12:49:50.451000,1.12705,1.12698,750000,750000
2020-03-12 12:49:50.502000,1.12707,1.12701,750000,750000
2020-03-12 12:49:50.553000,1.12707,1.12698,750000,820000
2020-03-12 12:49:50.655000,1.12707,1.12697,2250000,1500000
2020-03-12 12:49:50.807000,1.12708,1.12699,2250000,1500000
2020-03-12 12:49:50.857000,1.12708,1.12697,1690000,2320000
2020-03-12 12:49:50.959000,1.12704,1.12697,750000,1500000
2020-03-12 12:49:51.010000,1.12706,1.12697,750000,750000
2020-03-12 12:49:51.112000,1.12705,1.12696,190000,2250000
2020-03-12 12:49:51.163000,1.12702,1.12697,750000,1870000
2020-03-12 12:49:51.266000,1.12704,1.12699,1120000,750000
2020-03-12 12:49:51.317000,1.12703,1.12695,940000,100000
2020-03-12 12:49:51.368000,1.12703,1.12698,750000,750000
2020-03-12 12:49:51.418000,1.12705,1.12697,750000,1500000
2020-03-12 12:49:51.520000,1.12705,1.12696,1690000,750000
2020-03-12 12:49:51.621000,1.12704,1.12696,1570000,750000
2020-03-12 12:49:51.722000,1.12705,1.12699,750000,750000
2020-03-12 12:49:51.824000,1.12706,1.12698,750000,1570000
2020-03-12 12:49:52.077000,1.12706,1.12699,750000,100000
2020-03-12 12:49:52.178000,1.12706,1.12698,750000,750000
2020-03-12 12:49:52.279000,1.12702,1.12699,750000,750000
2020-03-12 12:49:52.381000,1.12701,1.12693,1500000,1570000
2020-03-12 12:49:52.482000,1.12701,1.12692,1500000,1010000
2020-03-12 12:49:52.583000,1.12701,1.12694,1500000,750000
2020-03-12 12:49:52.684000,1.12702,1.12695,940000,750000
2020-03-12 12:49:52.786000,1.12702,1.12696,940000,750000
2020-03-12 12:49:52.887000,1.12707,1.127,190000,750000
2020-03-12 12:49:52.988000,1.12709,1.12704,2250000,750000
2020-03-12 12:49:53.089000,1.1271,1.12704,750000,750000
2020-03-12 12:49:53.191000,1.1271,1.12702,4690000,750000
2020-03-12 12:49:53.292000,1.1271,1.12701,940000,820000
2020-03-12 12:49:53.638000,1.1271,1.127,1500000,4760000
2020-03-12 12:49:53.688000,1.1271,1.12702,1500000,820000
2020-03-12 12:49:53.790000,1.1271,1.12703,750000,750000
2020-03-12 12:49:53.891000,1.1271,1.12705,750000,1570000
2020-03-12 12:49:54.216000,1.1271,1.12705,1500000,750000
2020-03-12 12:49:54.317000,1.12709,1.12702,750000,1500000
2020-03-12 12:49:54.368000,1.12708,1.127,750000,750000
2020-03-12 12:49:54.469000,1.12703,1.127,750000,1500000
2020-03-12 12:49:54.520000,1.12703,1.12697,1500000,100000
2020-03-12 12:49:54.571000,1.12703,1.12695,1500000,2320000
2020-03-12 12:49:54.672000,1.12703,1.12696,2250000,190000
2020-03-12 12:49:54.723000,1.12704,1.12698,1090000,100000
2020-03-12 12:49:54.824000,1.12708,1.127,750000,1120000
2020-03-12 12:49:54.925000,1.12708,1.12702,750000,2250000
2020-03-12 12:49:55.447000,1.12707,1.12702,750000,2250000
2020-03-12 12:49:55.498000,1.12707,1.12699,750000,1760000
2020-03-12 12:49:55.599000,1.12708,1.12697,750000,3260000
2020-03-12 12:49:55.701000,1.12708,1.12697,1570000,2060000
2020-03-12 12:49:55.803000,1.12708,1.12702,750000,750000
2020-03-12 12:49:55.904000,1.12713,1.12709,2250000,1690000
2020-03-12 12:49:56.006000,1.12717,1.12708,750000,260000
2020-03-12 12:49:56.108000,1.12717,1.12707,750000,2440000
2020-03-12 12:49:56.210000,1.12717,1.12708,1500000,750000
2020-03-12 12:49:56.312000,1.12715,1.12707,750000,750000
2020-03-12 12:49:56.363000,1.12716,1.12707,1500000,750000
2020-03-12 12:49:56.414000,1.12716,1.12706,2550000,190000
2020-03-12 12:49:56.516000,1.12713,1.12702,750000,190000
2020-03-12 12:49:56.567000,1.12708,1.12702,750000,190000
2020-03-12 12:49:56.618000,1.12708,1.127,1500000,750000
2020-03-12 12:49:56.669000,1.12708,1.12698,1500000,560000
2020-03-12 12:49:57.044000,1.12709,1.12702,300000,750000
2020-03-12 12:49:57.145000,1.12713,1.12704,3190000,100000
2020-03-12 12:49:57.297000,1.12713,1.12704,940000,100000
2020-03-12 12:49:57.398000,1.12712,1.12703,750000,100000
2020-03-12 12:49:57.499000,1.12712,1.12702,2250000,260000
2020-03-12 12:49:57.550000,1.12712,1.12703,750000,100000
2020-03-12 12:49:57.651000,1.12712,1.12702,750000,1760000
2020-03-12 12:49:57.752000,1.12713,1.12703,750000,2320000
2020-03-12 12:49:58.106000,1.12713,1.12704,750000,820000
2020-03-12 12:49:58.208000,1.12713,1.12705,1050000,100000
2020-03-12 12:49:58.258000,1.12711,1.12704,750000,750000
2020-03-12 12:49:58.360000,1.12706,1.127,750000,1500000
2020-03-12 12:49:58.461000,1.12706,1.12698,1460000,750000
2020-03-12 12:49:58.564000,1.12707,1.12697,750000,1760000
2020-03-12 12:49:58.717000,1.12707,1.12701,750000,750000
2020-03-12 12:49:58.768000,1.12709,1.12701,2250000,750000
2020-03-12 12:49:58.870000,1.12711,1.12701,820000,2810000
2020-03-12 12:49:58.975000,1.12712,1.12702,820000,1120000
2020-03-12 12:49:59.077000,1.12711,1.12702,1570000,370000
2020-03-12 12:49:59.178000,1.12707,1.12701,750000,1870000
2020-03-12 12:49:59.430000,1.12711,1.12701,1570000,1870000
2020-03-12 12:49:59.481000,1.12711,1.12703,1500000,750000
2020-03-12 12:49:59.582000,1.12712,1.12702,750000,1120000
2020-03-12 12:49:59.683000,1.1271,1.12701,750000,1120000
2020-03-12 12:49:59.785000,1.12708,1.12701,750000,1120000
2020-03-12 12:49:59.886000,1.12711,1.12704,1500000,1870000
2020-03-12 12:49:59.937000,1.12711,1.12702,1500000,100000
2020-03-12 12:50:00.038000,1.1271,1.12701,750000,1690000
2020-03-12 12:50:00.089000,1.12708,1.12705,750000,750000
2020-03-12 12:50:00.140000,1.12711,1.12705,750000,750000
2020-03-12 12:50:00.241000,1.12714,1.12706,750000,820000
2020-03-12 12:50:00.343000,1.12713,1.12706,300000,1690000
2020-03-12 12:50:00.597000,1.12713,1.12708,1050000,1690000
2020-03-12 12:50:00.648000,1.12716,1.1271,750000,940000
2020-03-12 12:50:00.750000,1.12715,1.1271,750000,1500000
2020-03-12 12:50:00.852000,1.12716,1.12713,1500000,750000
2020-03-12 12:50:00.953000,1.12719,1.12715,1500000,370000
2020-03-12 12:50:01.055000,1.12719,1.12714,2250000,1120000
2020-03-12 12:50:01.156000,1.12723,1.12717,750000,1690000
2020-03-12 12:50:01.258000,1.12724,1.12718,750000,190000
2020-03-12 12:50:01.359000,1.12725,1.12718,750000,190000
2020-03-12 12:50:01.461000,1.12726,1.12721,1500000,940000
2020-03-12 12:50:01.564000,1.12724,1.12719,750000,370000
2020-03-12 12:50:01.665000,1.12725,1.12719,710000,940000
2020-03-12 12:50:01.767000,1.12724,1.12719,750000,190000
2020-03-12 12:50:01.970000,1.12724,1.12718,750000,190000
2020-03-12 12:50:02.071000,1.12719,1.12716,750000,1760000
2020-03-12 12:50:02.173000,1.12711,1.12708,750000,3000000
2020-03-12 12:50:02.223000,1.12711,1.127,1500000,2440000
2020-03-12 12:50:02.274000,1.12711,1.12707,750000,1570000
2020-03-12 12:50:02.325000,1.12714,1.12713,2250000,750000
2020-03-12 12:50:02.376000,1.12721,1.12719,750000,750000
2020-03-12 12:50:02.478000,1.12726,1.12722,1500000,750000
2020-03-12 12:50:02.579000,1.12726,1.1272,750000,1650000
2020-03-12 12:50:02.680000,1.12725,1.12721,1460000,1500000
2020-03-12 12:50:02.731000,1.12723,1.12718,1500000,2440000
2020-03-12 12:50:02.833000,1.12722,1.12717,750000,2400000
2020-03-12 12:50:03.088000,1.12722,1.12716,1500000,940000
2020-03-12 12:50:03.190000,1.1272,1.12714,750000,2440000
2020-03-12 12:50:03.392000,1.1272,1.12713,750000,900000
2020-03-12 12:50:03.493000,1.12719,1.12714,750000,190000
2020-03-12 12:50:03.595000,1.12721,1.12716,750000,190000
2020-03-12 12:50:03.645000,1.12721,1.12714,1500000,1760000
2020-03-12 12:50:03.747000,1.1272,1.12713,190000,220000
2020-03-12 12:50:03.848000,1.12719,1.12715,750000,220000
2020-03-12 12:50:03.949000,1.12719,1.12712,750000,1570000
2020-03-12 12:50:04,1.12719,1.12714,750000,750000
2020-03-12 12:50:04.051000,1.1272,1.12711,750000,1010000
2020-03-12 12:50:04.102000,1.12719,1.12716,710000,820000
2020-03-12 12:50:04.153000,1.12724,1.12721,1460000,1500000
2020-03-12 12:50:04.254000,1.12719,1.12718,750000,3000000
2020-03-12 12:50:04.305000,1.1272,1.12715,750000,2250000
2020-03-12 12:50:04.356000,1.12711,1.12706,750000,3750000
2020-03-12 12:50:04.457000,1.12714,1.12709,300000,100000
2020-03-12 12:50:04.508000,1.12716,1.12709,1870000,100000
2020-03-12 12:50:04.559000,1.12715,1.12707,750000,100000
2020-03-12 12:50:04.609000,1.12715,1.1271,750000,750000
2020-03-12 12:50:04.660000,1.12715,1.12708,750000,100000
2020-03-12 12:50:04.762000,1.12716,1.12708,1460000,190000
2020-03-12 12:50:04.813000,1.12717,1.1271,750000,750000
2020-03-12 12:50:04.863000,1.12715,1.12707,750000,100000
2020-03-12 12:50:04.965000,1.12713,1.12706,750000,1570000
2020-03-12 12:50:05.066000,1.12707,1.12702,750000,750000
2020-03-12 12:50:05.167000,1.12709,1.12701,2320000,1500000
2020-03-12 12:50:05.218000,1.12709,1.12705,1570000,750000
2020-03-12 12:50:05.270000,1.12712,1.12704,750000,750000
2020-03-12 12:50:05.473000,1.12712,1.12703,750000,750000
2020-03-12 12:50:05.695000,1.12712,1.12705,750000,750000
2020-03-12 12:50:05.796000,1.12712,1.12702,750000,750000
2020-03-12 12:50:05.897000,1.12709,1.12702,750000,750000
2020-03-12 12:50:05.998000,1.1271,1.12704,750000,750000
2020-03-12 12:50:06.049000,1.1271,1.127,750000,750000
2020-03-12 12:50:06.318000,1.12713,1.12705,750000,750000
2020-03-12 12:50:06.419000,1.12715,1.12705,1870000,750000
2020-03-12 12:50:06.521000,1.12715,1.12706,750000,940000
2020-03-12 12:50:06.622000,1.12714,1.12707,1800000,1500000
2020-03-12 12:50:06.724000,1.12718,1.12708,750000,1840000
2020-03-12 12:50:06.774000,1.12716,1.12708,750000,900000
2020-03-12 12:50:06.876000,1.12717,1.12707,1460000,1690000
2020-03-12 12:50:06.977000,1.12715,1.12709,750000,750000
2020-03-12 12:50:07.028000,1.12717,1.12709,750000,750000
2020-03-12 12:50:07.079000,1.12715,1.12708,2210000,190000
2020-03-12 12:50:07.181000,1.12719,1.12712,1800000,750000
2020-03-12 12:50:07.284000,1.12719,1.12708,1800000,2440000
2020-03-12 12:50:07.385000,1.12718,1.12708,750000,190000
2020-03-12 12:50:07.487000,1.12717,1.12707,1500000,150000
2020-03-12 12:50:07.538000,1.12717,1.12709,750000,190000
2020-03-12 12:50:07.741000,1.12716,1.12709,750000,750000
2020-03-12 12:50:07.793000,1.12718,1.1271,1500000,750000
2020-03-12 12:50:07.995000,1.12719,1.1271,1800000,1500000
2020-03-12 12:50:08.045000,1.12716,1.1271,750000,750000
2020-03-12 12:50:08.148000,1.12719,1.12709,3300000,190000
2020-03-12 12:50:08.199000,1.12714,1.12706,750000,750000
2020-03-12 12:50:08.300000,1.12721,1.12714,2620000,190000
2020-03-12 12:50:08.402000,1.12722,1.12714,1500000,750000
2020-03-12 12:50:08.503000,1.12722,1.12712,1500000,940000
2020-03-12 12:50:08.655000,1.12722,1.12713,1500000,750000
2020-03-12 12:50:08.757000,1.12722,1.12712,1500000,940000
2020-03-12 12:50:08.858000,1.12723,1.12714,1500000,750000
2020-03-12 12:50:09.011000,1.12723,1.12715,190000,1500000
2020-03-12 12:50:09.112000,1.12722,1.12715,1500000,750000
2020-03-12 12:50:09.163000,1.12722,1.12712,1500000,940000
2020-03-12 12:50:09.264000,1.12724,1.12719,1200000,750000
2020-03-12 12:50:09.315000,1.12724,1.12715,750000,1650000
2020-03-12 12:50:09.416000,1.12724,1.12713,2140000,750000
2020-03-12 12:50:09.518000,1.12723,1.12713,750000,1500000
2020-03-12 12:50:09.568000,1.12723,1.12717,750000,750000
2020-03-12 12:50:09.670000,1.12724,1.12717,1950000,750000
2020-03-12 12:50:09.720000,1.12724,1.12715,2700000,750000
2020-03-12 12:50:09.771000,1.12724,1.12719,1200000,750000
2020-03-12 12:50:09.822000,1.12726,1.12717,1270000,1840000
2020-03-12 12:50:09.873000,1.12722,1.12717,750000,150000
2020-03-12 12:50:09.924000,1.12722,1.12711,1500000,1090000
2020-03-12 12:50:10.025000,1.12717,1.1271,750000,750000
2020-03-12 12:50:10.076000,1.1272,1.1271,750000,750000
2020-03-12 12:50:10.127000,1.12718,1.12708,940000,750000
2020-03-12 12:50:10.228000,1.12714,1.12704,1200000,520000
2020-03-12 12:50:10.329000,1.12717,1.12707,750000,1270000
2020-03-12 12:50:10.431000,1.12719,1.12708,1240000,1500000
2020-03-12 12:50:10.482000,1.12716,1.12707,750000,900000
2020-03-12 12:50:10.583000,1.12719,1.12711,670000,2250000
2020-03-12 12:50:10.685000,1.12722,1.12714,750000,750000
2020-03-12 12:50:10.786000,1.12723,1.12714,750000,1500000
2020-03-12 12:50:10.888000,1.12724,1.12714,1990000,750000
2020-03-12 12:50:11.277000,1.12724,1.12713,1610000,1500000
2020-03-12 12:50:11.484000,1.12724,1.12714,1610000,750000
2020-03-12 12:50:11.737000,1.12724,1.12717,1050000,750000
2020-03-12 12:50:11.788000,1.12724,1.12715,1050000,750000
2020-03-12 12:50:11.899000,1.12724,1.12714,1500000,1500000
2020-03-12 12:50:12.486000,1.12724,1.12718,750000,750000
2020-03-12 12:50:12.537000,1.12726,1.12719,750000,3190000
2020-03-12 12:50:12.589000,1.12723,1.12719,750000,2250000
2020-03-12 12:50:12.640000,1.1272,1.12713,750000,2020000
2020-03-12 12:50:12.692000,1.12715,1.12713,750000,150000
2020-03-12 12:50:12.743000,1.12714,1.12706,750000,900000
2020-03-12 12:50:12.794000,1.12716,1.12708,750000,750000
2020-03-12 12:50:12.896000,1.12717,1.12711,750000,750000
2020-03-12 12:50:12.998000,1.12715,1.12708,750000,750000
2020-03-12 12:50:13.099000,1.12715,1.12707,750000,1050000
2020-03-12 12:50:13.150000,1.12716,1.12709,750000,750000
2020-03-12 12:50:13.201000,1.12715,1.12707,750000,900000
2020-03-12 12:50:13.252000,1.12715,1.1271,750000,750000
2020-03-12 12:50:13.454000,1.12715,1.12708,750000,750000
2020-03-12 12:50:13.724000,1.12716,1.12709,750000,900000
2020-03-12 12:50:13.826000,1.12715,1.12713,750000,750000
2020-03-12 12:50:13.876000,1.12717,1.12714,750000,750000
2020-03-12 12:50:13.978000,1.12717,1.12713,750000,1500000
2020-03-12 12:50:14.130000,1.1272,1.12715,370000,750000
2020-03-12 12:50:14.281000,1.12721,1.12719,370000,750000
2020-03-12 12:50:14.383000,1.12721,1.12718,1120000,150000
2020-03-12 12:50:14.433000,1.1272,1.12714,370000,750000
2020-03-12 12:50:14.534000,1.12719,1.12713,750000,1500000
2020-03-12 12:50:14.636000,1.12719,1.12711,750000,750000
2020-03-12 12:50:14.737000,1.12719,1.1271,750000,750000
2020-03-12 12:50:14.788000,1.12719,1.12713,750000,750000
2020-03-12 12:50:14.889000,1.12719,1.12712,750000,2250000
2020-03-12 12:50:14.940000,1.12719,1.12709,750000,750000
2020-03-12 12:50:14.991000,1.12717,1.12707,190000,1050000
2020-03-12 12:50:15.092000,1.12717,1.12713,750000,1500000
2020-03-12 12:50:15.143000,1.12721,1.12719,370000,100000
2020-03-12 12:50:15.245000,1.12726,1.12718,750000,1500000
2020-03-12 12:50:15.347000,1.12724,1.12717,750000,750000
2020-03-12 12:50:15.451000,1.12724,1.12715,1690000,1500000
2020-03-12 12:50:15.502000,1.12724,1.12713,3000000,190000
2020-03-12 12:50:15.603000,1.12721,1.12712,750000,750000
2020-03-12 12:50:15.705000,1.12721,1.12712,450000,750000
2020-03-12 12:50:15.756000,1.12723,1.12711,190000,560000
2020-03-12 12:50:15.806000,1.12724,1.12714,1800000,2060000
2020-03-12 12:50:15.857000,1.12726,1.12714,940000,1120000
2020-03-12 12:50:16.009000,1.12724,1.12712,1690000,750000
2020-03-12 12:50:16.111000,1.12722,1.12713,750000,370000
2020-03-12 12:50:16.213000,1.12722,1.12712,750000,370000
2020-03-12 12:50:16.314000,1.12722,1.12713,750000,370000
2020-03-12 12:50:16.517000,1.12724,1.12713,2440000,1120000
2020-03-12 12:50:16.777000,1.12724,1.12721,750000,450000
2020-03-12 12:50:16.828000,1.12724,1.12719,750000,1870000
2020-03-12 12:50:16.879000,1.1273,1.12721,750000,750000
2020-03-12 12:50:16.930000,1.12733,1.12731,1500000,1200000
2020-03-12 12:50:16.980000,1.12733,1.12727,750000,940000
2020-03-12 12:50:17.082000,1.12733,1.12725,750000,190000
2020-03-12 12:50:17.183000,1.12734,1.12724,1500000,190000
2020-03-12 12:50:17.284000,1.12729,1.12723,2440000,1500000
2020-03-12 12:50:17.386000,1.12729,1.12722,2250000,750000
2020-03-12 12:50:17.487000,1.12731,1.12725,3560000,750000
2020-03-12 12:50:17.588000,1.12732,1.12723,750000,1310000
2020-03-12 12:50:17.639000,1.12732,1.12727,750000,750000
2020-03-12 12:50:17.690000,1.12734,1.12726,750000,1500000
2020-03-12 12:50:17.741000,1.12736,1.12727,1500000,190000
2020-03-12 12:50:17.842000,1.12736,1.12729,750000,1500000
2020-03-12 12:50:17.943000,1.1274,1.12738,300000,1500000
2020-03-12 12:50:17.994000,1.12745,1.12736,370000,370000
2020-03-12 12:50:18.045000,1.12746,1.12741,750000,750000
2020-03-12 12:50:18.096000,1.12744,1.12734,750000,1500000
2020-03-12 12:50:18.147000,1.12746,1.12739,190000,2700000
2020-03-12 12:50:18.248000,1.12748,1.12742,750000,750000
2020-03-12 12:50:18.349000,1.12749,1.12744,2250000,190000
2020-03-12 12:50:18.400000,1.12749,1.12742,750000,1500000
2020-03-12 12:50:18.501000,1.12748,1.12742,190000,750000
2020-03-12 12:50:18.552000,1.12747,1.1274,1500000,190000
2020-03-12 12:50:18.653000,1.12749,1.12745,1800000,940000
2020-03-12 12:50:18.704000,1.12766,1.12762,750000,750000
2020-03-12 12:50:18.777000,1.12755,1.12753,750000,1500000
2020-03-12 12:50:18.828000,1.12749,1.12746,1500000,940000
2020-03-12 12:50:18.931000,1.1275,1.12742,750000,750000
2020-03-12 12:50:18.981000,1.12751,1.12748,370000,750000
2020-03-12 12:50:19.083000,1.12751,1.12747,1500000,750000
2020-03-12 12:50:19.133000,1.12746,1.12742,750000,1120000
2020-03-12 12:50:19.184000,1.12742,1.12736,1120000,370000
2020-03-12 12:50:19.285000,1.12739,1.12734,750000,750000
2020-03-12 12:50:19.387000,1.12742,1.12735,1500000,370000
2020-03-12 12:50:19.437000,1.1274,1.12734,750000,1500000
2020-03-12 12:50:19.538000,1.12738,1.12734,750000,750000
2020-03-12 12:50:19.589000,1.12738,1.12732,1500000,750000
2020-03-12 12:50:19.690000,1.12734,1.1273,750000,750000
2020-03-12 12:50:19.741000,1.12737,1.12732,750000,750000
2020-03-12 12:50:19.792000,1.12732,1.12727,750000,450000
2020-03-12 12:50:19.843000,1.12734,1.12727,370000,450000
2020-03-12 12:50:19.944000,1.12732,1.12727,370000,450000
2020-03-12 12:50:19.995000,1.12736,1.12727,1500000,1950000
2020-03-12 12:50:20.096000,1.12736,1.12728,370000,450000
2020-03-12 12:50:20.197000,1.12734,1.12728,750000,450000
2020-03-12 12:50:20.299000,1.12729,1.12728,750000,450000
2020-03-12 12:50:20.350000,1.12733,1.12729,370000,750000
2020-03-12 12:50:20.401000,1.12743,1.12738,1310000,750000
2020-03-12 12:50:20.452000,1.12749,1.12746,1120000,750000
2020-03-12 12:50:20.502000,1.12762,1.12756,190000,750000
2020-03-12 12:50:20.553000,1.1275,1.12748,750000,750000
2020-03-12 12:50:20.604000,1.12744,1.12743,750000,750000
2020-03-12 12:50:20.655000,1.12748,1.12744,750000,750000
2020-03-12 12:50:20.756000,1.12752,1.12742,750000,750000
2020-03-12 12:50:20.807000,1.12754,1.12742,3190000,3190000
2020-03-12 12:50:20.858000,1.12754,1.12746,2250000,2440000
2020-03-12 12:50:20.908000,1.12758,1.12748,750000,750000
2020-03-12 12:50:21.009000,1.12759,1.12748,1010000,750000
2020-03-12 12:50:21.060000,1.12759,1.12746,1390000,940000
2020-03-12 12:50:21.111000,1.12752,1.12745,750000,1870000
2020-03-12 12:50:21.162000,1.12753,1.12742,750000,2250000
2020-03-12 12:50:21.213000,1.12751,1.12742,750000,750000
2020-03-12 12:50:21.264000,1.12754,1.12742,2740000,750000
2020-03-12 12:50:21.365000,1.12753,1.12742,1310000,750000
2020-03-12 12:50:21.466000,1.12757,1.12755,750000,750000
2020-03-12 12:50:21.517000,1.12754,1.12752,1500000,190000
2020-03-12 12:50:21.568000,1.12752,1.12746,1500000,190000
2020-03-12 12:50:21.619000,1.12752,1.12744,370000,1310000
2020-03-12 12:50:21.720000,1.12745,1.12742,6000000,750000
2020-03-12 12:50:21.771000,1.12725,1.1272,1500000,750000
2020-03-12 12:50:21.872000,1.12723,1.12715,750000,750000
2020-03-12 12:50:21.973000,1.12723,1.12713,1120000,750000
2020-03-12 12:50:22.075000,1.12725,1.12715,370000,750000
2020-03-12 12:50:22.176000,1.12727,1.12715,750000,750000
2020-03-12 12:50:22.328000,1.12723,1.12715,750000,750000
2020-03-12 12:50:22.379000,1.12723,1.1271,1870000,940000
2020-03-12 12:50:22.481000,1.12723,1.12709,1870000,2250000
2020-03-12 12:50:22.683000,1.1272,1.12707,370000,300000
2020-03-12 12:50:22.788000,1.12723,1.1272,560000,750000
2020-03-12 12:50:22.839000,1.12735,1.12728,190000,750000
2020-03-12 12:50:22.889000,1.1273,1.12726,370000,940000
2020-03-12 12:50:22.991000,1.12734,1.12725,750000,1500000
2020-03-12 12:50:23.092000,1.12733,1.12724,750000,750000
2020-03-12 12:50:23.143000,1.12729,1.1272,1500000,750000
2020-03-12 12:50:23.194000,1.12729,1.12718,2620000,750000
2020-03-12 12:50:23.244000,1.12729,1.12721,2620000,750000
2020-03-12 12:50:23.346000,1.12729,1.1272,2620000,1500000
2020-03-12 12:50:23.447000,1.1273,1.12729,1870000,750000
2020-03-12 12:50:23.498000,1.12736,1.12733,750000,750000
2020-03-12 12:50:23.549000,1.12736,1.12735,1500000,8020000
2020-03-12 12:50:23.599000,1.12742,1.12738,750000,750000
2020-03-12 12:50:23.650000,1.12745,1.12738,750000,750000
2020-03-12 12:50:23.701000,1.12744,1.12736,1200000,1500000
2020-03-12 12:50:23.802000,1.12745,1.12734,1500000,750000
2020-03-12 12:50:23.903000,1.12745,1.12733,2250000,1500000
2020-03-12 12:50:23.954000,1.12735,1.12731,750000,750000
2020-03-12 12:50:24.005000,1.12734,1.12726,1050000,750000
2020-03-12 12:50:24.056000,1.1273,1.12727,750000,750000
2020-03-12 12:50:24.106000,1.12734,1.12727,750000,2250000
2020-03-12 12:50:24.158000,1.12734,1.1273,750000,750000
2020-03-12 12:50:24.209000,1.12736,1.1273,190000,750000
2020-03-12 12:50:24.311000,1.12737,1.12728,750000,1690000
2020-03-12 12:50:24.362000,1.12738,1.12731,1120000,1500000
2020-03-12 12:50:24.413000,1.12738,1.12729,750000,750000
2020-03-12 12:50:24.514000,1.12738,1.12728,750000,750000
2020-03-12 12:50:24.565000,1.12734,1.12731,750000,750000
2020-03-12 12:50:24.616000,1.12732,1.12726,190000,1570000
2020-03-12 12:50:24.667000,1.12731,1.12724,190000,2250000
2020-03-12 12:50:24.768000,1.12732,1.12723,370000,100000
2020-03-12 12:50:24.869000,1.12732,1.12724,1690000,450000
2020-03-12 12:50:24.970000,1.12731,1.12725,190000,750000
2020-03-12 12:50:25.021000,1.12731,1.12727,190000,750000
2020-03-12 12:50:25.123000,1.12732,1.12726,560000,1500000
2020-03-12 12:50:25.224000,1.1273,1.12725,190000,3000000
2020-03-12 12:50:25.325000,1.1273,1.12723,190000,190000
2020-03-12 12:50:25.426000,1.12732,1.12724,750000,190000
2020-03-12 12:50:25.477000,1.12731,1.12726,190000,750000
2020-03-12 12:50:25.578000,1.12731,1.12725,190000,750000
2020-03-12 12:50:25.680000,1.1273,1.12723,190000,750000
2020-03-12 12:50:25.731000,1.12732,1.12726,1500000,750000
2020-03-12 12:50:25.782000,1.12731,1.12724,940000,1570000
2020-03-12 12:50:25.984000,1.1273,1.12724,190000,750000
2020-03-12 12:50:26.035000,1.1273,1.12722,190000,1200000
2020-03-12 12:50:26.086000,1.12732,1.12728,750000,750000
2020-03-12 12:50:26.187000,1.12731,1.12726,190000,750000
2020-03-12 12:50:26.238000,1.12733,1.12732,1500000,940000
2020-03-12 12:50:26.339000,1.12735,1.12733,750000,750000
2020-03-12 12:50:26.390000,1.12743,1.12738,750000,750000
2020-03-12 12:50:26.441000,1.12744,1.12734,300000,750000
2020-03-12 12:50:26.492000,1.12736,1.12733,750000,1500000
2020-03-12 12:50:26.542000,1.12741,1.12736,750000,750000
2020-03-12 12:50:26.593000,1.12736,1.12733,750000,190000
2020-03-12 12:50:26.746000,1.12733,1.1273,750000,750000
2020-03-12 12:50:26.850000,1.12733,1.12727,750000,750000
2020-03-12 12:50:27.002000,1.12733,1.12724,750000,3000000
2020-03-12 12:50:27.254000,1.12733,1.12729,750000,750000
2020-03-12 12:50:27.356000,1.12733,1.12728,750000,750000
2020-03-12 12:50:27.507000,1.12733,1.12731,750000,750000
2020-03-12 12:50:27.608000,1.12733,1.12729,750000,1690000
2020-03-12 12:50:27.659000,1.12734,1.12731,750000,190000
2020-03-12 12:50:27.761000,1.12735,1.12733,750000,190000
2020-03-12 12:50:27.963000,1.12739,1.12733,1500000,190000
2020-03-12 12:50:28.166000,1.12739,1.12731,750000,190000
2020-03-12 12:50:28.216000,1.12741,1.12736,1460000,750000
2020-03-12 12:50:28.318000,1.12742,1.12736,1460000,190000
2020-03-12 12:50:28.419000,1.12746,1.12739,1500000,750000
2020-03-12 12:50:28.520000,1.12746,1.12738,750000,1690000
2020-03-12 12:50:28.621000,1.12745,1.12739,370000,750000
2020-03-12 12:50:28.773000,1.12745,1.12738,1120000,940000
2020-03-12 12:50:28.975000,1.12745,1.12739,370000,190000
2020-03-12 12:50:29.026000,1.12748,1.12741,750000,1500000
2020-03-12 12:50:29.076000,1.12746,1.12741,750000,1500000
2020-03-12 12:50:29.178000,1.12748,1.12743,750000,750000
2020-03-12 12:50:29.229000,1.12747,1.12741,750000,1500000
2020-03-12 12:50:29.330000,1.12749,1.12743,450000,750000
2020-03-12 12:50:29.431000,1.12753,1.12751,190000,750000
2020-03-12 12:50:29.532000,1.12757,1.12751,750000,190000
2020-03-12 12:50:29.634000,1.12758,1.12752,370000,750000
2020-03-12 12:50:29.685000,1.12758,1.1275,370000,940000
2020-03-12 12:50:29.736000,1.12764,1.12756,1570000,190000
2020-03-12 12:50:29.837000,1.12759,1.12751,1120000,1500000
2020-03-12 12:50:29.938000,1.12759,1.12749,1120000,940000
2020-03-12 12:50:30.040000,1.1275,1.12747,750000,190000
2020-03-12 12:50:30.090000,1.1275,1.12745,750000,1500000
2020-03-12 12:50:30.141000,1.12746,1.12744,750000,750000
2020-03-12 12:50:30.192000,1.12745,1.12737,750000,750000
2020-03-12 12:50:30.243000,1.12743,1.12734,1870000,370000
2020-03-12 12:50:30.344000,1.12742,1.12734,940000,750000
2020-03-12 12:50:30.446000,1.12739,1.12731,750000,750000
2020-03-12 12:50:30.547000,1.12738,1.12735,750000,750000
2020-03-12 12:50:30.598000,1.12743,1.12739,190000,1500000
2020-03-12 12:50:30.649000,1.12751,1.1274,1120000,1500000
2020-03-12 12:50:30.777000,1.12751,1.12743,1120000,940000
2020-03-12 12:50:30.878000,1.12751,1.12743,1120000,940000
2020-03-12 12:50:30.929000,1.12754,1.12748,750000,750000
2020-03-12 12:50:31.030000,1.1276,1.12748,750000,750000
2020-03-12 12:50:31.081000,1.1276,1.1275,750000,750000
2020-03-12 12:50:31.133000,1.12762,1.1275,750000,1690000
2020-03-12 12:50:31.285000,1.12762,1.12751,750000,190000
2020-03-12 12:50:31.337000,1.12764,1.12756,450000,750000
2020-03-12 12:50:31.388000,1.12764,1.12753,450000,750000
2020-03-12 12:50:31.439000,1.12767,1.12759,750000,750000
2020-03-12 12:50:31.490000,1.12767,1.12757,750000,940000
2020-03-12 12:50:31.541000,1.12769,1.12757,2360000,940000
2020-03-12 12:50:31.642000,1.12769,1.12758,490000,750000
2020-03-12 12:50:31.743000,1.12759,1.12755,750000,3000000
2020-03-12 12:50:31.795000,1.12762,1.12755,2250000,1500000
2020-03-12 12:50:31.846000,1.1276,1.12751,750000,750000
2020-03-12 12:50:31.947000,1.12759,1.12754,560000,750000
2020-03-12 12:50:31.998000,1.12761,1.12754,750000,750000
2020-03-12 12:50:32.150000,1.12761,1.12752,750000,1500000
2020-03-12 12:50:32.201000,1.1276,1.12752,190000,750000
2020-03-12 12:50:32.302000,1.1276,1.12753,370000,750000
2020-03-12 12:50:32.403000,1.12761,1.12753,750000,750000
2020-03-12 12:50:32.454000,1.12762,1.12751,1690000,2250000
2020-03-12 12:50:32.505000,1.12762,1.12749,2440000,940000
2020-03-12 12:50:32.656000,1.1276,1.12748,190000,2250000
2020-03-12 12:50:32.758000,1.12761,1.12752,1500000,750000
2020-03-12 12:50:32.859000,1.12761,1.12754,750000,750000
2020-03-12 12:50:32.960000,1.12761,1.12749,1650000,750000
2020-03-12 12:50:33.062000,1.1276,1.12747,750000,1310000
2020-03-12 12:50:33.826000,1.12765,1.12763,1120000,1500000
2020-03-12 12:50:33.927000,1.12767,1.12764,370000,190000
2020-03-12 12:50:34.028000,1.12766,1.12764,750000,750000
2020-03-12 12:50:34.079000,1.12766,1.12758,2250000,940000
2020-03-12 12:50:34.130000,1.12764,1.12758,750000,750000
2020-03-12 12:50:34.181000,1.12764,1.12755,750000,750000
2020-03-12 12:50:34.282000,1.12763,1.12752,750000,2440000
2020-03-12 12:50:34.333000,1.12763,1.12754,750000,1500000
2020-03-12 12:50:34.838000,1.12763,1.1276,750000,6300000
2020-03-12 12:50:34.939000,1.12795,1.1279,100000,750000
2020-03-12 12:50:34.990000,1.12796,1.12795,7310000,1500000
2020-03-12 12:50:35.041000,1.128,1.12798,190000,750000
2020-03-12 12:50:35.092000,1.128,1.12796,750000,750000
2020-03-12 12:50:35.143000,1.128,1.12798,190000,750000
2020-03-12 12:50:35.194000,1.12796,1.12794,750000,2440000
2020-03-12 12:50:35.245000,1.12789,1.12787,750000,750000
2020-03-12 12:50:35.347000,1.12791,1.12787,190000,750000
2020-03-12 12:50:35.399000,1.12792,1.12784,1500000,3190000
2020-03-12 12:50:35.450000,1.12789,1.12785,1120000,370000
2020-03-12 12:50:35.553000,1.12788,1.1278,2620000,750000
2020-03-12 12:50:35.655000,1.12789,1.1278,450000,1690000
2020-03-12 12:50:35.756000,1.12786,1.12781,750000,370000
2020-03-12 12:50:35.808000,1.12788,1.12781,750000,370000
2020-03-12 12:50:35.910000,1.12789,1.12781,450000,940000
2020-03-12 12:50:36.011000,1.12791,1.12781,1500000,190000
2020-03-12 12:50:36.112000,1.12786,1.12779,1500000,2250000
2020-03-12 12:50:36.213000,1.12784,1.12779,750000,750000
2020-03-12 12:50:36.315000,1.12784,1.12778,3000000,750000
2020-03-12 12:50:36.466000,1.12782,1.12778,750000,750000
2020-03-12 12:50:36.568000,1.12782,1.12773,190000,190000
2020-03-12 12:50:36.669000,1.12784,1.12781,2250000,750000
2020-03-12 12:50:36.720000,1.12784,1.12778,2250000,750000
2020-03-12 12:50:36.771000,1.12792,1.12784,750000,750000
2020-03-12 12:50:36.872000,1.12796,1.12785,750000,1500000
2020-03-12 12:50:36.923000,1.12792,1.12782,750000,190000
2020-03-12 12:50:37.024000,1.12794,1.1279,750000,750000
2020-03-12 12:50:37.075000,1.12797,1.12785,750000,560000
2020-03-12 12:50:37.125000,1.12795,1.12785,750000,370000
2020-03-12 12:50:37.227000,1.12796,1.12786,750000,190000
2020-03-12 12:50:37.328000,1.12793,1.12786,190000,1950000
2020-03-12 12:50:37.429000,1.12795,1.12785,750000,750000
2020-03-12 12:50:37.480000,1.12796,1.12783,750000,750000
2020-03-12 12:50:37.631000,1.12795,1.12783,750000,370000
2020-03-12 12:50:37.783000,1.12795,1.12781,370000,940000
2020-03-12 12:50:37.985000,1.12795,1.12786,190000,750000
2020-03-12 12:50:38.086000,1.12799,1.1279,3000000,750000
2020-03-12 12:50:38.188000,1.12799,1.12788,2250000,190000
2020-03-12 12:50:38.238000,1.1279,1.12786,750000,1120000
2020-03-12 12:50:38.340000,1.12787,1.12785,750000,750000
2020-03-12 12:50:38.390000,1.12787,1.1278,750000,190000
2020-03-12 12:50:38.441000,1.12786,1.12781,750000,750000
2020-03-12 12:50:38.492000,1.12794,1.12792,1500000,750000
2020-03-12 12:50:38.542000,1.12796,1.12787,3000000,750000
2020-03-12 12:50:39.098000,1.12796,1.12786,750000,940000
2020-03-12 12:50:39.199000,1.12795,1.12787,190000,450000
2020-03-12 12:50:39.301000,1.12793,1.12784,940000,750000
2020-03-12 12:50:39.402000,1.12793,1.12783,1500000,750000
2020-03-12 12:50:39.504000,1.12793,1.1278,750000,560000
2020-03-12 12:50:39.605000,1.12791,1.1278,750000,940000
2020-03-12 12:50:39.707000,1.12791,1.12782,2250000,750000
2020-03-12 12:50:39.757000,1.12791,1.12782,940000,750000
2020-03-12 12:50:39.808000,1.12791,1.12779,1690000,2250000
2020-03-12 12:50:39.909000,1.12791,1.12779,940000,1500000
2020-03-12 12:50:40.011000,1.12791,1.1278,750000,1120000
2020-03-12 12:50:40.112000,1.12791,1.1278,750000,3000000
2020-03-12 12:50:40.213000,1.12791,1.12781,750000,750000
2020-03-12 12:50:40.264000,1.12795,1.12784,2060000,3750000
2020-03-12 12:50:40.315000,1.12796,1.12786,2810000,750000
2020-03-12 12:50:40.467000,1.12797,1.12789,750000,2250000
2020-03-12 12:50:40.569000,1.12795,1.12785,750000,1500000
2020-03-12 12:50:40.620000,1.12794,1.12789,1120000,1500000
2020-03-12 12:50:40.723000,1.12794,1.12789,1050000,640000
2020-03-12 12:50:40.825000,1.12796,1.1279,1500000,100000
2020-03-12 12:50:40.926000,1.12798,1.12787,750000,1690000
2020-03-12 12:50:40.977000,1.128,1.12792,190000,190000
2020-03-12 12:50:41.078000,1.12801,1.12792,750000,640000
2020-03-12 12:50:41.179000,1.12802,1.12798,750000,940000
2020-03-12 12:50:41.230000,1.12806,1.12804,560000,750000
2020-03-12 12:50:41.281000,1.12805,1.12803,1500000,750000
2020-03-12 12:50:41.332000,1.12801,1.12799,750000,1200000
2020-03-12 12:50:41.383000,1.12804,1.12797,3000000,750000
2020-03-12 12:50:41.434000,1.12804,1.12794,3750000,3190000
2020-03-12 12:50:41.687000,1.12802,1.12794,940000,750000
2020-03-12 12:50:41.788000,1.12802,1.12793,750000,750000
2020-03-12 12:50:41.890000,1.12802,1.12792,750000,940000
2020-03-12 12:50:42.345000,1.12802,1.12793,750000,750000
2020-03-12 12:50:42.396000,1.12804,1.12794,3000000,750000
2020-03-12 12:50:42.497000,1.12804,1.12795,2250000,1690000
2020-03-12 12:50:42.599000,1.12804,1.12796,1120000,190000
2020-03-12 12:50:42.877000,1.12804,1.12798,1120000,940000
2020-03-12 12:50:42.979000,1.12804,1.12797,450000,190000
2020-03-12 12:50:43.081000,1.12804,1.12801,450000,100000
2020-03-12 12:50:43.183000,1.12807,1.12799,1500000,190000
2020-03-12 12:50:43.234000,1.12807,1.12797,750000,3190000
2020-03-12 12:50:43.336000,1.12809,1.12803,750000,190000
2020-03-12 12:50:43.388000,1.12811,1.12802,1500000,640000
2020-03-12 12:50:43.440000,1.12803,1.12801,750000,820000
2020-03-12 12:50:43.542000,1.12796,1.12788,1120000,640000
2020-03-12 12:50:43.593000,1.12792,1.1279,750000,750000
2020-03-12 12:50:43.644000,1.12794,1.12792,300000,750000
2020-03-12 12:50:43.695000,1.12796,1.12791,370000,750000
2020-03-12 12:50:43.797000,1.12799,1.12789,750000,940000
2020-03-12 12:50:43.847000,1.12799,1.12794,750000,750000
2020-03-12 12:50:43.949000,1.12801,1.12794,750000,750000
2020-03-12 12:50:43.999000,1.12802,1.12796,750000,940000
2020-03-12 12:50:44.050000,1.12804,1.12796,2920000,750000
2020-03-12 12:50:44.151000,1.12801,1.12794,750000,750000
2020-03-12 12:50:44.253000,1.12801,1.12795,750000,750000
2020-03-12 12:50:44.404000,1.12802,1.128,750000,750000
2020-03-12 12:50:44.506000,1.12807,1.128,750000,750000
2020-03-12 12:50:44.608000,1.12813,1.12811,370000,750000
2020-03-12 12:50:44.658000,1.12816,1.12812,2140000,750000
2020-03-12 12:50:44.710000,1.12814,1.1281,1500000,190000
2020-03-12 12:50:44.811000,1.12809,1.12804,3000000,750000
2020-03-12 12:50:44.913000,1.12818,1.12816,370000,750000
2020-03-12 12:50:44.964000,1.12819,1.12813,6000000,750000
2020-03-12 12:50:45.015000,1.12815,1.12809,1310000,370000
2020-03-12 12:50:45.116000,1.12813,1.12807,750000,300000
2020-03-12 12:50:45.217000,1.1281,1.12805,750000,100000
2020-03-12 12:50:45.318000,1.1281,1.12809,750000,750000
2020-03-12 12:50:45.420000,1.12815,1.12808,750000,750000
2020-03-12 12:50:45.471000,1.12814,1.12803,750000,750000
2020-03-12 12:50:45.572000,1.12814,1.12802,750000,190000
2020-03-12 12:50:45.673000,1.12813,1.12802,750000,190000
2020-03-12 12:50:46.077000,1.12816,1.12811,750000,750000
2020-03-12 12:50:46.127000,1.12838,1.12835,1120000,750000
2020-03-12 12:50:46.229000,1.12849,1.12848,750000,750000
2020-03-12 12:50:46.279000,1.12854,1.12848,4880000,750000
2020-03-12 12:50:46.330000,1.12853,1.1285,750000,750000
2020-03-12 12:50:46.381000,1.1285,1.12847,750000,190000
2020-03-12 12:50:46.432000,1.12848,1.12847,750000,190000
2020-03-12 12:50:46.483000,1.12843,1.12838,750000,3260000
2020-03-12 12:50:46.533000,1.12842,1.1284,1500000,370000
2020-03-12 12:50:46.584000,1.12842,1.12837,750000,370000
2020-03-12 12:50:46.685000,1.12844,1.12837,1840000,750000
2020-03-12 12:50:46.736000,1.12842,1.12834,750000,750000
2020-03-12 12:50:46.787000,1.12844,1.12835,750000,750000
2020-03-12 12:50:46.888000,1.12845,1.12835,1460000,2250000
2020-03-12 12:50:46.939000,1.12841,1.12835,750000,2250000
2020-03-12 12:50:46.990000,1.12839,1.1283,2440000,100000
2020-03-12 12:50:47.040000,1.12839,1.12834,1500000,750000
2020-03-12 12:50:47.091000,1.12839,1.12829,750000,940000
2020-03-12 12:50:47.142000,1.12833,1.12829,1500000,750000
2020-03-12 12:50:47.192000,1.12834,1.12827,750000,190000
2020-03-12 12:50:47.294000,1.12838,1.12833,1500000,750000
2020-03-12 12:50:47.395000,1.12839,1.12827,750000,190000
2020-03-12 12:50:47.547000,1.12839,1.12828,750000,190000
2020-03-12 12:50:47.598000,1.12834,1.12827,1500000,750000
2020-03-12 12:50:47.750000,1.12834,1.1283,1500000,190000
2020-03-12 12:50:47.800000,1.12839,1.12831,750000,190000
2020-03-12 12:50:47.902000,1.12844,1.12836,1500000,750000
2020-03-12 12:50:48.104000,1.12844,1.12835,670000,1500000
2020-03-12 12:50:48.206000,1.12844,1.12838,670000,750000
2020-03-12 12:50:48.307000,1.12847,1.12843,750000,750000
2020-03-12 12:50:48.409000,1.12849,1.12845,750000,750000
2020-03-12 12:50:48.459000,1.12844,1.12842,1120000,750000
2020-03-12 12:50:48.510000,1.12848,1.12841,2620000,750000
2020-03-12 12:50:48.561000,1.12844,1.12842,750000,750000
2020-03-12 12:50:48.612000,1.12848,1.12842,750000,750000
2020-03-12 12:50:48.714000,1.12849,1.12845,1050000,1500000
2020-03-12 12:50:48.765000,1.12843,1.12842,2250000,750000
2020-03-12 12:50:48.816000,1.12843,1.12839,560000,750000
2020-03-12 12:50:48.917000,1.12846,1.12838,1460000,750000
2020-03-12 12:50:48.968000,1.12848,1.12846,1460000,190000
2020-03-12 12:50:49.019000,1.12852,1.12851,750000,750000
2020-03-12 12:50:49.120000,1.12858,1.12853,2250000,750000
2020-03-12 12:50:49.172000,1.12859,1.12856,3000000,750000
2020-03-12 12:50:49.223000,1.12862,1.12857,1500000,750000
2020-03-12 12:50:49.326000,1.12863,1.12856,750000,750000
2020-03-12 12:50:49.428000,1.12866,1.12863,370000,750000
2020-03-12 12:50:49.479000,1.12865,1.1286,190000,750000
2020-03-12 12:50:49.530000,1.12867,1.12858,1120000,750000
2020-03-12 12:50:49.631000,1.12864,1.12859,750000,1500000
2020-03-12 12:50:49.682000,1.12864,1.12857,2250000,1500000
2020-03-12 12:50:49.834000,1.12866,1.12857,750000,1500000
2020-03-12 12:50:49.986000,1.12866,1.12859,3000000,820000
2020-03-12 12:50:50.087000,1.12862,1.12857,1500000,750000
2020-03-12 12:50:50.189000,1.12859,1.12854,1500000,820000
2020-03-12 12:50:50.239000,1.12858,1.1285,1500000,1500000
2020-03-12 12:50:50.342000,1.12859,1.1285,750000,750000
2020-03-12 12:50:50.393000,1.12858,1.12853,750000,750000
2020-03-12 12:50:50.495000,1.12857,1.12852,750000,750000
2020-03-12 12:50:50.596000,1.12858,1.12852,750000,750000
2020-03-12 12:50:50.697000,1.12857,1.12852,750000,940000
2020-03-12 12:50:50.850000,1.12854,1.12851,750000,750000
2020-03-12 12:50:50.951000,1.12854,1.1285,750000,750000
2020-03-12 12:50:51.002000,1.12848,1.12846,1500000,2700000
2020-03-12 12:50:51.053000,1.12851,1.12846,2250000,750000
2020-03-12 12:50:51.104000,1.12856,1.12849,750000,750000
2020-03-12 12:50:51.155000,1.12848,1.12847,750000,900000
2020-03-12 12:50:51.205000,1.1285,1.12847,750000,900000
2020-03-12 12:50:51.256000,1.12844,1.12841,750000,750000
2020-03-12 12:50:51.307000,1.12846,1.12841,750000,750000
2020-03-12 12:50:51.358000,1.12849,1.12844,2250000,1200000
2020-03-12 12:50:51.459000,1.12847,1.12843,750000,100000
2020-03-12 12:50:51.560000,1.12849,1.12844,370000,750000
2020-03-12 12:50:51.662000,1.12847,1.12843,750000,750000
2020-03-12 12:50:51.713000,1.12849,1.12844,370000,750000
2020-03-12 12:50:51.815000,1.12848,1.12843,750000,750000
2020-03-12 12:50:51.966000,1.1285,1.12843,750000,750000
2020-03-12 12:50:52.068000,1.12854,1.12848,3000000,560000
2020-03-12 12:50:52.169000,1.12856,1.12852,750000,750000
2020-03-12 12:50:52.220000,1.12858,1.12852,1500000,1500000
2020-03-12 12:50:52.321000,1.12852,1.12848,750000,820000
2020-03-12 12:50:52.422000,1.12848,1.12843,750000,190000
2020-03-12 12:50:52.473000,1.12846,1.12842,750000,100000
2020-03-12 12:50:52.524000,1.12849,1.12847,300000,750000
2020-03-12 12:50:52.625000,1.12854,1.12845,1870000,190000
2020-03-12 12:50:52.726000,1.12854,1.12848,370000,750000
2020-03-12 12:50:52.828000,1.12854,1.12844,1870000,2250000
2020-03-12 12:50:52.929000,1.12854,1.12846,370000,750000
2020-03-12 12:50:53.182000,1.12857,1.12846,1500000,190000
2020-03-12 12:50:53.334000,1.12858,1.12853,750000,450000
2020-03-12 12:50:53.385000,1.12859,1.12849,1420000,560000
2020-03-12 12:50:53.589000,1.12856,1.12849,750000,750000
2020-03-12 12:50:53.654000,1.12856,1.12847,750000,940000
2020-03-12 12:50:53.960000,1.12858,1.12847,750000,560000
2020-03-12 12:50:54.063000,1.12856,1.12846,750000,940000
2020-03-12 12:50:54.165000,1.12858,1.12847,750000,190000
2020-03-12 12:50:54.215000,1.12858,1.1285,750000,100000
2020-03-12 12:50:54.266000,1.12858,1.12848,1500000,750000
2020-03-12 12:50:54.317000,1.12859,1.12851,300000,1690000
2020-03-12 12:50:54.368000,1.12861,1.12851,370000,2440000
2020-03-12 12:50:54.469000,1.12861,1.12855,370000,100000
2020-03-12 12:50:54.571000,1.1286,1.12855,750000,100000
2020-03-12 12:50:54.621000,1.12859,1.12853,750000,450000
2020-03-12 12:50:54.773000,1.1286,1.12852,1500000,450000
2020-03-12 12:50:54.875000,1.12859,1.12853,1050000,100000
2020-03-12 12:50:55.257000,1.12861,1.12853,370000,100000
2020-03-12 12:50:55.359000,1.1286,1.12854,750000,450000
2020-03-12 12:50:55.639000,1.12854,1.12851,1500000,750000
2020-03-12 12:50:55.690000,1.12853,1.12849,190000,100000
2020-03-12 12:50:55.792000,1.12854,1.12848,1390000,450000
2020-03-12 12:50:55.893000,1.12854,1.12847,2140000,750000
2020-03-12 12:50:56.095000,1.12854,1.12848,2890000,750000
2020-03-12 12:50:56.146000,1.12851,1.12845,750000,750000
2020-03-12 12:50:56.348000,1.12849,1.12844,1050000,750000
2020-03-12 12:50:56.449000,1.1285,1.12846,750000,750000
2020-03-12 12:50:56.551000,1.1285,1.12844,750000,750000
2020-03-12 12:50:56.703000,1.12845,1.12841,750000,750000
2020-03-12 12:50:56.804000,1.12846,1.12841,1500000,750000
2020-03-12 12:50:56.905000,1.12849,1.12846,3000000,2250000
2020-03-12 12:50:56.956000,1.12852,1.12843,940000,940000
2020-03-12 12:50:57.057000,1.1285,1.12844,750000,750000
2020-03-12 12:50:57.108000,1.12852,1.12844,1500000,750000
2020-03-12 12:50:57.260000,1.12852,1.12843,1500000,940000
2020-03-12 12:50:57.501000,1.12849,1.12841,1500000,750000
2020-03-12 12:50:57.755000,1.12849,1.12847,750000,190000
2020-03-12 12:50:57.806000,1.12851,1.12848,750000,190000
2020-03-12 12:50:57.909000,1.12851,1.12846,750000,2440000
2020-03-12 12:50:58.011000,1.1285,1.12845,750000,750000
2020-03-12 12:50:58.113000,1.12853,1.12846,750000,940000
2020-03-12 12:50:58.164000,1.1285,1.12845,750000,750000
2020-03-12 12:50:58.265000,1.12851,1.12845,1500000,750000
2020-03-12 12:50:58.366000,1.1285,1.12846,750000,750000
2020-03-12 12:50:58.467000,1.1285,1.12845,750000,750000
2020-03-12 12:50:58.770000,1.12851,1.12845,750000,750000
2020-03-12 12:50:58.872000,1.12852,1.12846,750000,750000
2020-03-12 12:50:59.466000,1.12853,1.12849,750000,750000
2020-03-12 12:50:59.517000,1.12852,1.12847,750000,750000
2020-03-12 12:50:59.618000,1.12851,1.12847,1500000,750000
2020-03-12 12:50:59.672000,1.12851,1.12845,1500000,750000
2020-03-12 12:50:59.874000,1.12847,1.12841,750000,1500000
2020-03-12 12:50:59.975000,1.12846,1.12841,750000,750000
2020-03-12 12:51:00.614000,1.12849,1.12844,1800000,750000
2020-03-12 12:51:00.716000,1.12851,1.12844,1500000,940000
2020-03-12 12:51:00.767000,1.12849,1.12844,820000,750000
2020-03-12 12:51:00.988000,1.12849,1.12843,750000,750000
2020-03-12 12:51:01.090000,1.12846,1.1284,2250000,750000
2020-03-12 12:51:01.242000,1.12848,1.12847,750000,750000
2020-03-12 12:51:01.293000,1.1285,1.12849,1500000,750000
2020-03-12 12:51:01.394000,1.1285,1.12849,370000,750000
2020-03-12 12:51:01.445000,1.12852,1.12849,2250000,750000
2020-03-12 12:51:01.546000,1.12851,1.12847,1120000,750000
2020-03-12 12:51:01.597000,1.12853,1.12846,1500000,1690000
2020-03-12 12:51:01.749000,1.12853,1.12848,940000,750000
2020-03-12 12:51:01.850000,1.12853,1.12847,940000,750000
2020-03-12 12:51:01.951000,1.12851,1.12849,750000,750000
2020-03-12 12:51:02.002000,1.12856,1.12851,750000,750000
2020-03-12 12:51:02.053000,1.12853,1.1285,750000,1500000
2020-03-12 12:51:02.154000,1.12854,1.1285,940000,750000
2020-03-12 12:51:02.256000,1.12857,1.12852,750000,1500000
2020-03-12 12:51:02.357000,1.12856,1.12851,750000,370000
2020-03-12 12:51:02.408000,1.12857,1.12848,750000,750000
2020-03-12 12:51:02.458000,1.12857,1.1285,750000,190000
2020-03-12 12:51:02.509000,1.12859,1.12851,1050000,1760000
2020-03-12 12:51:02.560000,1.12859,1.12858,300000,190000
2020-03-12 12:51:02.611000,1.12863,1.12858,190000,190000
2020-03-12 12:51:02.712000,1.12859,1.12857,150000,190000
2020-03-12 12:51:02.864000,1.12861,1.12856,750000,1500000
2020-03-12 12:51:02.965000,1.12861,1.12854,750000,750000
2020-03-12 12:51:03.117000,1.12864,1.12857,370000,750000
2020-03-12 12:51:03.218000,1.12861,1.12855,750000,750000
2020-03-12 12:51:03.319000,1.12861,1.12853,750000,750000
2020-03-12 12:51:03.479000,1.12863,1.12855,1500000,1500000
2020-03-12 12:51:03.581000,1.12862,1.12857,750000,750000
2020-03-12 12:51:03.631000,1.12861,1.12855,750000,750000
2020-03-12 12:51:03.684000,1.12863,1.12855,750000,750000
2020-03-12 12:51:03.735000,1.12865,1.12857,750000,750000
2020-03-12 12:51:03.837000,1.12862,1.12856,750000,750000
2020-03-12 12:51:03.938000,1.12863,1.12855,1500000,750000
2020-03-12 12:51:04.039000,1.12863,1.12854,750000,100000
2020-03-12 12:51:04.141000,1.12862,1.12853,1690000,260000
2020-03-12 12:51:04.243000,1.12859,1.12851,1500000,100000
2020-03-12 12:51:04.294000,1.12856,1.12847,750000,260000
2020-03-12 12:51:04.345000,1.12852,1.12845,190000,190000
2020-03-12 12:51:04.649000,1.12853,1.12848,750000,1690000
2020-03-12 12:51:04.751000,1.12854,1.12849,300000,260000
2020-03-12 12:51:04.853000,1.12855,1.12849,1120000,750000
2020-03-12 12:51:04.904000,1.12854,1.12845,1050000,940000
2020-03-12 12:51:05.005000,1.12853,1.12846,190000,1570000
2020-03-12 12:51:05.056000,1.12854,1.12852,300000,750000
2020-03-12 12:51:05.107000,1.12857,1.12849,1120000,820000
2020-03-12 12:51:05.209000,1.12855,1.12846,750000,190000
2020-03-12 12:51:05.260000,1.12857,1.12848,1500000,100000
2020-03-12 12:51:05.361000,1.12859,1.1285,2170000,750000
2020-03-12 12:51:05.463000,1.12861,1.12854,750000,750000
2020-03-12 12:51:05.564000,1.12862,1.12855,370000,750000
2020-03-12 12:51:05.665000,1.12858,1.12851,750000,1500000
2020-03-12 12:51:05.766000,1.12862,1.12855,1120000,100000
2020-03-12 12:51:05.868000,1.1286,1.12857,1500000,100000
2020-03-12 12:51:05.918000,1.1286,1.12852,1120000,300000
2020-03-12 12:51:06.019000,1.1286,1.12853,1120000,750000
2020-03-12 12:51:06.222000,1.12862,1.12857,190000,750000
2020-03-12 12:51:06.273000,1.12864,1.12857,1500000,750000
2020-03-12 12:51:06.323000,1.12866,1.12861,750000,750000
2020-03-12 12:51:06.425000,1.12868,1.12864,100000,750000
2020-03-12 12:51:06.526000,1.12872,1.12867,750000,190000
2020-03-12 12:51:06.577000,1.12874,1.12869,1500000,1120000
2020-03-12 12:51:06.678000,1.12875,1.1287,190000,750000
2020-03-12 12:51:06.779000,1.12876,1.1287,190000,750000
2020-03-12 12:51:06.880000,1.12872,1.12868,190000,750000
2020-03-12 12:51:06.931000,1.12873,1.12865,190000,750000
2020-03-12 12:51:07.032000,1.12873,1.12866,750000,750000
2020-03-12 12:51:07.134000,1.12873,1.12868,370000,750000
2020-03-12 12:51:07.235000,1.12876,1.12871,370000,1690000
2020-03-12 12:51:07.336000,1.12888,1.12885,2140000,1500000
2020-03-12 12:51:07.387000,1.12894,1.12889,190000,750000
2020-03-12 12:51:07.488000,1.12898,1.12889,190000,190000
2020-03-12 12:51:07.590000,1.12897,1.1289,750000,750000
2020-03-12 12:51:07.691000,1.12898,1.12891,2440000,190000
2020-03-12 12:51:07.742000,1.12898,1.12893,1500000,940000
2020-03-12 12:51:07.843000,1.12899,1.12893,750000,940000
2020-03-12 12:51:07.944000,1.129,1.12897,750000,190000
2020-03-12 12:51:08.046000,1.12898,1.12895,940000,750000
2020-03-12 12:51:08.147000,1.12898,1.12891,940000,190000
2020-03-12 12:51:08.249000,1.12897,1.1289,940000,190000
2020-03-12 12:51:08.350000,1.12897,1.12893,940000,750000
2020-03-12 12:51:08.401000,1.12899,1.12893,1050000,260000
2020-03-12 12:51:08.502000,1.12898,1.12893,750000,750000
2020-03-12 12:51:08.603000,1.12898,1.12894,750000,750000
2020-03-12 12:51:08.704000,1.12898,1.12893,940000,750000
2020-03-12 12:51:08.806000,1.12898,1.12894,750000,750000
2020-03-12 12:51:08.907000,1.12901,1.12896,370000,750000
2020-03-12 12:51:08.957000,1.12902,1.12898,190000,750000
2020-03-12 12:51:09.059000,1.12897,1.12893,750000,820000
2020-03-12 12:51:09.160000,1.12897,1.12892,750000,1690000
2020-03-12 12:51:09.261000,1.12901,1.12894,940000,1690000
2020-03-12 12:51:09.312000,1.12903,1.12896,940000,190000
2020-03-12 12:51:09.413000,1.12899,1.12894,750000,2250000
2020-03-12 12:51:09.515000,1.12901,1.12899,370000,750000
2020-03-12 12:51:09.565000,1.12902,1.12897,750000,940000
2020-03-12 12:51:09.667000,1.12901,1.12895,190000,2440000
2020-03-12 12:51:09.717000,1.12899,1.12894,190000,750000
2020-03-12 12:51:09.970000,1.12899,1.12893,750000,190000
2020-03-12 12:51:10.071000,1.129,1.12893,940000,940000
2020-03-12 12:51:10.173000,1.12899,1.12893,300000,190000
2020-03-12 12:51:10.274000,1.12901,1.12896,560000,750000
2020-03-12 12:51:10.325000,1.12903,1.12896,190000,940000
2020-03-12 12:51:10.577000,1.12903,1.12898,190000,750000
2020-03-12 12:51:10.678000,1.12901,1.12898,100000,750000
2020-03-12 12:51:11.048000,1.12902,1.12899,100000,190000
2020-03-12 12:51:11.098000,1.12904,1.12902,1800000,750000
2020-03-12 12:51:11.149000,1.12911,1.12905,1690000,2320000
2020-03-12 12:51:11.200000,1.12908,1.12905,100000,750000
2020-03-12 12:51:11.301000,1.12908,1.12904,100000,1500000
2020-03-12 12:51:11.352000,1.12914,1.12907,820000,940000
2020-03-12 12:51:11.403000,1.12914,1.12909,820000,190000
2020-03-12 12:51:11.504000,1.12912,1.12907,100000,940000
2020-03-12 12:51:11.605000,1.12913,1.12908,100000,1500000
2020-03-12 12:51:11.763000,1.12915,1.12911,100000,750000
2020-03-12 12:51:11.865000,1.12916,1.12911,100000,1500000
2020-03-12 12:51:11.966000,1.12918,1.12914,100000,750000
2020-03-12 12:51:12.067000,1.12918,1.12915,100000,750000
2020-03-12 12:51:12.118000,1.12921,1.12917,100000,100000
2020-03-12 12:51:12.169000,1.12923,1.12921,750000,1500000
2020-03-12 12:51:12.271000,1.12927,1.12923,100000,750000
2020-03-12 12:51:12.373000,1.12928,1.12923,100000,1500000
2020-03-12 12:51:12.474000,1.1293,1.12926,450000,750000
2020-03-12 12:51:12.524000,1.1293,1.12924,450000,2250000
2020-03-12 12:51:12.575000,1.12932,1.12929,100000,750000
2020-03-12 12:51:12.676000,1.12934,1.12929,100000,750000
2020-03-12 12:51:12.778000,1.12934,1.12928,100000,750000
2020-03-12 12:51:12.929000,1.12936,1.12932,370000,750000
2020-03-12 12:51:13.031000,1.1294,1.12936,370000,2250000
2020-03-12 12:51:13.081000,1.12949,1.12946,100000,190000
2020-03-12 12:51:13.132000,1.12951,1.12946,100000,190000
2020-03-12 12:51:13.183000,1.12951,1.12949,100000,100000
2020-03-12 12:51:13.385000,1.12951,1.12948,100000,100000
2020-03-12 12:51:13.436000,1.12951,1.12949,100000,100000
2020-03-12 12:51:13.537000,1.12952,1.12951,190000,750000
2020-03-12 12:51:13.588000,1.12952,1.12948,290000,750000
2020-03-12 12:51:13.638000,1.12952,1.12948,1790000,750000
2020-03-12 12:51:13.689000,1.12954,1.12952,1650000,1500000
2020-03-12 12:51:13.791000,1.12955,1.12954,750000,750000
2020-03-12 12:51:13.842000,1.12953,1.12949,190000,750000
2020-03-12 12:51:13.943000,1.12953,1.1295,100000,190000
2020-03-12 12:51:13.994000,1.12953,1.12947,100000,940000
2020-03-12 12:51:14.045000,1.12953,1.12949,1200000,750000
2020-03-12 12:51:14.146000,1.12951,1.12946,1690000,1500000
2020-03-12 12:51:14.197000,1.12951,1.12944,290000,940000
2020-03-12 12:51:14.299000,1.12949,1.12944,820000,750000
2020-03-12 12:51:14.349000,1.12949,1.12944,100000,750000
2020-03-12 12:51:14.450000,1.12949,1.12945,100000,190000
2020-03-12 12:51:14.502000,1.12952,1.12945,260000,1690000
2020-03-12 12:51:14.553000,1.12952,1.12947,100000,940000
2020-03-12 12:51:14.654000,1.12956,1.12952,100000,750000
2020-03-12 12:51:14.705000,1.12961,1.12956,100000,750000
2020-03-12 12:51:14.756000,1.12961,1.12954,850000,100000
2020-03-12 12:51:14.807000,1.12955,1.12951,1570000,750000
2020-03-12 12:51:14.859000,1.12955,1.12951,100000,750000
2020-03-12 12:51:14.909000,1.12958,1.12955,100000,750000
2020-03-12 12:51:14.960000,1.12959,1.12953,100000,1690000
2020-03-12 12:51:15.011000,1.1296,1.12955,450000,940000
2020-03-12 12:51:15.112000,1.1296,1.12956,100000,750000
2020-03-12 12:51:15.213000,1.1296,1.12957,100000,750000
2020-03-12 12:51:15.315000,1.12961,1.12957,100000,750000
2020-03-12 12:51:15.416000,1.1296,1.12955,100000,940000
2020-03-12 12:51:15.517000,1.12961,1.12958,100000,750000
2020-03-12 12:51:15.618000,1.12959,1.12955,100000,750000
2020-03-12 12:51:15.719000,1.12958,1.12953,100000,260000
2020-03-12 12:51:15.821000,1.12959,1.12954,100000,100000
2020-03-12 12:51:15.922000,1.12959,1.12953,100000,260000
2020-03-12 12:51:16.023000,1.12961,1.12955,100000,820000
2020-03-12 12:51:16.125000,1.12959,1.12955,100000,940000
2020-03-12 12:51:16.226000,1.1296,1.12954,100000,2140000
2020-03-12 12:51:16.327000,1.12963,1.12958,100000,940000
2020-03-12 12:51:16.428000,1.12963,1.12959,100000,190000
2020-03-12 12:51:16.580000,1.12963,1.12958,100000,3190000
2020-03-12 12:51:16.681000,1.12963,1.12959,100000,1500000
2020-03-12 12:51:16.784000,1.12967,1.12965,100000,750000
2020-03-12 12:51:16.885000,1.12971,1.12967,100000,190000
2020-03-12 12:51:16.940000,1.12973,1.12968,750000,1690000
2020-03-12 12:51:17.041000,1.12974,1.1297,100000,1500000
2020-03-12 12:51:17.177000,1.12973,1.12969,100000,750000
2020-03-12 12:51:17.281000,1.12974,1.12969,100000,750000
2020-03-12 12:51:17.382000,1.12974,1.1297,100000,750000
2020-03-12 12:51:17.433000,1.12967,1.12964,750000,370000
2020-03-12 12:51:17.484000,1.1296,1.12958,1500000,190000
2020-03-12 12:51:17.534000,1.12963,1.12961,820000,130000
2020-03-12 12:51:17.586000,1.1296,1.12959,100000,750000
2020-03-12 12:51:17.637000,1.12962,1.12959,100000,1500000
2020-03-12 12:51:17.688000,1.12959,1.12957,100000,1500000
2020-03-12 12:51:17.789000,1.12961,1.12957,820000,750000
2020-03-12 12:51:17.840000,1.12961,1.12959,750000,750000
2020-03-12 12:51:17.891000,1.12961,1.12957,100000,750000
2020-03-12 12:51:17.992000,1.12964,1.12961,520000,750000
2020-03-12 12:51:18.093000,1.12965,1.12961,370000,1500000
2020-03-12 12:51:18.144000,1.12968,1.12966,750000,1500000
2020-03-12 12:51:18.195000,1.12973,1.12972,1570000,750000
2020-03-12 12:51:18.296000,1.1298,1.12978,520000,750000
2020-03-12 12:51:18.398000,1.12989,1.12985,100000,1690000
2020-03-12 12:51:18.448000,1.1299,1.12988,100000,750000
2020-03-12 12:51:18.549000,1.12991,1.12989,110000,750000
2020-03-12 12:51:18.651000,1.12995,1.12991,150000,750000
2020-03-12 12:51:18.702000,1.12996,1.12991,100000,1870000
2020-03-12 12:51:18.803000,1.12993,1.12989,100000,1500000
2020-03-12 12:51:18.905000,1.12992,1.12989,100000,940000
2020-03-12 12:51:19.006000,1.12994,1.1299,820000,750000
2020-03-12 12:51:19.057000,1.12992,1.1299,100000,940000
2020-03-12 12:51:19.109000,1.12999,1.12997,1870000,2250000
2020-03-12 12:51:19.160000,1.12997,1.12994,100000,750000
2020-03-12 12:51:19.212000,1.12999,1.12995,100000,750000
2020-03-12 12:51:19.314000,1.13,1.12995,2400000,940000
2020-03-12 12:51:19.415000,1.12998,1.12994,750000,3000000
2020-03-12 12:51:19.516000,1.12997,1.1299,820000,1500000
2020-03-12 12:51:19.617000,1.12993,1.1299,820000,750000
2020-03-12 12:51:19.718000,1.12994,1.12988,750000,450000
2020-03-12 12:51:19.769000,1.12991,1.12988,100000,1010000
2020-03-12 12:51:19.870000,1.1299,1.12988,940000,750000
2020-03-12 12:51:19.921000,1.12992,1.12986,1570000,190000
2020-03-12 12:51:19.972000,1.1299,1.12984,940000,100000
2020-03-12 12:51:20.073000,1.12993,1.12988,750000,190000
2020-03-12 12:51:20.124000,1.12995,1.12987,750000,940000
2020-03-12 12:51:20.225000,1.12995,1.12988,750000,1690000
2020-03-12 12:51:20.276000,1.12994,1.12986,750000,640000
2020-03-12 12:51:20.377000,1.12994,1.12987,820000,100000
2020-03-12 12:51:20.479000,1.12996,1.12988,750000,190000
2020-03-12 12:51:20.580000,1.12997,1.12991,750000,750000
2020-03-12 12:51:20.681000,1.12997,1.12992,750000,750000
2020-03-12 12:51:20.732000,1.12997,1.12988,750000,190000
2020-03-12 12:51:20.985000,1.12996,1.1299,190000,1500000
2020-03-12 12:51:21.086000,1.12997,1.12993,2250000,1010000
2020-03-12 12:51:21.137000,1.12999,1.12993,750000,1570000
2020-03-12 12:51:21.238000,1.13,1.12993,940000,1200000
2020-03-12 12:51:21.339000,1.12995,1.12992,750000,750000
2020-03-12 12:51:21.441000,1.12993,1.12987,750000,190000
2020-03-12 12:51:21.542000,1.12992,1.12987,750000,750000
2020-03-12 12:51:21.643000,1.12994,1.12985,1500000,940000
2020-03-12 12:51:21.694000,1.12994,1.12985,750000,3190000
2020-03-12 12:51:21.795000,1.12989,1.12985,750000,940000
2020-03-12 12:51:21.846000,1.12994,1.12985,370000,1690000
2020-03-12 12:51:21.897000,1.12996,1.12985,750000,940000
2020-03-12 12:51:21.998000,1.12995,1.12983,750000,1690000
2020-03-12 12:51:22.099000,1.12993,1.12983,750000,940000
2020-03-12 12:51:22.201000,1.12996,1.12986,750000,750000
2020-03-12 12:51:22.302000,1.12996,1.12985,750000,190000
2020-03-12 12:51:22.403000,1.12994,1.12985,750000,190000
2020-03-12 12:51:22.454000,1.12996,1.12985,750000,190000
2020-03-12 12:51:22.504000,1.12994,1.12985,750000,190000
2020-03-12 12:51:22.605000,1.12995,1.12987,750000,1120000
2020-03-12 12:51:22.707000,1.12994,1.12987,750000,640000
2020-03-12 12:51:22.758000,1.12993,1.12984,750000,1690000
2020-03-12 12:51:22.808000,1.12995,1.12987,100000,940000
2020-03-12 12:51:22.910000,1.12996,1.12987,750000,1500000
2020-03-12 12:51:23.011000,1.12996,1.12987,1690000,750000
2020-03-12 12:51:23.061000,1.12996,1.12983,1500000,940000
2020-03-12 12:51:23.112000,1.12994,1.12986,300000,750000
2020-03-12 12:51:23.163000,1.12994,1.12985,300000,2250000
2020-03-12 12:51:23.365000,1.12994,1.12984,300000,190000
2020-03-12 12:51:23.416000,1.12994,1.12985,300000,750000
2020-03-12 12:51:23.517000,1.12994,1.12985,300000,2020000
2020-03-12 12:51:23.669000,1.12994,1.12985,300000,1640000
2020-03-12 12:51:23.871000,1.12994,1.12986,300000,1500000
2020-03-12 12:51:23.972000,1.12994,1.12986,300000,1570000
2020-03-12 12:51:24.124000,1.12992,1.12986,750000,940000
2020-03-12 12:51:24.225000,1.12993,1.12986,1460000,560000
2020-03-12 12:51:24.327000,1.12998,1.12988,100000,190000
2020-03-12 12:51:24.428000,1.12997,1.12988,100000,3940000
2020-03-12 12:51:24.529000,1.12995,1.12988,750000,190000
2020-03-12 12:51:24.580000,1.12998,1.12988,2320000,190000
2020-03-12 12:51:24.681000,1.12997,1.12988,820000,940000
2020-03-12 12:51:24.782000,1.12999,1.12989,1050000,750000
2020-03-12 12:51:24.934000,1.13,1.12991,750000,750000
2020-03-12 12:51:25.035000,1.12998,1.12991,750000,1690000
2020-03-12 12:51:25.137000,1.12999,1.1299,750000,190000
2020-03-12 12:51:25.238000,1.12999,1.1299,750000,940000
2020-03-12 12:51:25.339000,1.13001,1.1299,1950000,1880000
2020-03-12 12:51:25.390000,1.12996,1.1299,750000,1690000
2020-03-12 12:51:25.441000,1.12999,1.1299,100000,940000
2020-03-12 12:51:25.492000,1.13,1.12991,1500000,1500000
2020-03-12 12:51:25.593000,1.13001,1.12994,1500000,1310000
2020-03-12 12:51:25.694000,1.13002,1.12994,190000,1870000
2020-03-12 12:51:25.796000,1.12998,1.12994,710000,370000
2020-03-12 12:51:25.897000,1.12996,1.12991,710000,190000
2020-03-12 12:51:25.948000,1.12999,1.12991,750000,190000
2020-03-12 12:51:26.050000,1.12999,1.12988,750000,190000
2020-03-12 12:51:26.101000,1.12999,1.12996,750000,190000
2020-03-12 12:51:26.151000,1.13006,1.13005,560000,750000
2020-03-12 12:51:26.202000,1.13012,1.1301,2060000,750000
2020-03-12 12:51:26.304000,1.13009,1.13004,190000,750000
2020-03-12 12:51:26.354000,1.13011,1.13005,1690000,750000
2020-03-12 12:51:26.405000,1.13011,1.13009,750000,750000
2020-03-12 12:51:26.456000,1.13015,1.13012,1500000,750000
2020-03-12 12:51:26.507000,1.13015,1.1301,1500000,2890000
2020-03-12 12:51:26.558000,1.13013,1.13008,190000,1500000
2020-03-12 12:51:26.609000,1.13017,1.1301,750000,750000
2020-03-12 12:51:26.710000,1.13016,1.1301,190000,750000
2020-03-12 12:51:26.812000,1.13016,1.13012,750000,190000
2020-03-12 12:51:26.863000,1.1302,1.13013,100000,190000
2020-03-12 12:51:26.913000,1.13015,1.13012,940000,750000
2020-03-12 12:51:26.964000,1.13009,1.13007,750000,1500000
2020-03-12 12:51:27.066000,1.13009,1.13004,940000,750000
2020-03-12 12:51:27.167000,1.1301,1.13003,190000,940000
2020-03-12 12:51:27.218000,1.13012,1.13005,190000,2440000
2020-03-12 12:51:27.319000,1.1301,1.13003,190000,190000
2020-03-12 12:51:27.420000,1.13011,1.13005,750000,190000
2020-03-12 12:51:27.522000,1.13011,1.13004,190000,1390000
2020-03-12 12:51:27.623000,1.13011,1.13006,940000,190000
2020-03-12 12:51:27.825000,1.13009,1.13004,190000,100000
2020-03-12 12:51:27.876000,1.13009,1.13002,190000,1690000
2020-03-12 12:51:27.977000,1.13009,1.13003,190000,750000
2020-03-12 12:51:28.180000,1.13009,1.13002,190000,1240000
2020-03-12 12:51:28.281000,1.13011,1.13004,750000,190000
2020-03-12 12:51:28.383000,1.13005,1.13004,750000,750000
2020-03-12 12:51:28.434000,1.13002,1.13,750000,300000
2020-03-12 12:51:28.485000,1.13002,1.12997,370000,750000
2020-03-12 12:51:28.638000,1.13004,1.12997,1120000,2250000
2020-03-12 12:51:28.689000,1.13004,1.12995,750000,1690000
2020-03-12 12:51:28.792000,1.13004,1.12998,750000,750000
2020-03-12 12:51:28.894000,1.13007,1.12998,750000,1500000
2020-03-12 12:51:28.944000,1.13007,1.13,750000,190000
2020-03-12 12:51:29.046000,1.13008,1.13002,750000,300000
2020-03-12 12:51:29.148000,1.13002,1.12999,750000,300000
2020-03-12 12:51:29.199000,1.13,1.12997,100000,750000
2020-03-12 12:51:29.251000,1.13,1.12994,100000,190000
2020-03-12 12:51:29.302000,1.12995,1.1299,1120000,190000
2020-03-12 12:51:29.353000,1.12994,1.12985,370000,750000
2020-03-12 12:51:29.404000,1.12986,1.12982,370000,1500000
2020-03-12 12:51:29.455000,1.1299,1.12983,370000,1500000
2020-03-12 12:51:29.506000,1.1299,1.12986,370000,750000
2020-03-12 12:51:29.558000,1.12995,1.12989,370000,750000
2020-03-12 12:51:29.661000,1.12999,1.12992,750000,1500000
2020-03-12 12:51:29.762000,1.13,1.12992,750000,1500000
2020-03-12 12:51:29.813000,1.13,1.12998,750000,750000
2020-03-12 12:51:29.915000,1.12997,1.12996,750000,750000
2020-03-12 12:51:29.966000,1.12995,1.12991,1500000,1500000
2020-03-12 12:51:30.067000,1.12999,1.12996,750000,1800000
2020-03-12 12:51:30.118000,1.13001,1.12995,1500000,1350000
2020-03-12 12:51:30.169000,1.12996,1.12992,750000,370000
2020-03-12 12:51:30.270000,1.13,1.12996,750000,750000
2020-03-12 12:51:30.372000,1.13002,1.12996,370000,940000
2020-03-12 12:51:30.422000,1.13002,1.12999,370000,190000
2020-03-12 12:51:30.473000,1.13003,1.12997,190000,750000
2020-03-12 12:51:30.574000,1.13003,1.12996,190000,190000
2020-03-12 12:51:30.676000,1.13004,1.12994,2510000,940000
2020-03-12 12:51:30.777000,1.13002,1.12995,750000,750000
2020-03-12 12:51:30.879000,1.13003,1.12997,100000,750000
2020-03-12 12:51:31.030000,1.13002,1.12997,100000,750000
2020-03-12 12:51:31.081000,1.13004,1.12997,560000,750000
2020-03-12 12:51:31.182000,1.13003,1.12997,560000,750000
2020-03-12 12:51:31.284000,1.13004,1.12999,2620000,750000
2020-03-12 12:51:31.386000,1.13005,1.12994,560000,750000
2020-03-12 12:51:31.487000,1.12991,1.12989,1500000,750000
2020-03-12 12:51:31.538000,1.12984,1.12983,750000,3750000
2020-03-12 12:51:31.589000,1.12988,1.12981,750000,1500000
2020-03-12 12:51:31.640000,1.1299,1.12987,750000,750000
2020-03-12 12:51:31.691000,1.12993,1.12988,1870000,750000
2020-03-12 12:51:31.742000,1.12995,1.12991,1870000,750000
2020-03-12 12:51:31.793000,1.12998,1.1299,370000,750000
2020-03-12 12:51:31.844000,1.12994,1.12989,940000,3000000
2020-03-12 12:51:31.945000,1.12994,1.12988,750000,1500000
2020-03-12 12:51:31.996000,1.12998,1.12988,560000,1500000
2020-03-12 12:51:32.097000,1.12999,1.12989,1050000,750000
2020-03-12 12:51:32.148000,1.12994,1.12988,750000,1500000
2020-03-12 12:51:32.251000,1.12995,1.12988,750000,2250000
2020-03-12 12:51:32.302000,1.12999,1.12988,750000,2250000
2020-03-12 12:51:32.404000,1.12998,1.1299,1500000,750000
2020-03-12 12:51:32.506000,1.12998,1.12988,750000,1500000
2020-03-12 12:51:32.709000,1.12997,1.12988,750000,1500000
2020-03-12 12:51:33.014000,1.12991,1.12988,750000,1500000
2020-03-12 12:51:33.115000,1.12984,1.1298,1120000,750000
2020-03-12 12:51:33.217000,1.12984,1.12977,370000,750000
2020-03-12 12:51:33.318000,1.12988,1.12979,2400000,1500000
2020-03-12 12:51:33.419000,1.12987,1.12982,750000,750000
2020-03-12 12:51:33.521000,1.12987,1.1298,750000,750000
2020-03-12 12:51:33.571000,1.12984,1.1298,750000,750000
2020-03-12 12:51:33.622000,1.12985,1.12977,750000,450000
2020-03-12 12:51:33.723000,1.12985,1.12974,1120000,750000
2020-03-12 12:51:33.774000,1.12983,1.12974,1120000,1870000
2020-03-12 12:51:33.825000,1.12983,1.12974,1120000,1120000
2020-03-12 12:51:33.876000,1.12985,1.12977,560000,750000
2020-03-12 12:51:33.977000,1.12981,1.12974,750000,750000
2020-03-12 12:51:34.078000,1.12986,1.12974,750000,750000
2020-03-12 12:51:34.179000,1.12986,1.12977,1500000,370000
2020-03-12 12:51:34.280000,1.12986,1.12983,750000,750000
2020-03-12 12:51:34.382000,1.12986,1.12976,2440000,750000
2020-03-12 12:51:34.483000,1.12985,1.12976,750000,750000
2020-03-12 12:51:34.585000,1.12985,1.12975,3520000,750000
2020-03-12 12:51:34.635000,1.12985,1.1298,900000,750000
2020-03-12 12:51:34.686000,1.12985,1.12976,3750000,750000
2020-03-12 12:51:34.787000,1.12985,1.12974,940000,1500000
2020-03-12 12:51:34.889000,1.12984,1.12973,1120000,1500000
2020-03-12 12:51:34.940000,1.12984,1.12979,1870000,750000
2020-03-12 12:51:35.041000,1.12986,1.12982,2400000,750000
2020-03-12 12:51:35.142000,1.12987,1.12982,750000,370000
2020-03-12 12:51:35.244000,1.12987,1.12978,370000,370000
2020-03-12 12:51:35.346000,1.12987,1.12977,370000,1500000
2020-03-12 12:51:35.397000,1.12987,1.12979,370000,750000
2020-03-12 12:51:35.498000,1.1299,1.12978,1500000,750000
2020-03-12 12:51:35.600000,1.12989,1.12978,750000,750000
2020-03-12 12:51:35.702000,1.12989,1.12978,1120000,1500000
2020-03-12 12:51:35.805000,1.12984,1.12978,900000,750000
2020-03-12 12:51:35.907000,1.12985,1.12982,1500000,750000
2020-03-12 12:51:36.059000,1.12986,1.12982,1690000,370000
2020-03-12 12:51:36.160000,1.12983,1.12975,750000,750000
2020-03-12 12:51:36.262000,1.12982,1.12978,1500000,370000
2020-03-12 12:51:36.313000,1.12976,1.12972,750000,450000
2020-03-12 12:51:36.414000,1.12982,1.12978,750000,370000
2020-03-12 12:51:36.465000,1.12984,1.12978,370000,370000
2020-03-12 12:51:36.516000,1.12986,1.12982,370000,370000
2020-03-12 12:51:36.567000,1.12985,1.12975,750000,7120000
2020-03-12 12:51:36.668000,1.12983,1.12974,1650000,13500000
2020-03-12 12:51:36.770000,1.12983,1.12973,1120000,2440000
2020-03-12 12:51:36.871000,1.12983,1.12974,2250000,750000
2020-03-12 12:51:37.023000,1.12981,1.12974,150000,750000
2020-03-12 12:51:37.077000,1.12981,1.12974,900000,750000
2020-03-12 12:51:37.178000,1.12981,1.12974,860000,750000
2020-03-12 12:51:37.229000,1.12976,1.12972,940000,1120000
2020-03-12 12:51:37.280000,1.12976,1.12972,750000,1120000
2020-03-12 12:51:37.331000,1.12974,1.12967,750000,300000
2020-03-12 12:51:37.432000,1.12965,1.12963,750000,1500000
2020-03-12 12:51:37.534000,1.12966,1.1296,1120000,750000
2020-03-12 12:51:37.635000,1.12966,1.12956,370000,750000
2020-03-12 12:51:37.686000,1.12965,1.12954,1120000,1500000
2020-03-12 12:51:37.859000,1.12965,1.12955,1500000,750000
2020-03-12 12:51:37.961000,1.12957,1.12953,750000,1120000
2020-03-12 12:51:38.012000,1.12956,1.12951,1500000,370000
2020-03-12 12:51:38.063000,1.12956,1.12949,1500000,190000
2020-03-12 12:51:38.114000,1.12961,1.12951,2250000,1500000
2020-03-12 12:51:38.216000,1.12959,1.12952,750000,300000
2020-03-12 12:51:38.317000,1.12958,1.12949,750000,940000
2020-03-12 12:51:38.368000,1.12954,1.12949,750000,750000
2020-03-12 12:51:38.470000,1.12954,1.1295,750000,750000
2020-03-12 12:51:38.522000,1.12955,1.12945,750000,3070000
2020-03-12 12:51:38.573000,1.12953,1.12945,750000,750000
2020-03-12 12:51:38.675000,1.12954,1.12946,1120000,750000
2020-03-12 12:51:38.726000,1.12952,1.12945,750000,190000
2020-03-12 12:51:38.828000,1.12951,1.12943,750000,370000
2020-03-12 12:51:38.930000,1.12954,1.12943,370000,3190000
2020-03-12 12:51:38.981000,1.12954,1.12945,370000,560000
2020-03-12 12:51:39.033000,1.12953,1.12944,750000,2620000
2020-03-12 12:51:39.084000,1.12956,1.12945,750000,190000
2020-03-12 12:51:39.136000,1.12956,1.12945,1500000,1690000
2020-03-12 12:51:39.238000,1.12956,1.12945,1500000,190000
2020-03-12 12:51:39.289000,1.12956,1.12944,1500000,940000
2020-03-12 12:51:39.391000,1.12957,1.12951,370000,190000
2020-03-12 12:51:39.442000,1.1296,1.12951,100000,1690000
2020-03-12 12:51:39.544000,1.12959,1.12949,190000,2510000
2020-03-12 12:51:39.647000,1.12954,1.12949,750000,750000
2020-03-12 12:51:39.748000,1.12953,1.12944,750000,100000
2020-03-12 12:51:39.799000,1.12953,1.12942,1500000,370000
2020-03-12 12:51:39.951000,1.12953,1.12946,750000,1500000
2020-03-12 12:51:40.001000,1.12953,1.12943,750000,260000
2020-03-12 12:51:40.053000,1.12953,1.12945,750000,190000
2020-03-12 12:51:40.154000,1.12953,1.12945,750000,3000000
2020-03-12 12:51:40.255000,1.12958,1.12951,750000,750000
2020-03-12 12:51:40.306000,1.12959,1.12951,3520000,940000
2020-03-12 12:51:40.408000,1.1296,1.12951,820000,940000
2020-03-12 12:51:40.738000,1.12961,1.12953,2250000,2250000
2020-03-12 12:51:40.840000,1.1296,1.12951,1390000,750000
2020-03-12 12:51:40.941000,1.12958,1.12948,640000,3940000
2020-03-12 12:51:41.043000,1.12958,1.12948,1390000,190000
2020-03-12 12:51:41.144000,1.12958,1.12948,1760000,190000
2020-03-12 12:51:41.397000,1.12957,1.12948,370000,190000
2020-03-12 12:51:41.498000,1.12957,1.12948,1760000,750000
2020-03-12 12:51:41.600000,1.12957,1.12948,1310000,750000
2020-03-12 12:51:41.701000,1.12957,1.12948,940000,1690000
2020-03-12 12:51:41.752000,1.12956,1.12949,560000,100000
2020-03-12 12:51:41.904000,1.12955,1.12948,190000,100000
2020-03-12 12:51:41.955000,1.12954,1.12945,190000,820000
2020-03-12 12:51:42.159000,1.12953,1.12943,750000,100000
2020-03-12 12:51:42.312000,1.12953,1.12944,1690000,100000
2020-03-12 12:51:42.413000,1.12953,1.12943,1690000,100000
2020-03-12 12:51:42.516000,1.12951,1.12943,750000,100000
2020-03-12 12:51:42.618000,1.12951,1.12944,940000,450000
2020-03-12 12:51:42.770000,1.12951,1.12942,750000,940000
2020-03-12 12:51:42.821000,1.12951,1.12943,750000,370000
2020-03-12 12:51:42.923000,1.12951,1.12943,750000,1010000
2020-03-12 12:51:43.125000,1.12951,1.12944,750000,100000
2020-03-12 12:51:43.328000,1.12951,1.12943,750000,450000
2020-03-12 12:51:43.631000,1.12951,1.12945,750000,100000
2020-03-12 12:51:43.834000,1.12952,1.12943,940000,450000
2020-03-12 12:51:43.935000,1.12952,1.12944,940000,100000
2020-03-12 12:51:43.992000,1.12952,1.12946,940000,750000
2020-03-12 12:51:44.247000,1.1295,1.12946,750000,750000
2020-03-12 12:51:44.349000,1.12949,1.12943,750000,190000
2020-03-12 12:51:44.399000,1.12949,1.12945,750000,100000
2020-03-12 12:51:44.450000,1.12949,1.12942,750000,820000
2020-03-12 12:51:44.602000,1.12949,1.12943,750000,370000
2020-03-12 12:51:44.703000,1.12947,1.12943,190000,100000
2020-03-12 12:51:44.805000,1.12948,1.12941,750000,450000
2020-03-12 12:51:44.906000,1.12951,1.12942,1310000,1390000
2020-03-12 12:51:44.957000,1.12949,1.12945,750000,750000
2020-03-12 12:51:45.058000,1.12948,1.12942,750000,260000
2020-03-12 12:51:45.160000,1.12949,1.12942,750000,100000
2020-03-12 12:51:45.261000,1.12948,1.12942,750000,3070000
2020-03-12 12:51:45.362000,1.1295,1.12943,1310000,1570000
2020-03-12 12:51:45.615000,1.1295,1.12942,1310000,1200000
2020-03-12 12:51:46.019000,1.12948,1.12945,750000,750000
2020-03-12 12:51:46.120000,1.12949,1.12945,1500000,750000
2020-03-12 12:51:46.376000,1.12948,1.12945,750000,1500000
2020-03-12 12:51:46.477000,1.12949,1.12946,750000,750000
2020-03-12 12:51:46.578000,1.12949,1.12945,750000,1120000
2020-03-12 12:51:46.883000,1.12948,1.12945,1500000,370000
2020-03-12 12:51:46.985000,1.12949,1.12945,2440000,1120000
2020-03-12 12:51:47.087000,1.12946,1.12944,750000,1120000
2020-03-12 12:51:47.188000,1.12947,1.12945,1690000,370000
2020-03-12 12:51:48.335000,1.12947,1.12942,1120000,750000
2020-03-12 12:51:48.386000,1.12945,1.12942,750000,750000
2020-03-12 12:51:48.488000,1.12947,1.12945,1390000,750000
2020-03-12 12:51:48.591000,1.12943,1.12941,370000,750000
2020-03-12 12:51:49.147000,1.12941,1.1294,750000,750000
2020-03-12 12:51:49.249000,1.12942,1.1294,750000,750000
2020-03-12 12:51:49.299000,1.12943,1.1294,970000,750000
2020-03-12 12:51:49.464000,1.12944,1.12942,150000,750000
2020-03-12 12:51:49.514000,1.12945,1.12942,820000,750000
2020-03-12 12:51:49.615000,1.12944,1.12942,100000,750000
2020-03-12 12:51:49.666000,1.12943,1.1294,750000,750000
2020-03-12 12:51:49.717000,1.12941,1.1294,750000,750000
2020-03-12 12:51:49.768000,1.12939,1.12938,750000,1500000
2020-03-12 12:51:49.819000,1.12934,1.12933,940000,1500000
2020-03-12 12:51:49.869000,1.1294,1.12938,1500000,750000
2020-03-12 12:51:49.920000,1.12942,1.1294,900000,750000
2020-03-12 12:51:49.971000,1.12938,1.12937,750000,750000
2020-03-12 12:51:50.022000,1.12938,1.12936,750000,750000
2020-03-12 12:51:50.173000,1.12939,1.12935,260000,750000
2020-03-12 12:51:50.275000,1.12938,1.12934,190000,750000
2020-03-12 12:51:50.376000,1.12932,1.1293,750000,750000
2020-03-12 12:51:50.426000,1.12932,1.12927,750000,1500000
2020-03-12 12:51:50.477000,1.12938,1.12932,1690000,750000
2020-03-12 12:51:50.579000,1.12934,1.12932,750000,750000
2020-03-12 12:51:50.630000,1.12932,1.12929,750000,1500000
2020-03-12 12:51:50.681000,1.12934,1.12929,750000,1500000
2020-03-12 12:51:50.732000,1.12934,1.1293,820000,450000
2020-03-12 12:51:50.833000,1.1293,1.12927,190000,750000
2020-03-12 12:51:50.934000,1.12924,1.12921,750000,1050000
2020-03-12 12:51:51.036000,1.12925,1.12923,750000,750000
2020-03-12 12:51:51.137000,1.12927,1.12922,750000,750000
2020-03-12 12:51:51.239000,1.12921,1.1292,750000,300000
2020-03-12 12:51:51.341000,1.12922,1.12919,750000,190000
2020-03-12 12:51:51.391000,1.12924,1.12922,750000,750000
2020-03-12 12:51:51.442000,1.12921,1.1292,750000,750000
2020-03-12 12:51:51.493000,1.12926,1.1292,370000,750000
2020-03-12 12:51:51.544000,1.12918,1.12917,750000,750000
2020-03-12 12:51:51.645000,1.12922,1.12916,5620000,750000
2020-03-12 12:51:51.696000,1.12919,1.12914,450000,750000
2020-03-12 12:51:51.747000,1.12919,1.12911,1200000,1050000
2020-03-12 12:51:51.848000,1.12919,1.12915,750000,750000
2020-03-12 12:51:51.899000,1.12919,1.12913,750000,750000
2020-03-12 12:51:52.051000,1.12918,1.12911,750000,1050000
2020-03-12 12:51:52.102000,1.12918,1.12911,750000,1050000
2020-03-12 12:51:52.255000,1.12918,1.12911,750000,300000
2020-03-12 12:51:52.357000,1.12913,1.12906,750000,1120000
2020-03-12 12:51:52.459000,1.12912,1.12902,750000,1500000
2020-03-12 12:51:52.561000,1.12912,1.12902,750000,750000
2020-03-12 12:51:52.612000,1.12912,1.12902,1500000,750000
2020-03-12 12:51:52.663000,1.1291,1.12903,750000,750000
2020-03-12 12:51:52.714000,1.12912,1.12902,1500000,2250000
2020-03-12 12:51:52.816000,1.12911,1.12902,820000,750000
2020-03-12 12:51:52.918000,1.12911,1.12901,1500000,300000
2020-03-12 12:51:52.972000,1.12911,1.12901,1500000,300000
2020-03-12 12:51:53.074000,1.12906,1.12901,1500000,300000
2020-03-12 12:51:53.125000,1.12901,1.12891,750000,2620000
2020-03-12 12:51:53.175000,1.12898,1.12891,750000,1500000
2020-03-12 12:51:53.277000,1.12892,1.12886,1120000,450000
2020-03-12 12:51:53.379000,1.12892,1.12886,1500000,300000
2020-03-12 12:51:53.430000,1.1289,1.12883,750000,370000
2020-03-12 12:51:53.480000,1.1289,1.12881,1500000,300000
2020-03-12 12:51:53.531000,1.1289,1.12877,1500000,3020000
2020-03-12 12:51:53.633000,1.1289,1.12881,1500000,300000
2020-03-12 12:51:53.734000,1.1289,1.12881,1500000,300000
2020-03-12 12:51:53.901000,1.12889,1.12881,370000,300000
2020-03-12 12:51:54.003000,1.12889,1.12876,750000,3210000
2020-03-12 12:51:54.054000,1.12889,1.12881,750000,300000
2020-03-12 12:51:54.155000,1.12887,1.12876,750000,3960000
2020-03-12 12:51:54.257000,1.12886,1.12876,750000,3210000
2020-03-12 12:51:54.359000,1.12887,1.12881,750000,450000
2020-03-12 12:51:54.460000,1.12882,1.12876,750000,3000000
2020-03-12 12:51:54.561000,1.12881,1.12876,750000,3000000
2020-03-12 12:51:54.662000,1.12885,1.12876,1500000,3190000
2020-03-12 12:51:54.814000,1.1288,1.12876,750000,3000000
2020-03-12 12:51:54.916000,1.12882,1.12878,750000,750000
2020-03-12 12:51:54.967000,1.12883,1.12876,750000,2250000
2020-03-12 12:51:55.018000,1.12879,1.12876,660000,2250000
2020-03-12 12:51:55.069000,1.12884,1.12876,660000,3000000
2020-03-12 12:51:55.375000,1.12885,1.12876,1500000,3000000
2020-03-12 12:51:55.528000,1.12883,1.12876,750000,3000000
2020-03-12 12:51:55.732000,1.12883,1.12877,750000,2250000
2020-03-12 12:51:55.936000,1.12883,1.12876,750000,3000000
2020-03-12 12:51:56.037000,1.12879,1.12876,750000,3000000
2020-03-12 12:51:56.139000,1.12878,1.12877,750000,750000
2020-03-12 12:51:56.241000,1.1288,1.12876,190000,1500000
2020-03-12 12:51:56.292000,1.12878,1.12876,750000,1500000
2020-03-12 12:51:56.393000,1.12882,1.12877,190000,750000
2020-03-12 12:51:56.495000,1.12882,1.12877,750000,1500000
2020-03-12 12:51:56.546000,1.12882,1.1288,750000,750000
2020-03-12 12:51:56.597000,1.12882,1.12876,750000,1500000
2020-03-12 12:51:57.078000,1.12877,1.12875,750000,3000000
2020-03-12 12:51:57.129000,1.12882,1.12876,750000,2250000
2020-03-12 12:51:57.179000,1.12877,1.12875,750000,2250000
2020-03-12 12:51:57.231000,1.12882,1.12876,1500000,1500000
2020-03-12 12:51:57.686000,1.12878,1.12871,750000,6000000
2020-03-12 12:51:57.788000,1.12877,1.12876,750000,750000
2020-03-12 12:51:57.839000,1.12882,1.12871,2440000,750000
2020-03-12 12:51:57.940000,1.12881,1.12875,750000,750000
2020-03-12 12:51:58.144000,1.12881,1.12876,1500000,1500000
2020-03-12 12:51:58.246000,1.12882,1.12877,750000,750000
2020-03-12 12:51:58.347000,1.12881,1.12876,750000,1500000
2020-03-12 12:51:58.449000,1.12882,1.12877,750000,750000
2020-03-12 12:51:58.552000,1.12882,1.12876,750000,3000000
2020-03-12 12:51:58.856000,1.12881,1.12877,1880000,750000
2020-03-12 12:51:58.957000,1.1288,1.12876,750000,2250000
2020-03-12 12:51:59.007000,1.12877,1.12875,750000,2250000
2020-03-12 12:51:59.058000,1.1288,1.12876,750000,1500000
2020-03-12 12:51:59.109000,1.12876,1.12875,750000,1500000
2020-03-12 12:51:59.160000,1.1288,1.12876,750000,1500000
2020-03-12 12:51:59.564000,1.12879,1.12875,4500000,750000
2020-03-12 12:51:59.615000,1.12874,1.12872,750000,750000
2020-03-12 12:51:59.716000,1.12875,1.12873,750000,750000
2020-03-12 12:51:59.767000,1.1288,1.12875,750000,750000
2020-03-12 12:51:59.818000,1.12882,1.12877,3750000,750000
2020-03-12 12:51:59.970000,1.12881,1.12876,1500000,750000
2020-03-12 12:52:00.173000,1.12884,1.12877,3760000,750000
2020-03-12 12:52:00.274000,1.12882,1.12874,750000,750000
2020-03-12 12:52:00.728000,1.12881,1.12876,750000,750000
2020-03-12 12:52:00.829000,1.12881,1.12875,750000,750000
2020-03-12 12:52:00.931000,1.12876,1.12873,750000,940000
2020-03-12 12:52:01.032000,1.12881,1.12876,750000,750000
2020-03-12 12:52:01.184000,1.12881,1.12877,750000,750000
2020-03-12 12:52:01.336000,1.1288,1.12876,750000,750000
2020-03-12 12:52:01.387000,1.12881,1.12876,190000,750000
2020-03-12 12:52:01.437000,1.12882,1.12878,750000,750000
2020-03-12 12:52:01.539000,1.12882,1.12879,1500000,1120000
2020-03-12 12:52:01.590000,1.12882,1.12875,750000,750000
2020-03-12 12:52:01.743000,1.1288,1.12875,450000,750000
2020-03-12 12:52:01.845000,1.1288,1.12874,750000,750000
2020-03-12 12:52:01.946000,1.12878,1.12876,750000,750000
2020-03-12 12:52:01.998000,1.12881,1.12877,2250000,750000
2020-03-12 12:52:02.100000,1.1288,1.12876,750000,750000
2020-03-12 12:52:02.151000,1.12878,1.12876,750000,1500000
2020-03-12 12:52:02.202000,1.12881,1.12876,1500000,750000
2020-03-12 12:52:02.354000,1.12881,1.12875,750000,1500000
2020-03-12 12:52:02.455000,1.12878,1.12875,750000,1500000
2020-03-12 12:52:02.557000,1.12877,1.12875,750000,1500000
2020-03-12 12:52:02.608000,1.12881,1.12875,750000,1120000
2020-03-12 12:52:02.860000,1.1288,1.12875,750000,1120000
2020-03-12 12:52:03.113000,1.12878,1.12875,750000,1120000
2020-03-12 12:52:03.265000,1.12879,1.12875,750000,1120000
2020-03-12 12:52:03.366000,1.12875,1.12873,450000,1120000
2020-03-12 12:52:03.417000,1.12875,1.1287,450000,1500000
2020-03-12 12:52:03.468000,1.12877,1.12872,750000,750000
2020-03-12 12:52:03.569000,1.12879,1.12871,750000,750000
2020-03-12 12:52:03.620000,1.12879,1.12875,750000,750000
2020-03-12 12:52:03.772000,1.12881,1.12875,2250000,750000
2020-03-12 12:52:03.873000,1.1288,1.12875,750000,750000
2020-03-12 12:52:04.026000,1.12881,1.12875,2250000,300000
2020-03-12 12:52:04.229000,1.1288,1.12875,750000,750000
2020-03-12 12:52:04.280000,1.12874,1.1287,190000,1500000
2020-03-12 12:52:04.383000,1.12876,1.12874,450000,300000
2020-03-12 12:52:04.434000,1.12879,1.12874,2250000,300000
2020-03-12 12:52:04.587000,1.1288,1.12871,3000000,2250000
2020-03-12 12:52:04.740000,1.12881,1.12871,2770000,2250000
2020-03-12 12:52:04.791000,1.12885,1.1288,750000,1500000
2020-03-12 12:52:04.842000,1.12888,1.12881,750000,750000
2020-03-12 12:52:04.944000,1.1289,1.1288,1870000,190000
2020-03-12 12:52:05.046000,1.12886,1.1288,100000,190000
2020-03-12 12:52:05.148000,1.12886,1.12882,100000,750000
2020-03-12 12:52:05.199000,1.12886,1.1288,750000,940000
2020-03-12 12:52:05.250000,1.12888,1.12882,820000,940000
2020-03-12 12:52:05.352000,1.12887,1.12885,450000,300000
2020-03-12 12:52:05.453000,1.12885,1.12884,100000,750000
2020-03-12 12:52:05.505000,1.12887,1.12883,1120000,750000
2020-03-12 12:52:05.555000,1.12885,1.12883,750000,750000
2020-03-12 12:52:05.607000,1.12881,1.12877,750000,750000
2020-03-12 12:52:05.709000,1.12881,1.12878,750000,450000
2020-03-12 12:52:05.911000,1.12881,1.12878,750000,450000
2020-03-12 12:52:06.013000,1.12881,1.12879,750000,450000
2020-03-12 12:52:06.063000,1.12883,1.12879,750000,450000
2020-03-12 12:52:06.114000,1.12883,1.12874,750000,750000
2020-03-12 12:52:06.216000,1.12885,1.1288,1120000,1120000
2020-03-12 12:52:06.317000,1.12884,1.1288,750000,1120000
2020-03-12 12:52:06.418000,1.12883,1.1288,750000,1120000
2020-03-12 12:52:06.519000,1.12882,1.1288,750000,1120000
2020-03-12 12:52:06.621000,1.12883,1.12879,750000,1120000
2020-03-12 12:52:06.722000,1.12882,1.12878,2250000,1120000
2020-03-12 12:52:06.823000,1.12883,1.12878,1870000,1120000
2020-03-12 12:52:06.925000,1.12883,1.12875,1500000,750000
2020-03-12 12:52:07.077000,1.12882,1.12875,750000,750000
2020-03-12 12:52:07.178000,1.12879,1.12875,750000,750000
2020-03-12 12:52:07.381000,1.1288,1.12875,1500000,300000
2020-03-12 12:52:07.534000,1.12876,1.12874,450000,750000
2020-03-12 12:52:07.585000,1.12879,1.12874,3750000,750000
2020-03-12 12:52:07.788000,1.12878,1.12874,750000,750000
2020-03-12 12:52:07.839000,1.12879,1.1287,1500000,1500000
2020-03-12 12:52:07.890000,1.12877,1.1287,1500000,1500000
2020-03-12 12:52:07.992000,1.12876,1.12873,9820000,300000
2020-03-12 12:52:08.044000,1.12875,1.12871,750000,750000
2020-03-12 12:52:08.146000,1.12876,1.1287,750000,750000
2020-03-12 12:52:08.247000,1.12877,1.1287,750000,1500000
2020-03-12 12:52:08.501000,1.12874,1.1287,750000,750000
2020-03-12 12:52:08.552000,1.12876,1.1287,1870000,750000
2020-03-12 12:52:09.108000,1.1287,1.12868,100000,750000
2020-03-12 12:52:09.159000,1.12872,1.12865,750000,1500000
2020-03-12 12:52:09.260000,1.12871,1.12865,750000,2250000
2020-03-12 12:52:09.361000,1.12872,1.12869,1500000,450000
2020-03-12 12:52:09.462000,1.12872,1.12864,820000,1500000
2020-03-12 12:52:09.745000,1.12868,1.12864,750000,2250000
2020-03-12 12:52:09.846000,1.12868,1.12865,750000,750000
2020-03-12 12:52:09.998000,1.12864,1.12863,750000,1500000
2020-03-12 12:52:10.049000,1.12868,1.12864,750000,1500000
2020-03-12 12:52:10.352000,1.12864,1.12862,750000,1500000
2020-03-12 12:52:10.453000,1.12867,1.12856,750000,1310000
2020-03-12 12:52:10.555000,1.12869,1.12858,1870000,190000
2020-03-12 12:52:10.656000,1.12866,1.12856,100000,1690000
2020-03-12 12:52:10.757000,1.12861,1.12857,820000,190000
2020-03-12 12:52:10.859000,1.1286,1.12853,1950000,940000
2020-03-12 12:52:10.910000,1.12858,1.12853,640000,750000
2020-03-12 12:52:10.961000,1.1286,1.12854,750000,940000
2020-03-12 12:52:11.012000,1.12858,1.12855,750000,190000
2020-03-12 12:52:11.114000,1.12859,1.12855,100000,190000
2020-03-12 12:52:11.216000,1.12855,1.12852,100000,1500000
2020-03-12 12:52:11.318000,1.12854,1.12852,750000,300000
2020-03-12 12:52:11.420000,1.12849,1.12845,750000,1050000
2020-03-12 12:52:11.471000,1.12841,1.12838,750000,1050000
2020-03-12 12:52:11.523000,1.12835,1.12831,750000,1350000
2020-03-12 12:52:11.625000,1.12833,1.12831,4500000,750000
2020-03-12 12:52:11.677000,1.12833,1.12829,750000,750000
2020-03-12 12:52:11.779000,1.12833,1.12831,750000,820000
2020-03-12 12:52:11.830000,1.12832,1.12829,750000,450000
2020-03-12 12:52:11.932000,1.12831,1.12826,750000,750000
2020-03-12 12:52:12.135000,1.12834,1.12827,940000,190000
2020-03-12 12:52:12.236000,1.12829,1.12824,190000,1500000
2020-03-12 12:52:12.339000,1.12825,1.12814,750000,1390000
2020-03-12 12:52:12.390000,1.12831,1.12829,6940000,1200000
2020-03-12 12:52:12.491000,1.12831,1.12827,750000,190000
2020-03-12 12:52:12.542000,1.12836,1.12829,1500000,1120000
2020-03-12 12:52:12.593000,1.1283,1.12828,190000,1120000
2020-03-12 12:52:12.644000,1.12831,1.12827,750000,940000
2020-03-12 12:52:12.695000,1.12828,1.12825,750000,370000
2020-03-12 12:52:12.796000,1.12827,1.12824,750000,1050000
2020-03-12 12:52:12.898000,1.12826,1.12821,1120000,300000
2020-03-12 12:52:12.949000,1.12822,1.12819,1500000,300000
2020-03-12 12:52:12.999000,1.1282,1.12817,750000,300000
2020-03-12 12:52:13.050000,1.12818,1.12814,750000,1120000
2020-03-12 12:52:13.151000,1.12816,1.12813,750000,1120000
2020-03-12 12:52:13.290000,1.12816,1.12809,1500000,300000
2020-03-12 12:52:13.410000,1.12813,1.12808,750000,300000
2020-03-12 12:52:13.461000,1.12813,1.12805,750000,750000
2020-03-12 12:52:13.562000,1.12812,1.12804,750000,1500000
2020-03-12 12:52:13.663000,1.12816,1.12809,750000,300000
2020-03-12 12:52:13.814000,1.12812,1.12809,750000,300000
2020-03-12 12:52:13.865000,1.12816,1.12809,1500000,300000
2020-03-12 12:52:14.017000,1.12815,1.12809,750000,300000
2020-03-12 12:52:14.118000,1.12815,1.1281,750000,750000
2020-03-12 12:52:14.169000,1.12817,1.12813,1500000,450000
2020-03-12 12:52:14.422000,1.12816,1.12811,1500000,450000
2020-03-12 12:52:14.473000,1.12813,1.12809,750000,300000
2020-03-12 12:52:14.524000,1.12816,1.12809,1270000,300000
2020-03-12 12:52:14.625000,1.12817,1.12809,2250000,300000
2020-03-12 12:52:14.726000,1.12816,1.12809,750000,300000
2020-03-12 12:52:14.979000,1.12815,1.12809,750000,300000
2020-03-12 12:52:15.029000,1.12817,1.12813,900000,750000
2020-03-12 12:52:15.080000,1.12819,1.1281,750000,190000
2020-03-12 12:52:15.181000,1.1282,1.1281,750000,750000
2020-03-12 12:52:15.282000,1.12819,1.1281,750000,750000
2020-03-12 12:52:15.384000,1.12816,1.12813,370000,1120000
2020-03-12 12:52:15.485000,1.12814,1.12811,750000,450000
2020-03-12 12:52:15.587000,1.12813,1.12808,750000,300000
2020-03-12 12:52:15.637000,1.12814,1.1281,750000,750000
2020-03-12 12:52:15.739000,1.12814,1.12808,750000,300000
2020-03-12 12:52:15.789000,1.12814,1.1281,750000,750000
2020-03-12 12:52:15.840000,1.12814,1.12808,750000,300000
2020-03-12 12:52:16.043000,1.12815,1.12808,750000,300000
2020-03-12 12:52:16.145000,1.12813,1.12808,750000,300000
2020-03-12 12:52:16.196000,1.12815,1.12809,750000,750000
2020-03-12 12:52:16.247000,1.12814,1.12803,750000,750000
2020-03-12 12:52:16.298000,1.12814,1.12809,750000,750000
2020-03-12 12:52:16.349000,1.12813,1.12803,100000,750000
2020-03-12 12:52:16.450000,1.12814,1.12803,1690000,750000
2020-03-12 12:52:16.602000,1.12812,1.12803,750000,750000
2020-03-12 12:52:16.653000,1.12814,1.12803,2020000,750000
2020-03-12 12:52:16.805000,1.12814,1.12807,2250000,750000
2020-03-12 12:52:16.906000,1.12814,1.12808,1500000,300000
2020-03-12 12:52:17.109000,1.12818,1.12808,1870000,300000
2020-03-12 12:52:17.210000,1.12817,1.12813,150000,450000
2020-03-12 12:52:17.311000,1.12818,1.12813,750000,450000
2020-03-12 12:52:17.413000,1.12817,1.12813,100000,450000
2020-03-12 12:52:17.514000,1.12818,1.12813,750000,450000
2020-03-12 12:52:17.615000,1.12817,1.12813,100000,450000
2020-03-12 12:52:17.716000,1.12816,1.12808,100000,940000
2020-03-12 12:52:17.818000,1.12818,1.12808,190000,940000
2020-03-12 12:52:17.869000,1.12819,1.12811,1500000,940000
2020-03-12 12:52:17.971000,1.12818,1.1281,750000,940000
2020-03-12 12:52:18.072000,1.12819,1.12809,3260000,190000
2020-03-12 12:52:18.174000,1.12818,1.12813,100000,450000
2020-03-12 12:52:18.275000,1.12817,1.12813,750000,450000
2020-03-12 12:52:18.326000,1.12816,1.12808,100000,940000
2020-03-12 12:52:18.427000,1.12818,1.12808,1690000,940000
2020-03-12 12:52:18.528000,1.12816,1.12808,100000,940000
2020-03-12 12:52:18.629000,1.12818,1.12813,1500000,750000
2020-03-12 12:52:19.033000,1.12818,1.12812,1570000,750000
2020-03-12 12:52:19.134000,1.12817,1.12812,1120000,750000
2020-03-12 12:52:19.437000,1.12814,1.12812,450000,750000
2020-03-12 12:52:19.538000,1.12816,1.12812,100000,750000
2020-03-12 12:52:19.690000,1.12816,1.1281,820000,750000
2020-03-12 12:52:19.791000,1.12815,1.1281,100000,750000
2020-03-12 12:52:19.842000,1.12814,1.12806,750000,1500000
2020-03-12 12:52:20.044000,1.12816,1.12806,1570000,1500000
2020-03-12 12:52:20.095000,1.128,1.12798,750000,370000
2020-03-12 12:52:20.197000,1.12794,1.12788,1120000,2620000
2020-03-12 12:52:20.247000,1.1279,1.12785,750000,750000
2020-03-12 12:52:20.298000,1.12789,1.12783,750000,300000
2020-03-12 12:52:20.450000,1.12788,1.12783,750000,300000
2020-03-12 12:52:20.551000,1.12787,1.12782,1500000,300000
2020-03-12 12:52:20.602000,1.12787,1.12778,1500000,1120000
2020-03-12 12:52:20.654000,1.12787,1.12778,750000,2620000
2020-03-12 12:52:20.705000,1.1279,1.12781,1500000,750000
2020-03-12 12:52:20.807000,1.12787,1.12781,750000,370000
2020-03-12 12:52:20.909000,1.12786,1.12778,750000,1120000
2020-03-12 12:52:21.061000,1.12787,1.12778,750000,1120000
2020-03-12 12:52:21.164000,1.1278,1.12777,190000,1120000
2020-03-12 12:52:21.216000,1.12787,1.12778,1500000,1200000
2020-03-12 12:52:21.368000,1.12787,1.12778,370000,1120000
2020-03-12 12:52:21.520000,1.1279,1.12778,1870000,1120000
2020-03-12 12:52:21.621000,1.1279,1.12783,1870000,300000
2020-03-12 12:52:21.722000,1.12792,1.12783,1120000,1050000
2020-03-12 12:52:21.824000,1.12793,1.12783,2250000,300000
2020-03-12 12:52:21.976000,1.12792,1.12783,1500000,1050000
2020-03-12 12:52:22.077000,1.12791,1.12783,2250000,300000
2020-03-12 12:52:22.128000,1.12788,1.12783,1430000,750000
2020-03-12 12:52:22.229000,1.12787,1.12783,750000,300000
2020-03-12 12:52:22.280000,1.12789,1.12783,750000,300000
2020-03-12 12:52:22.331000,1.12789,1.12778,750000,1120000
2020-03-12 12:52:22.381000,1.12789,1.12781,750000,750000
2020-03-12 12:52:22.483000,1.12789,1.12783,2210000,300000
2020-03-12 12:52:22.685000,1.12787,1.12783,750000,300000
2020-03-12 12:52:22.786000,1.12788,1.12783,100000,300000
2020-03-12 12:52:22.888000,1.12785,1.12783,750000,300000
2020-03-12 12:52:22.938000,1.12784,1.12777,450000,750000
2020-03-12 12:52:22.989000,1.12786,1.12774,1200000,750000
2020-03-12 12:52:23.040000,1.12785,1.12779,750000,750000
2020-03-12 12:52:23.091000,1.12785,1.12774,1500000,750000
2020-03-12 12:52:23.141000,1.12783,1.12773,100000,1950000
2020-03-12 12:52:23.243000,1.12784,1.12776,750000,750000
2020-03-12 12:52:23.344000,1.12785,1.12778,750000,300000
2020-03-12 12:52:23.445000,1.12787,1.12778,750000,750000
2020-03-12 12:52:23.547000,1.12787,1.12779,750000,750000
2020-03-12 12:52:23.597000,1.12794,1.12789,750000,190000
2020-03-12 12:52:23.648000,1.12791,1.12785,750000,940000
2020-03-12 12:52:23.699000,1.12786,1.12783,750000,750000
2020-03-12 12:52:23.800000,1.12786,1.12782,750000,450000
2020-03-12 12:52:23.952000,1.12787,1.12779,750000,300000
2020-03-12 12:52:24.053000,1.12787,1.1278,750000,150000
2020-03-12 12:52:24.154000,1.12785,1.12778,750000,370000
2020-03-12 12:52:24.307000,1.12784,1.12778,750000,370000
2020-03-12 12:52:24.408000,1.12782,1.12778,750000,370000
2020-03-12 12:52:24.509000,1.12781,1.12778,100000,370000
2020-03-12 12:52:24.560000,1.12785,1.12778,1500000,370000
2020-03-12 12:52:24.611000,1.12784,1.12776,1500000,1500000
2020-03-12 12:52:24.662000,1.12784,1.12773,750000,750000
2020-03-12 12:52:24.814000,1.12782,1.12773,450000,750000
2020-03-12 12:52:24.865000,1.12784,1.12774,1500000,750000
2020-03-12 12:52:24.966000,1.12784,1.12778,1570000,750000
2020-03-12 12:52:25.068000,1.12784,1.12777,750000,750000
2020-03-12 12:52:25.169000,1.12785,1.12778,1200000,300000
2020-03-12 12:52:25.271000,1.12782,1.12778,100000,300000
2020-03-12 12:52:25.322000,1.12784,1.12776,750000,750000
2020-03-12 12:52:25.373000,1.12784,1.12773,750000,750000
2020-03-12 12:52:25.424000,1.12784,1.12777,750000,750000
2020-03-12 12:52:25.526000,1.1278,1.12772,190000,750000
2020-03-12 12:52:25.577000,1.12779,1.1277,450000,560000
2020-03-12 12:52:25.679000,1.12779,1.12773,100000,190000
2020-03-12 12:52:25.844000,1.12779,1.12772,100000,190000
2020-03-12 12:52:25.945000,1.12778,1.12771,640000,1500000
2020-03-12 12:52:26.046000,1.12778,1.12772,190000,750000
2020-03-12 12:52:26.148000,1.12778,1.1277,190000,2400000
2020-03-12 12:52:26.249000,1.12777,1.1277,190000,1650000
2020-03-12 12:52:26.350000,1.12777,1.12771,940000,900000
2020-03-12 12:52:26.451000,1.12779,1.12775,750000,190000
2020-03-12 12:52:26.502000,1.12779,1.12773,750000,640000
2020-03-12 12:52:26.603000,1.12779,1.12774,750000,190000
2020-03-12 12:52:26.755000,1.12779,1.12773,820000,640000
2020-03-12 12:52:27.058000,1.12779,1.12771,1390000,190000
2020-03-12 12:52:27.159000,1.12776,1.12768,100000,1690000
2020-03-12 12:52:27.311000,1.12775,1.12768,100000,940000
2020-03-12 12:52:27.412000,1.12778,1.12769,100000,190000
2020-03-12 12:52:27.463000,1.12776,1.1277,100000,190000
2020-03-12 12:52:27.565000,1.1278,1.12772,2700000,150000
2020-03-12 12:52:27.615000,1.12778,1.12772,190000,150000
2020-03-12 12:52:27.717000,1.12777,1.12772,260000,150000
2020-03-12 12:52:27.768000,1.12779,1.12772,190000,750000
2020-03-12 12:52:27.869000,1.12779,1.12771,100000,940000
2020-03-12 12:52:27.970000,1.1278,1.12771,6040000,940000
2020-03-12 12:52:28.122000,1.12779,1.12771,100000,940000
2020-03-12 12:52:28.374000,1.12779,1.12772,820000,750000
2020-03-12 12:52:28.476000,1.12778,1.12768,640000,340000
2020-03-12 12:52:28.577000,1.12777,1.12768,450000,1090000
2020-03-12 12:52:28.678000,1.12776,1.12767,1350000,750000
2020-03-12 12:52:28.729000,1.12775,1.1277,100000,940000
2020-03-12 12:52:28.780000,1.12776,1.12768,710000,190000
2020-03-12 12:52:28.881000,1.12775,1.12768,100000,190000
2020-03-12 12:52:28.982000,1.12776,1.12768,450000,940000
2020-03-12 12:52:29.033000,1.12778,1.12769,100000,190000
2020-03-12 12:52:29.084000,1.12778,1.12772,820000,750000
2020-03-12 12:52:29.185000,1.12778,1.12773,750000,340000
2020-03-12 12:52:29.287000,1.12778,1.12774,750000,150000
2020-03-12 12:52:29.389000,1.12777,1.12773,750000,900000
2020-03-12 12:52:29.642000,1.12778,1.12773,750000,190000
2020-03-12 12:52:29.743000,1.12778,1.12772,750000,190000
2020-03-12 12:52:29.844000,1.12777,1.12772,750000,190000
2020-03-12 12:52:30.147000,1.12773,1.1277,750000,190000
2020-03-12 12:52:30.249000,1.12774,1.12769,370000,750000
2020-03-12 12:52:30.300000,1.12776,1.12769,1120000,750000
2020-03-12 12:52:30.401000,1.12776,1.12768,1570000,750000
2020-03-12 12:52:30.502000,1.12776,1.1277,820000,1500000
2020-03-12 12:52:30.603000,1.12777,1.1277,750000,900000
2020-03-12 12:52:30.755000,1.12776,1.1277,100000,940000
2020-03-12 12:52:30.856000,1.12777,1.12769,1310000,900000
2020-03-12 12:52:30.957000,1.12776,1.12771,370000,190000
2020-03-12 12:52:31.059000,1.12776,1.1277,370000,190000
2020-03-12 12:52:31.161000,1.12777,1.12769,450000,190000
2020-03-12 12:52:31.263000,1.12776,1.12769,370000,940000
2020-03-12 12:52:31.366000,1.12777,1.1277,370000,190000
2020-03-12 12:52:31.468000,1.12777,1.12771,820000,190000
2020-03-12 12:52:31.570000,1.12774,1.12771,100000,190000
2020-03-12 12:52:31.621000,1.12776,1.12771,820000,190000
2020-03-12 12:52:31.673000,1.12774,1.12771,370000,190000
2020-03-12 12:52:31.775000,1.12777,1.12771,100000,190000
2020-03-12 12:52:31.876000,1.12779,1.1277,1690000,190000
2020-03-12 12:52:31.927000,1.12777,1.12771,100000,190000
2020-03-12 12:52:32.028000,1.12778,1.12771,1200000,190000
2020-03-12 12:52:32.129000,1.12778,1.12772,450000,190000
2020-03-12 12:52:32.231000,1.12778,1.12773,1500000,190000
2020-03-12 12:52:32.332000,1.12779,1.12773,750000,190000
2020-03-12 12:52:32.433000,1.12781,1.12773,820000,190000
2020-03-12 12:52:32.585000,1.1278,1.12775,190000,750000
2020-03-12 12:52:32.636000,1.12781,1.12772,940000,190000
2020-03-12 12:52:32.737000,1.1278,1.12773,750000,750000
2020-03-12 12:52:32.838000,1.12782,1.12773,1120000,940000
2020-03-12 12:52:32.889000,1.12782,1.12777,370000,750000
2020-03-12 12:52:32.940000,1.12782,1.12774,370000,190000
2020-03-12 12:52:33.041000,1.12782,1.12775,750000,190000
2020-03-12 12:52:33.142000,1.12783,1.12776,100000,1500000
2020-03-12 12:52:33.244000,1.12782,1.12776,100000,900000
2020-03-12 12:52:33.295000,1.12781,1.12774,100000,190000
2020-03-12 12:52:33.396000,1.12782,1.12775,100000,190000
2020-03-12 12:52:33.547000,1.12782,1.12774,450000,750000
2020-03-12 12:52:33.598000,1.1278,1.12774,100000,940000
2020-03-12 12:52:33.649000,1.12782,1.12773,1690000,190000
2020-03-12 12:52:33.700000,1.12782,1.12777,1500000,150000
2020-03-12 12:52:33.801000,1.12783,1.12774,640000,190000
2020-03-12 12:52:33.902000,1.12782,1.12774,100000,190000
2020-03-12 12:52:34.004000,1.12784,1.12776,190000,750000
2020-03-12 12:52:34.105000,1.12782,1.12775,820000,190000
2020-03-12 12:52:34.257000,1.12781,1.12775,100000,190000
2020-03-12 12:52:34.358000,1.12783,1.12774,820000,1690000
2020-03-12 12:52:34.459000,1.1278,1.12774,1500000,750000
2020-03-12 12:52:34.561000,1.12781,1.12773,820000,750000
2020-03-12 12:52:34.662000,1.12782,1.12775,1910000,190000
2020-03-12 12:52:34.764000,1.12783,1.12777,1200000,190000
2020-03-12 12:52:34.815000,1.12783,1.12775,1200000,190000
2020-03-12 12:52:34.916000,1.1278,1.12775,2210000,940000
2020-03-12 12:52:35.018000,1.12782,1.12774,750000,190000
2020-03-12 12:52:35.068000,1.1278,1.12773,100000,190000
2020-03-12 12:52:35.119000,1.1278,1.12771,640000,190000
2020-03-12 12:52:35.170000,1.12778,1.12771,100000,190000
2020-03-12 12:52:35.271000,1.12779,1.12772,450000,190000
2020-03-12 12:52:35.423000,1.12778,1.12773,100000,750000
2020-03-12 12:52:35.524000,1.12779,1.12769,190000,940000
2020-03-12 12:52:35.575000,1.12777,1.12769,100000,1690000
2020-03-12 12:52:35.676000,1.12777,1.12774,750000,750000
2020-03-12 12:52:35.727000,1.12779,1.12775,100000,750000
2020-03-12 12:52:35.778000,1.1278,1.12772,450000,190000
2020-03-12 12:52:35.879000,1.12777,1.12769,100000,190000
2020-03-12 12:52:36.081000,1.12777,1.12771,100000,190000
2020-03-12 12:52:36.183000,1.12779,1.12773,370000,750000
2020-03-12 12:52:36.335000,1.12779,1.12772,450000,190000
2020-03-12 12:52:36.436000,1.12777,1.12771,100000,190000
2020-03-12 12:52:36.537000,1.12778,1.12773,190000,750000
2020-03-12 12:52:36.588000,1.1278,1.12774,750000,750000
2020-03-12 12:52:36.689000,1.12778,1.12771,100000,190000
2020-03-12 12:52:36.791000,1.12778,1.12772,370000,750000
2020-03-12 12:52:36.893000,1.12781,1.12773,2510000,750000
2020-03-12 12:52:37.095000,1.12781,1.12774,1690000,750000
2020-03-12 12:52:37.196000,1.12781,1.12773,100000,190000
2020-03-12 12:52:37.297000,1.12779,1.12773,1540000,190000
2020-03-12 12:52:37.399000,1.12775,1.12772,750000,450000
2020-03-12 12:52:37.500000,1.12778,1.12771,1570000,190000
2020-03-12 12:52:37.551000,1.12773,1.1277,750000,190000
2020-03-12 12:52:37.652000,1.12773,1.12771,750000,750000
2020-03-12 12:52:37.703000,1.12778,1.12771,750000,750000
2020-03-12 12:52:37.805000,1.12777,1.12771,100000,190000
2020-03-12 12:52:37.856000,1.12779,1.12771,4270000,750000
2020-03-12 12:52:37.906000,1.12775,1.12769,710000,190000
2020-03-12 12:52:38.008000,1.12777,1.12771,100000,190000
2020-03-12 12:52:38.059000,1.12779,1.12772,1090000,190000
2020-03-12 12:52:38.160000,1.12779,1.12773,100000,940000
2020-03-12 12:52:38.281000,1.1278,1.12772,1200000,1310000
2020-03-12 12:52:38.331000,1.12778,1.12772,750000,640000
2020-03-12 12:52:38.483000,1.12779,1.12772,820000,450000
2020-03-12 12:52:38.584000,1.12776,1.12772,750000,1870000
2020-03-12 12:52:38.635000,1.1278,1.12773,750000,750000
2020-03-12 12:52:38.737000,1.12781,1.12773,100000,940000
2020-03-12 12:52:38.787000,1.12779,1.12772,750000,1390000
2020-03-12 12:52:39.343000,1.12778,1.12772,750000,1120000
2020-03-12 12:52:39.393000,1.12783,1.12782,2250000,750000
2020-03-12 12:52:39.444000,1.12781,1.1278,940000,190000
2020-03-12 12:52:39.495000,1.12781,1.12777,940000,750000
2020-03-12 12:52:39.596000,1.12785,1.12777,1500000,1050000
2020-03-12 12:52:39.647000,1.12783,1.12777,750000,1050000
2020-03-12 12:52:39.799000,1.12781,1.12777,100000,300000
2020-03-12 12:52:39.850000,1.1278,1.12772,750000,1200000
2020-03-12 12:52:39.951000,1.12781,1.12772,750000,820000
2020-03-12 12:52:40.103000,1.12782,1.12773,750000,750000
2020-03-12 12:52:40.204000,1.12784,1.12772,1390000,1500000
2020-03-12 12:52:40.255000,1.12782,1.12775,100000,750000
2020-03-12 12:52:40.306000,1.12784,1.12775,750000,1500000
2020-03-12 12:52:40.356000,1.12783,1.12779,450000,150000
2020-03-12 12:52:40.411000,1.12783,1.12772,450000,1570000
2020-03-12 12:52:40.461000,1.12784,1.12774,450000,1500000
2020-03-12 12:52:40.563000,1.12783,1.1278,100000,150000
2020-03-12 12:52:40.614000,1.12786,1.12778,190000,150000
2020-03-12 12:52:40.715000,1.12786,1.12781,190000,150000
2020-03-12 12:52:40.816000,1.12783,1.12777,100000,750000
2020-03-12 12:52:40.917000,1.12785,1.12779,940000,1500000
2020-03-12 12:52:41.019000,1.12783,1.12777,450000,750000
2020-03-12 12:52:41.120000,1.12782,1.12772,450000,1570000
2020-03-12 12:52:41.322000,1.12783,1.12772,190000,1650000
2020-03-12 12:52:41.575000,1.12782,1.12772,190000,520000
2020-03-12 12:52:41.626000,1.1278,1.12772,190000,450000
2020-03-12 12:52:41.727000,1.12781,1.12772,190000,450000
2020-03-12 12:52:41.828000,1.1278,1.12777,750000,300000
2020-03-12 12:52:41.879000,1.12783,1.12777,1500000,300000
2020-03-12 12:52:41.980000,1.12784,1.12777,750000,150000
2020-03-12 12:52:42.081000,1.12783,1.12777,100000,150000
2020-03-12 12:52:42.182000,1.12781,1.12777,750000,150000
2020-03-12 12:52:42.284000,1.12782,1.12778,750000,150000
2020-03-12 12:52:42.385000,1.12782,1.12777,750000,300000
2020-03-12 12:52:42.537000,1.12782,1.12776,750000,750000
2020-03-12 12:52:42.588000,1.12782,1.12774,940000,750000
2020-03-12 12:52:42.639000,1.12781,1.12772,750000,450000
2020-03-12 12:52:42.741000,1.12782,1.12772,190000,520000
2020-03-12 12:52:42.842000,1.12779,1.12773,190000,150000
2020-03-12 12:52:42.893000,1.12781,1.12773,1760000,150000
2020-03-12 12:52:42.994000,1.12779,1.12769,260000,260000
2020-03-12 12:52:43.095000,1.12778,1.12769,190000,820000
2020-03-12 12:52:43.196000,1.12779,1.12769,260000,260000
2020-03-12 12:52:43.503000,1.12778,1.12769,190000,100000
2020-03-12 12:52:44,1.12778,1.12768,190000,1090000
2020-03-12 12:52:44.101000,1.12781,1.12774,940000,750000
2020-03-12 12:52:44.152000,1.1278,1.12772,260000,300000
2020-03-12 12:52:44.354000,1.12779,1.12771,1010000,190000
2020-03-12 12:52:44.455000,1.12778,1.1277,190000,190000
2020-03-12 12:52:45.062000,1.12777,1.12768,1010000,190000
2020-03-12 12:52:45.163000,1.12776,1.12768,100000,190000
2020-03-12 12:52:45.264000,1.12777,1.12768,1010000,340000
2020-03-12 12:52:45.315000,1.12777,1.12771,820000,190000
2020-03-12 12:52:45.518000,1.12779,1.12771,1950000,190000
2020-03-12 12:52:45.619000,1.12778,1.12771,750000,190000
2020-03-12 12:52:45.721000,1.12779,1.1277,450000,190000
2020-03-12 12:52:45.822000,1.12778,1.12768,190000,2210000
2020-03-12 12:52:46.024000,1.12777,1.12767,190000,3410000
2020-03-12 12:52:46.226000,1.12777,1.12768,190000,750000
2020-03-12 12:52:46.428000,1.12777,1.12768,640000,750000
2020-03-12 12:52:46.530000,1.12777,1.12768,640000,750000
2020-03-12 12:52:46.778000,1.12777,1.12768,630000,750000
2020-03-12 12:52:46.879000,1.12777,1.12769,630000,750000
2020-03-12 12:52:46.980000,1.12777,1.12768,640000,750000
2020-03-12 12:52:47.195000,1.12777,1.12769,630000,750000
2020-03-12 12:52:47.299000,1.12777,1.12767,640000,1840000
2020-03-12 12:52:47.451000,1.12779,1.12774,1200000,1500000
2020-03-12 12:52:47.552000,1.12777,1.12773,190000,900000
2020-03-12 12:52:47.602000,1.12777,1.12768,640000,940000
2020-03-12 12:52:47.704000,1.12777,1.1277,450000,190000
2020-03-12 12:52:47.806000,1.12777,1.12768,450000,1460000
2020-03-12 12:52:47.964000,1.12777,1.1277,450000,190000
2020-03-12 12:52:48.166000,1.12777,1.12771,370000,300000
2020-03-12 12:52:48.318000,1.12777,1.12771,450000,1990000
2020-03-12 12:52:48.470000,1.12777,1.12773,450000,750000
2020-03-12 12:52:48.520000,1.12777,1.1277,450000,190000
2020-03-12 12:52:48.896000,1.12777,1.12769,450000,940000
2020-03-12 12:52:48.997000,1.12777,1.1277,450000,750000
2020-03-12 12:52:49.098000,1.12776,1.12769,750000,190000
2020-03-12 12:52:49.200000,1.12776,1.12768,1200000,940000
2020-03-12 12:52:49.251000,1.12776,1.1277,1200000,190000
2020-03-12 12:52:49.352000,1.12776,1.12768,1200000,940000
2020-03-12 12:52:49.403000,1.12776,1.12774,1390000,190000
2020-03-12 12:52:49.453000,1.12779,1.12775,1500000,750000
2020-03-12 12:52:49.554000,1.12779,1.12774,450000,190000
2020-03-12 12:52:49.858000,1.12779,1.12775,1200000,190000
2020-03-12 12:52:49.959000,1.1278,1.12775,1200000,190000
2020-03-12 12:52:50.010000,1.12774,1.12771,750000,300000
2020-03-12 12:52:50.111000,1.12774,1.12764,2250000,1500000
2020-03-12 12:52:50.212000,1.1277,1.12765,450000,190000
2020-03-12 12:52:50.314000,1.12769,1.12765,450000,190000
2020-03-12 12:52:50.518000,1.12769,1.12764,450000,190000
2020-03-12 12:52:50.722000,1.12767,1.12764,450000,190000
2020-03-12 12:52:50.823000,1.12765,1.12763,450000,190000
2020-03-12 12:52:50.874000,1.12765,1.12762,450000,190000
2020-03-12 12:52:50.975000,1.12764,1.12761,450000,190000
2020-03-12 12:52:51.127000,1.12763,1.12758,450000,190000
2020-03-12 12:52:51.228000,1.12762,1.12758,450000,190000
2020-03-12 12:52:51.330000,1.12765,1.12758,640000,1690000
2020-03-12 12:52:51.445000,1.12765,1.12761,750000,940000
2020-03-12 12:52:51.497000,1.12767,1.12761,1870000,190000
2020-03-12 12:52:51.548000,1.12765,1.1276,1200000,190000
2020-03-12 12:52:51.957000,1.12765,1.12759,1200000,190000
2020-03-12 12:52:52.058000,1.12762,1.12759,370000,190000
2020-03-12 12:52:52.109000,1.12762,1.12757,370000,750000
2020-03-12 12:52:52.513000,1.12762,1.12758,450000,750000
2020-03-12 12:52:52.614000,1.12762,1.12757,450000,750000
2020-03-12 12:52:52.735000,1.12762,1.12759,450000,190000
2020-03-12 12:52:52.786000,1.12765,1.12761,750000,1500000
2020-03-12 12:52:52.837000,1.12768,1.12766,2590000,750000
2020-03-12 12:52:52.938000,1.12769,1.12765,750000,1500000
2020-03-12 12:52:52.989000,1.12771,1.12766,750000,750000
2020-03-12 12:52:53.292000,1.12768,1.12766,750000,450000
2020-03-12 12:52:53.343000,1.12768,1.12761,750000,190000
2020-03-12 12:52:53.394000,1.12766,1.12759,750000,1650000
2020-03-12 12:52:53.445000,1.12766,1.12756,190000,1010000
2020-03-12 12:52:53.495000,1.12767,1.12762,750000,750000
2020-03-12 12:52:53.546000,1.12766,1.12759,940000,150000
2020-03-12 12:52:53.597000,1.12767,1.12764,750000,750000
2020-03-12 12:52:53.648000,1.12767,1.12758,750000,190000
2020-03-12 12:52:53.749000,1.12767,1.1276,750000,750000
2020-03-12 12:52:53.851000,1.12768,1.12762,1690000,150000
2020-03-12 12:52:53.952000,1.12767,1.12762,190000,750000
2020-03-12 12:52:54.053000,1.12762,1.12758,190000,900000
2020-03-12 12:52:54.154000,1.12762,1.12756,190000,450000
2020-03-12 12:52:54.357000,1.12762,1.12758,190000,150000
2020-03-12 12:52:54.458000,1.12761,1.12752,940000,190000
2020-03-12 12:52:54.559000,1.12762,1.12752,1870000,190000
2020-03-12 12:52:54.660000,1.1276,1.12751,940000,2060000
2020-03-12 12:52:54.761000,1.12761,1.12751,1010000,940000
2020-03-12 12:52:54.863000,1.1276,1.12751,750000,940000
2020-03-12 12:52:55.045000,1.12759,1.12751,940000,940000
2020-03-12 12:52:55.299000,1.12757,1.12751,940000,750000
2020-03-12 12:52:55.400000,1.12754,1.12748,940000,1010000
2020-03-12 12:52:55.502000,1.12752,1.12748,750000,340000
2020-03-12 12:52:55.553000,1.12756,1.12749,940000,190000
2020-03-12 12:52:55.755000,1.12756,1.12751,190000,190000
2020-03-12 12:52:55.806000,1.12759,1.12752,1760000,940000
2020-03-12 12:52:55.907000,1.12758,1.12751,190000,190000
2020-03-12 12:52:56.117000,1.12759,1.12753,190000,1500000
2020-03-12 12:52:56.218000,1.12759,1.12752,190000,190000
2020-03-12 12:52:56.319000,1.12758,1.12751,190000,190000
2020-03-12 12:52:56.421000,1.12758,1.12753,190000,150000
2020-03-12 12:52:56.522000,1.1276,1.12755,190000,750000
2020-03-12 12:52:56.623000,1.12759,1.12752,190000,190000
2020-03-12 12:52:56.774000,1.12758,1.12752,940000,190000
2020-03-12 12:52:56.883000,1.12759,1.12753,1120000,750000
2020-03-12 12:52:56.984000,1.12757,1.12752,750000,940000
2020-03-12 12:52:57.136000,1.12758,1.12752,750000,190000
2020-03-12 12:52:57.237000,1.12757,1.12753,750000,940000
2020-03-12 12:52:57.338000,1.12757,1.12752,940000,190000
2020-03-12 12:52:57.439000,1.12757,1.12751,940000,190000
2020-03-12 12:52:57.540000,1.12756,1.12751,940000,190000
2020-03-12 12:52:57.642000,1.12756,1.12752,750000,190000
2020-03-12 12:52:57.692000,1.12756,1.12749,940000,340000
2020-03-12 12:52:57.859000,1.12752,1.12747,640000,1500000
2020-03-12 12:52:57.960000,1.12751,1.12747,450000,190000
2020-03-12 12:52:58.061000,1.1275,1.12747,450000,190000
2020-03-12 12:52:58.112000,1.1275,1.12744,1200000,150000
2020-03-12 12:52:58.162000,1.12741,1.12739,2700000,150000
2020-03-12 12:52:58.264000,1.12732,1.1273,1500000,370000
2020-03-12 12:52:58.365000,1.12727,1.12723,1050000,1120000
2020-03-12 12:52:58.466000,1.12727,1.12721,1050000,300000
2020-03-12 12:52:58.517000,1.12722,1.1272,370000,300000
2020-03-12 12:52:58.568000,1.12721,1.12716,450000,560000
2020-03-12 12:52:58.669000,1.12724,1.12718,750000,190000
2020-03-12 12:52:58.770000,1.12725,1.12719,370000,750000
2020-03-12 12:52:58.872000,1.12724,1.12718,450000,190000
2020-03-12 12:52:59.074000,1.12724,1.12717,450000,940000
2020-03-12 12:52:59.124000,1.12727,1.12721,1950000,750000
2020-03-12 12:52:59.226000,1.12728,1.12723,750000,750000
2020-03-12 12:52:59.276000,1.12729,1.12721,1460000,1690000
2020-03-12 12:52:59.378000,1.12729,1.12723,1200000,750000
2020-03-12 12:52:59.479000,1.12723,1.12719,750000,4870000
2020-03-12 12:52:59.530000,1.12728,1.12726,1460000,750000
2020-03-12 12:52:59.581000,1.12731,1.12724,1500000,750000
2020-03-12 12:52:59.632000,1.12731,1.1273,1500000,1500000
2020-03-12 12:52:59.682000,1.1273,1.12727,750000,750000
2020-03-12 12:52:59.784000,1.1273,1.12726,750000,1500000
2020-03-12 12:52:59.834000,1.12731,1.12729,1500000,750000
2020-03-12 12:52:59.885000,1.12731,1.12726,750000,750000
2020-03-12 12:52:59.986000,1.12731,1.12727,750000,750000
2020-03-12 12:53:00.088000,1.12732,1.12727,370000,1500000
2020-03-12 12:53:00.139000,1.12729,1.12725,450000,750000
2020-03-12 12:53:00.189000,1.1273,1.12722,750000,750000
2020-03-12 12:53:00.291000,1.12727,1.12718,750000,1500000
2020-03-12 12:53:00.393000,1.1273,1.12725,750000,1500000
2020-03-12 12:53:00.495000,1.12728,1.12722,750000,190000
2020-03-12 12:53:00.597000,1.12725,1.1272,450000,750000
2020-03-12 12:53:00.647000,1.12724,1.12718,370000,750000
2020-03-12 12:53:00.698000,1.12727,1.12718,710000,750000
2020-03-12 12:53:00.749000,1.12727,1.12721,710000,750000
2020-03-12 12:53:00.800000,1.12723,1.12716,750000,1050000
2020-03-12 12:53:00.851000,1.12728,1.1272,1500000,750000
2020-03-12 12:53:00.902000,1.12721,1.12716,190000,300000
2020-03-12 12:53:00.953000,1.12724,1.12714,940000,190000
2020-03-12 12:53:01.004000,1.1272,1.12711,190000,1500000
2020-03-12 12:53:01.105000,1.12722,1.1271,1870000,750000
2020-03-12 12:53:01.156000,1.1272,1.1271,1870000,750000
2020-03-12 12:53:01.257000,1.12718,1.12711,750000,750000
2020-03-12 12:53:01.433000,1.12714,1.12706,370000,940000
2020-03-12 12:53:01.484000,1.12707,1.12706,450000,190000
2020-03-12 12:53:01.585000,1.12711,1.12709,750000,750000
2020-03-12 12:53:01.636000,1.12709,1.12704,370000,1120000
2020-03-12 12:53:01.737000,1.12709,1.12705,450000,190000
2020-03-12 12:53:01.788000,1.12712,1.12706,450000,750000
2020-03-12 12:53:01.889000,1.12715,1.12704,1500000,1120000
2020-03-12 12:53:02.041000,1.12711,1.12704,450000,750000
2020-03-12 12:53:02.142000,1.12714,1.12704,750000,190000
2020-03-12 12:53:02.193000,1.12713,1.12708,750000,750000
2020-03-12 12:53:02.244000,1.12714,1.12704,750000,750000
2020-03-12 12:53:02.295000,1.12711,1.12704,450000,750000
2020-03-12 12:53:02.397000,1.12712,1.12702,450000,1500000
2020-03-12 12:53:02.448000,1.12711,1.12704,450000,190000
2020-03-12 12:53:02.664000,1.1271,1.12704,450000,190000
2020-03-12 12:53:02.716000,1.12714,1.12704,750000,190000
2020-03-12 12:53:02.766000,1.12711,1.12704,450000,190000
2020-03-12 12:53:02.817000,1.1271,1.12702,450000,190000
2020-03-12 12:53:02.869000,1.12706,1.12702,750000,750000
2020-03-12 12:53:02.920000,1.12711,1.12704,450000,190000
2020-03-12 12:53:02.971000,1.1271,1.12701,190000,750000
2020-03-12 12:53:03.022000,1.12711,1.12704,450000,190000
2020-03-12 12:53:03.125000,1.12711,1.12705,450000,190000
2020-03-12 12:53:03.227000,1.12713,1.12704,1950000,750000
2020-03-12 12:53:03.278000,1.1271,1.12703,450000,190000
2020-03-12 12:53:03.379000,1.12713,1.12705,750000,750000
2020-03-12 12:53:03.429000,1.12708,1.12703,1500000,190000
2020-03-12 12:53:03.531000,1.12711,1.12707,370000,190000
2020-03-12 12:53:03.582000,1.12712,1.12703,640000,190000
2020-03-12 12:53:03.683000,1.1271,1.12703,450000,190000
2020-03-12 12:53:03.799000,1.1271,1.12705,450000,190000
2020-03-12 12:53:03.900000,1.12709,1.12704,450000,190000
2020-03-12 12:53:04.001000,1.1271,1.12704,450000,940000
2020-03-12 12:53:04.103000,1.1271,1.12703,750000,750000
2020-03-12 12:53:04.204000,1.12709,1.12706,450000,750000
2020-03-12 12:53:04.305000,1.12708,1.12703,750000,190000
2020-03-12 12:53:04.356000,1.12709,1.12706,750000,190000
2020-03-12 12:53:04.457000,1.12711,1.12705,750000,190000
2020-03-12 12:53:04.559000,1.12711,1.12707,1500000,190000
2020-03-12 12:53:04.609000,1.12706,1.12701,750000,3000000
2020-03-12 12:53:04.660000,1.12704,1.12702,370000,190000
2020-03-12 12:53:04.762000,1.12706,1.12702,750000,190000
2020-03-12 12:53:04.863000,1.12709,1.12703,1500000,190000
2020-03-12 12:53:04.964000,1.12708,1.12703,450000,190000
2020-03-12 12:53:05.167000,1.12707,1.12703,370000,190000
2020-03-12 12:53:05.268000,1.12708,1.12702,450000,940000
2020-03-12 12:53:05.369000,1.12707,1.12702,370000,190000
2020-03-12 12:53:05.521000,1.12707,1.12703,450000,190000
2020-03-12 12:53:05.622000,1.12708,1.12702,450000,190000
2020-03-12 12:53:05.725000,1.12707,1.12701,1200000,190000
2020-03-12 12:53:05.776000,1.12702,1.127,130000,190000
2020-03-12 12:53:05.877000,1.12702,1.12697,130000,1800000
2020-03-12 12:53:06.080000,1.12704,1.12701,750000,750000
2020-03-12 12:53:06.181000,1.12705,1.12702,1950000,190000
2020-03-12 12:53:06.384000,1.12706,1.12702,2210000,750000
2020-03-12 12:53:06.485000,1.12707,1.12702,1500000,940000
2020-03-12 12:53:06.586000,1.12707,1.12703,1500000,750000
2020-03-12 12:53:06.637000,1.1271,1.12708,370000,750000
2020-03-12 12:53:06.688000,1.1271,1.12706,450000,190000
2020-03-12 12:53:06.790000,1.12712,1.12707,750000,190000
2020-03-12 12:53:06.840000,1.12713,1.12709,2700000,190000
2020-03-12 12:53:06.891000,1.12712,1.12705,1950000,190000
2020-03-12 12:53:06.942000,1.1271,1.12705,750000,190000
2020-03-12 12:53:07.044000,1.1271,1.12706,750000,190000
2020-03-12 12:53:07.145000,1.12712,1.12708,750000,190000
2020-03-12 12:53:07.196000,1.12715,1.12712,1500000,750000
2020-03-12 12:53:07.247000,1.12717,1.12715,750000,190000
2020-03-12 12:53:07.298000,1.12719,1.12716,370000,750000
2020-03-12 12:53:07.399000,1.12719,1.12714,2250000,190000
2020-03-12 12:53:07.451000,1.12717,1.12713,750000,750000
2020-03-12 12:53:07.552000,1.12717,1.12712,1500000,750000
2020-03-12 12:53:07.654000,1.12716,1.12712,750000,750000
2020-03-12 12:53:07.755000,1.12716,1.1271,750000,190000
2020-03-12 12:53:07.857000,1.12715,1.1271,1200000,190000
2020-03-12 12:53:07.958000,1.12714,1.12708,450000,190000
2020-03-12 12:53:08.059000,1.12713,1.12707,1200000,490000
2020-03-12 12:53:08.110000,1.12716,1.12708,3000000,1500000
2020-03-12 12:53:08.212000,1.12716,1.1271,750000,190000
2020-03-12 12:53:08.313000,1.12717,1.12712,750000,750000
2020-03-12 12:53:08.415000,1.12718,1.12712,1570000,190000
2020-03-12 12:53:08.517000,1.12716,1.12711,450000,750000
2020-03-12 12:53:08.619000,1.12718,1.12711,1120000,190000
2020-03-12 12:53:08.721000,1.12717,1.12711,1120000,190000
2020-03-12 12:53:08.772000,1.12715,1.12709,1500000,190000
2020-03-12 12:53:08.925000,1.12717,1.1271,1120000,190000
2020-03-12 12:53:09.331000,1.12717,1.12713,750000,750000
2020-03-12 12:53:09.892000,1.12715,1.12711,750000,940000
2020-03-12 12:53:09.994000,1.12715,1.12712,750000,300000
2020-03-12 12:53:10.045000,1.12714,1.12707,750000,490000
2020-03-12 12:53:10.096000,1.12717,1.1271,750000,750000
2020-03-12 12:53:10.197000,1.12711,1.12707,750000,490000
2020-03-12 12:53:10.248000,1.12713,1.12708,1460000,940000
2020-03-12 12:53:10.350000,1.1271,1.12708,940000,190000
2020-03-12 12:53:10.451000,1.12712,1.12708,750000,750000
2020-03-12 12:53:10.553000,1.12712,1.12707,750000,490000
2020-03-12 12:53:10.654000,1.12711,1.12707,940000,490000
2020-03-12 12:53:10.806000,1.12711,1.12708,750000,300000
2020-03-12 12:53:10.857000,1.12709,1.12707,1500000,300000
2020-03-12 12:53:10.908000,1.12711,1.12706,1120000,940000
2020-03-12 12:53:10.959000,1.12708,1.12706,750000,750000
2020-03-12 12:53:11.010000,1.12708,1.12704,940000,190000
2020-03-12 12:53:11.112000,1.12708,1.12703,940000,940000
2020-03-12 12:53:11.214000,1.12704,1.12699,1500000,750000
2020-03-12 12:53:11.264000,1.12703,1.12697,750000,2550000
2020-03-12 12:53:11.315000,1.12703,1.12699,940000,190000
2020-03-12 12:53:11.366000,1.12703,1.12697,940000,490000
2020-03-12 12:53:11.417000,1.12706,1.12698,750000,190000
2020-03-12 12:53:11.468000,1.12702,1.12697,940000,1050000
2020-03-12 12:53:11.569000,1.12701,1.12697,750000,300000
2020-03-12 12:53:11.620000,1.12699,1.12693,750000,750000
2020-03-12 12:53:11.722000,1.12702,1.12696,750000,190000
2020-03-12 12:53:11.772000,1.12701,1.12694,750000,750000
2020-03-12 12:53:11.823000,1.12701,1.12699,750000,100000
2020-03-12 12:53:11.924000,1.12701,1.12696,1500000,750000
2020-03-12 12:53:11.975000,1.12699,1.12696,750000,750000
2020-03-12 12:53:12.077000,1.12699,1.12694,750000,190000
2020-03-12 12:53:12.128000,1.12698,1.12692,750000,300000
2020-03-12 12:53:12.280000,1.12692,1.12689,750000,300000
2020-03-12 12:53:12.330000,1.12691,1.12684,750000,370000
2020-03-12 12:53:12.431000,1.12685,1.12682,750000,450000
2020-03-12 12:53:12.482000,1.12687,1.12682,750000,450000
2020-03-12 12:53:12.533000,1.12688,1.12679,750000,370000
2020-03-12 12:53:12.584000,1.12688,1.12682,750000,750000
2020-03-12 12:53:12.635000,1.12688,1.1268,750000,370000
2020-03-12 12:53:12.686000,1.12692,1.1268,750000,1120000
2020-03-12 12:53:12.737000,1.1269,1.1268,750000,1500000
2020-03-12 12:53:12.838000,1.1269,1.12679,750000,190000
2020-03-12 12:53:12.939000,1.12687,1.12677,100000,1240000
2020-03-12 12:53:13.040000,1.12681,1.12678,750000,300000
2020-03-12 12:53:13.142000,1.12682,1.12679,750000,190000
2020-03-12 12:53:13.243000,1.12684,1.12677,750000,490000
2020-03-12 12:53:13.294000,1.12689,1.12686,1120000,190000
2020-03-12 12:53:13.345000,1.12686,1.12682,750000,450000
2020-03-12 12:53:13.396000,1.12688,1.12682,750000,450000
2020-03-12 12:53:13.497000,1.12686,1.12682,750000,1120000
2020-03-12 12:53:13.548000,1.12688,1.12682,750000,450000
2020-03-12 12:53:13.700000,1.12689,1.12682,1870000,450000
2020-03-12 12:53:13.802000,1.1269,1.12683,750000,750000
2020-03-12 12:53:13.903000,1.12689,1.12682,750000,450000
2020-03-12 12:53:14.056000,1.12688,1.12681,1120000,450000
2020-03-12 12:53:14.157000,1.12686,1.12676,1120000,2740000
2020-03-12 12:53:14.309000,1.12685,1.12676,2620000,300000
2020-03-12 12:53:14.410000,1.12684,1.12676,190000,1050000
2020-03-12 12:53:14.664000,1.12685,1.12678,820000,190000
2020-03-12 12:53:14.765000,1.12684,1.12676,190000,300000
2020-03-12 12:53:14.867000,1.12682,1.12676,190000,300000
2020-03-12 12:53:14.968000,1.12684,1.12677,100000,190000
2020-03-12 12:53:15.069000,1.12686,1.12677,1760000,190000
2020-03-12 12:53:15.171000,1.12686,1.12678,750000,190000
2020-03-12 12:53:15.272000,1.12686,1.12679,820000,190000
2020-03-12 12:53:15.323000,1.12686,1.12681,750000,190000
2020-03-12 12:53:15.424000,1.12687,1.12681,750000,190000
2020-03-12 12:53:15.526000,1.1269,1.12687,190000,150000
2020-03-12 12:53:15.627000,1.12697,1.12691,3220000,900000
2020-03-12 12:53:15.781000,1.12698,1.12695,1160000,750000
2020-03-12 12:53:15.832000,1.12704,1.12701,750000,1500000
2020-03-12 12:53:15.883000,1.12708,1.12705,370000,750000
2020-03-12 12:53:15.935000,1.12708,1.12701,750000,940000
2020-03-12 12:53:16.037000,1.12709,1.12705,750000,300000
2020-03-12 12:53:16.140000,1.127,1.12696,750000,450000
2020-03-12 12:53:16.191000,1.12708,1.12696,1120000,640000
2020-03-12 12:53:16.242000,1.12707,1.12701,750000,300000
2020-03-12 12:53:16.445000,1.12708,1.12701,1500000,300000
2020-03-12 12:53:16.546000,1.12709,1.12705,750000,300000
2020-03-12 12:53:16.647000,1.12709,1.12702,750000,300000
2020-03-12 12:53:16.698000,1.12711,1.12702,2250000,1050000
2020-03-12 12:53:16.799000,1.12708,1.12702,1500000,300000
2020-03-12 12:53:16.850000,1.12704,1.12694,750000,370000
2020-03-12 12:53:16.951000,1.12706,1.12694,1500000,370000
2020-03-12 12:53:17.052000,1.12706,1.12693,1500000,1120000
2020-03-12 12:53:17.103000,1.12704,1.12693,750000,1120000
2020-03-12 12:53:17.204000,1.12705,1.12693,750000,1120000
2020-03-12 12:53:17.508000,1.12705,1.12694,750000,370000
2020-03-12 12:53:17.710000,1.12703,1.12693,750000,750000
2020-03-12 12:53:17.811000,1.12701,1.12696,1500000,190000
2020-03-12 12:53:17.862000,1.12699,1.12692,750000,940000
2020-03-12 12:53:17.963000,1.12699,1.12695,750000,190000
2020-03-12 12:53:18.140000,1.12695,1.12692,750000,750000
2020-03-12 12:53:18.191000,1.12698,1.12692,1500000,190000
2020-03-12 12:53:18.242000,1.12695,1.12687,750000,150000
2020-03-12 12:53:18.293000,1.12693,1.12687,1500000,150000
2020-03-12 12:53:18.344000,1.12693,1.12684,1500000,370000
2020-03-12 12:53:18.394000,1.12691,1.12684,750000,370000
2020-03-12 12:53:18.697000,1.12689,1.12683,940000,900000
2020-03-12 12:53:18.799000,1.12685,1.12683,750000,750000
2020-03-12 12:53:18.850000,1.12685,1.12679,750000,150000
2020-03-12 12:53:18.951000,1.12687,1.12679,750000,900000
2020-03-12 12:53:19.052000,1.12685,1.12681,750000,300000
2020-03-12 12:53:19.204000,1.12682,1.12678,7570000,300000
2020-03-12 12:53:19.254000,1.12679,1.12672,1500000,100000
2020-03-12 12:53:19.305000,1.12681,1.12676,2250000,750000
2020-03-12 12:53:19.356000,1.1268,1.12672,750000,260000
2020-03-12 12:53:19.558000,1.1268,1.12671,1760000,190000
2020-03-12 12:53:19.659000,1.1268,1.12672,1570000,190000
2020-03-12 12:53:19.761000,1.1268,1.12677,750000,750000
2020-03-12 12:53:19.811000,1.12681,1.12672,1500000,940000
2020-03-12 12:53:19.862000,1.12678,1.12672,750000,940000
2020-03-12 12:53:19.963000,1.12678,1.12673,940000,750000
2020-03-12 12:53:20.014000,1.12683,1.12677,1500000,1500000
2020-03-12 12:53:20.065000,1.1268,1.12671,750000,1500000
2020-03-12 12:53:20.116000,1.12678,1.12671,750000,750000
2020-03-12 12:53:20.218000,1.12682,1.12671,710000,1050000
2020-03-12 12:53:20.319000,1.12682,1.12676,750000,750000
2020-03-12 12:53:20.370000,1.12684,1.12676,750000,190000
2020-03-12 12:53:21.103000,1.12684,1.12678,750000,750000
2020-03-12 12:53:21.153000,1.12684,1.12676,750000,450000
2020-03-12 12:53:21.406000,1.12685,1.12676,2960000,1120000
2020-03-12 12:53:21.507000,1.12683,1.12676,750000,2770000
2020-03-12 12:53:21.722000,1.12684,1.12676,1500000,2250000
2020-03-12 12:53:21.977000,1.12684,1.12681,750000,300000
2020-03-12 12:53:22.078000,1.12685,1.12681,750000,300000
2020-03-12 12:53:23.255000,1.12688,1.12681,1460000,900000
2020-03-12 12:53:23.306000,1.12692,1.12682,750000,190000
2020-03-12 12:53:23.407000,1.12689,1.1268,750000,190000
2020-03-12 12:53:23.508000,1.12691,1.12686,940000,1500000
2020-03-12 12:53:23.609000,1.1269,1.12686,940000,1500000
2020-03-12 12:53:23.711000,1.12691,1.12686,940000,1500000
2020-03-12 12:53:23.973000,1.12692,1.12686,3340000,1500000
2020-03-12 12:53:24.074000,1.12691,1.12687,750000,300000
2020-03-12 12:53:24.125000,1.12689,1.12679,750000,750000
2020-03-12 12:53:24.176000,1.12689,1.12685,1500000,1500000
2020-03-12 12:53:24.226000,1.12689,1.12679,1500000,940000
2020-03-12 12:53:24.328000,1.1269,1.1268,750000,190000
2020-03-12 12:53:24.379000,1.12692,1.1268,3000000,940000
2020-03-12 12:53:24.429000,1.12685,1.12676,750000,750000
2020-03-12 12:53:24.531000,1.12683,1.12676,750000,750000
2020-03-12 12:53:24.582000,1.12684,1.12673,3000000,1120000
2020-03-12 12:53:24.633000,1.12684,1.12679,750000,750000
2020-03-12 12:53:24.735000,1.12681,1.12671,1500000,2250000
2020-03-12 12:53:24.785000,1.1268,1.12676,750000,300000
2020-03-12 12:53:24.937000,1.12678,1.12675,940000,300000
2020-03-12 12:53:25.089000,1.12678,1.12673,190000,750000
2020-03-12 12:53:25.140000,1.12681,1.12673,1500000,190000
2020-03-12 12:53:25.191000,1.12679,1.12672,1500000,750000
2020-03-12 12:53:25.293000,1.12677,1.12671,750000,300000
2020-03-12 12:53:25.344000,1.12679,1.12672,750000,1500000
2020-03-12 12:53:25.447000,1.12678,1.12672,900000,750000
2020-03-12 12:53:25.498000,1.12676,1.12672,750000,370000
2020-03-12 12:53:25.549000,1.12679,1.12672,750000,370000
2020-03-12 12:53:25.600000,1.12677,1.12671,1500000,940000
2020-03-12 12:53:25.701000,1.12679,1.12673,750000,190000
2020-03-12 12:53:25.853000,1.12678,1.12672,190000,750000
2020-03-12 12:53:25.954000,1.12678,1.12671,190000,750000
2020-03-12 12:53:26.055000,1.12679,1.12672,750000,190000
2020-03-12 12:53:26.156000,1.1268,1.12674,750000,190000
2020-03-12 12:53:26.429000,1.12681,1.12675,750000,940000
2020-03-12 12:53:26.530000,1.1268,1.12674,940000,190000
2020-03-12 12:53:26.581000,1.1268,1.12676,940000,940000
2020-03-12 12:53:26.682000,1.1268,1.12675,1500000,190000
2020-03-12 12:53:26.784000,1.1268,1.12676,750000,1500000
2020-03-12 12:53:26.935000,1.12682,1.12676,2440000,1500000
2020-03-12 12:53:27.090000,1.12683,1.12676,7350000,1690000
2020-03-12 12:53:27.140000,1.12683,1.12679,3340000,750000
2020-03-12 12:53:27.242000,1.12686,1.12681,870000,2250000
2020-03-12 12:53:27.292000,1.12686,1.12681,750000,2250000
2020-03-12 12:53:27.444000,1.12687,1.12681,100000,2250000
2020-03-12 12:53:27.495000,1.12689,1.12683,750000,370000
2020-03-12 12:53:27.596000,1.12696,1.12691,1500000,750000
2020-03-12 12:53:27.748000,1.12698,1.12693,750000,750000
2020-03-12 12:53:27.849000,1.12699,1.12696,750000,640000
2020-03-12 12:53:27.950000,1.127,1.12696,1500000,750000
2020-03-12 12:53:28.001000,1.12702,1.12696,940000,1120000
2020-03-12 12:53:28.052000,1.12701,1.12696,940000,1120000
2020-03-12 12:53:28.153000,1.12701,1.12698,750000,150000
2020-03-12 12:53:28.204000,1.12701,1.12693,1500000,150000
2020-03-12 12:53:28.306000,1.12702,1.12692,1500000,190000
2020-03-12 12:53:28.407000,1.12702,1.12691,1500000,940000
2020-03-12 12:53:28.457000,1.12702,1.12697,750000,750000
2020-03-12 12:53:28.559000,1.12701,1.12696,750000,450000
2020-03-12 12:53:28.811000,1.12701,1.12695,2250000,450000
2020-03-12 12:53:28.912000,1.12701,1.12696,750000,450000
2020-03-12 12:53:29.065000,1.127,1.12695,2060000,450000
2020-03-12 12:53:29.116000,1.127,1.12691,750000,1650000
2020-03-12 12:53:29.217000,1.12698,1.12691,750000,750000
2020-03-12 12:53:29.419000,1.127,1.12696,750000,450000
2020-03-12 12:53:29.521000,1.12702,1.12696,1500000,450000
2020-03-12 12:53:29.622000,1.12694,1.1269,190000,300000
2020-03-12 12:53:29.724000,1.12688,1.12686,750000,300000
2020-03-12 12:53:29.775000,1.12683,1.12678,1500000,750000
2020-03-12 12:53:29.876000,1.1268,1.12676,190000,750000
2020-03-12 12:53:29.926000,1.12679,1.12674,750000,750000
2020-03-12 12:53:29.977000,1.1268,1.12671,750000,670000
2020-03-12 12:53:30.129000,1.12682,1.12673,750000,1120000
2020-03-12 12:53:30.230000,1.12686,1.12681,1500000,300000
2020-03-12 12:53:30.332000,1.12686,1.12676,1500000,2440000
2020-03-12 12:53:30.382000,1.12684,1.12676,750000,2250000
2020-03-12 12:53:30.483000,1.12683,1.12676,750000,1120000
2020-03-12 12:53:30.635000,1.12682,1.12676,750000,1120000
2020-03-12 12:53:30.787000,1.12682,1.12677,750000,750000
2020-03-12 12:53:30.888000,1.12682,1.12676,750000,1120000
2020-03-12 12:53:30.989000,1.12685,1.12681,750000,750000
2020-03-12 12:53:31.040000,1.12687,1.12682,370000,750000
2020-03-12 12:53:31.091000,1.12687,1.12685,370000,750000
2020-03-12 12:53:31.141000,1.12692,1.1268,1500000,1120000
2020-03-12 12:53:31.192000,1.12695,1.12682,1500000,560000
2020-03-12 12:53:31.243000,1.12692,1.12681,750000,750000
2020-03-12 12:53:31.344000,1.1269,1.12681,750000,750000
2020-03-12 12:53:31.446000,1.12693,1.1268,2250000,940000
2020-03-12 12:53:31.496000,1.12693,1.12682,2440000,750000
2020-03-12 12:53:31.598000,1.12688,1.12676,190000,1120000
2020-03-12 12:53:31.699000,1.12689,1.12681,750000,300000
2020-03-12 12:53:31.850000,1.12691,1.12681,1500000,300000
2020-03-12 12:53:31.952000,1.12691,1.12681,1500000,300000
2020-03-12 12:53:32.118000,1.1269,1.12681,1500000,300000
2020-03-12 12:53:32.453000,1.1269,1.1268,1500000,300000
2020-03-12 12:53:32.608000,1.1269,1.1268,1500000,300000
2020-03-12 12:53:32.709000,1.12688,1.1268,1690000,300000
2020-03-12 12:53:32.760000,1.12688,1.1268,750000,300000
2020-03-12 12:53:32.912000,1.12688,1.12681,750000,750000
2020-03-12 12:53:33.013000,1.12691,1.12685,2210000,750000
2020-03-12 12:53:33.114000,1.12692,1.12685,750000,300000
2020-03-12 12:53:33.165000,1.12692,1.1269,750000,640000
2020-03-12 12:53:33.267000,1.12692,1.12685,3000000,750000
2020-03-12 12:53:33.469000,1.12692,1.12685,1500000,750000
2020-03-12 12:53:33.673000,1.1269,1.12685,190000,300000
2020-03-12 12:53:33.775000,1.1269,1.1268,4690000,300000
2020-03-12 12:53:33.877000,1.12689,1.1268,190000,300000
2020-03-12 12:53:33.979000,1.12688,1.12683,940000,300000
2020-03-12 12:53:34.080000,1.12688,1.1268,1500000,300000
2020-03-12 12:53:34.181000,1.12688,1.1268,750000,300000
2020-03-12 12:53:34.585000,1.12688,1.1268,3190000,300000
2020-03-12 12:53:34.686000,1.12686,1.1268,1310000,300000
2020-03-12 12:53:34.788000,1.12686,1.12676,1690000,750000
2020-03-12 12:53:35.040000,1.12685,1.12676,2250000,750000
2020-03-12 12:53:35.141000,1.12684,1.12677,2250000,750000
2020-03-12 12:53:35.293000,1.12681,1.12676,750000,1500000
2020-03-12 12:53:35.394000,1.12682,1.12676,1500000,750000
2020-03-12 12:53:35.697000,1.12681,1.12676,2250000,750000
2020-03-12 12:53:35.799000,1.12676,1.12673,1690000,750000
2020-03-12 12:53:35.900000,1.12674,1.12666,190000,750000
2020-03-12 12:53:35.951000,1.12668,1.12665,750000,370000
2020-03-12 12:53:36.052000,1.12663,1.12652,750000,190000
2020-03-12 12:53:36.103000,1.12661,1.12656,750000,1500000
2020-03-12 12:53:36.154000,1.12661,1.12654,1500000,750000
2020-03-12 12:53:36.255000,1.12663,1.12656,750000,370000
2020-03-12 12:53:36.356000,1.12661,1.12655,750000,300000
2020-03-12 12:53:36.458000,1.12662,1.12652,940000,750000
2020-03-12 12:53:36.508000,1.12656,1.12651,750000,750000
2020-03-12 12:53:36.610000,1.12657,1.12653,1170000,750000
2020-03-12 12:53:36.661000,1.12665,1.12655,750000,300000
2020-03-12 12:53:36.712000,1.12662,1.12655,750000,300000
2020-03-12 12:53:36.814000,1.12666,1.12658,750000,750000
2020-03-12 12:53:36.865000,1.12664,1.1266,750000,1200000
2020-03-12 12:53:37.069000,1.12665,1.12659,3000000,750000
2020-03-12 12:53:37.171000,1.12666,1.1266,750000,750000
2020-03-12 12:53:37.221000,1.12665,1.12655,1500000,1200000
2020-03-12 12:53:37.323000,1.12667,1.12662,1500000,750000
2020-03-12 12:53:37.424000,1.12669,1.12664,3750000,300000
2020-03-12 12:53:37.475000,1.12669,1.1266,750000,750000
2020-03-12 12:53:37.678000,1.12667,1.1266,750000,750000
2020-03-12 12:53:37.779000,1.12665,1.1266,750000,190000
2020-03-12 12:53:37.830000,1.12665,1.12658,750000,190000
2020-03-12 12:53:37.931000,1.12666,1.12658,2250000,190000
2020-03-12 12:53:38.032000,1.12665,1.12661,750000,750000
2020-03-12 12:53:38.134000,1.12664,1.1266,1500000,300000
2020-03-12 12:53:38.185000,1.12664,1.12655,1500000,3000000
2020-03-12 12:53:38.286000,1.12663,1.12659,1500000,300000
2020-03-12 12:53:38.387000,1.12661,1.1266,750000,750000
2020-03-12 12:53:38.489000,1.12663,1.12661,750000,750000
2020-03-12 12:53:38.590000,1.12652,1.12645,3000000,3000000
2020-03-12 12:53:38.641000,1.12646,1.12642,750000,2250000
2020-03-12 12:53:38.692000,1.12639,1.12637,1120000,940000
2020-03-12 12:53:38.793000,1.12639,1.12635,750000,450000
2020-03-12 12:53:38.844000,1.12636,1.12634,750000,450000
2020-03-12 12:53:38.894000,1.12639,1.12634,750000,450000
2020-03-12 12:53:38.945000,1.12634,1.12622,750000,1950000
2020-03-12 12:53:38.996000,1.12634,1.12629,750000,300000
2020-03-12 12:53:39.047000,1.12639,1.12631,1500000,750000
2020-03-12 12:53:39.097000,1.12636,1.1263,1500000,300000
2020-03-12 12:53:39.148000,1.12638,1.1263,750000,300000
2020-03-12 12:53:39.199000,1.12638,1.12635,750000,450000
2020-03-12 12:53:39.301000,1.12634,1.12627,750000,750000
2020-03-12 12:53:39.402000,1.12636,1.1263,370000,750000
2020-03-12 12:53:39.503000,1.12636,1.12625,750000,940000
2020-03-12 12:53:39.554000,1.12636,1.12627,1500000,190000
2020-03-12 12:53:39.655000,1.12637,1.12627,1120000,940000
2020-03-12 12:53:39.756000,1.12632,1.12626,1500000,190000
2020-03-12 12:53:39.857000,1.12633,1.12624,420000,750000
2020-03-12 12:53:39.908000,1.12634,1.12625,1120000,750000
2020-03-12 12:53:40.010000,1.12633,1.12625,1500000,750000
2020-03-12 12:53:40.061000,1.12631,1.12625,750000,750000
2020-03-12 12:53:40.162000,1.1263,1.12625,750000,750000
2020-03-12 12:53:40.212000,1.12636,1.12627,1120000,1500000
2020-03-12 12:53:40.314000,1.12634,1.1263,750000,1120000
2020-03-12 12:53:40.364000,1.12636,1.1263,1870000,1120000
2020-03-12 12:53:40.466000,1.12635,1.1263,750000,1120000
2020-03-12 12:53:40.567000,1.12636,1.12634,750000,750000
2020-03-12 12:53:40.618000,1.1264,1.1263,2590000,1310000
2020-03-12 12:53:40.719000,1.1264,1.12635,4840000,300000
2020-03-12 12:53:40.820000,1.12638,1.12634,750000,300000
2020-03-12 12:53:40.922000,1.12639,1.12635,750000,1050000
2020-03-12 12:53:41.024000,1.12641,1.12635,1870000,1120000
2020-03-12 12:53:41.075000,1.12638,1.12634,750000,1120000
2020-03-12 12:53:41.126000,1.12639,1.12631,750000,750000
2020-03-12 12:53:41.177000,1.12639,1.12633,750000,750000
2020-03-12 12:53:41.228000,1.12639,1.1263,1500000,750000
2020-03-12 12:53:41.279000,1.12637,1.12629,2620000,750000
2020-03-12 12:53:41.330000,1.12636,1.12625,1120000,2250000
2020-03-12 12:53:41.381000,1.12636,1.12627,1120000,750000
2020-03-12 12:53:41.482000,1.12638,1.12627,1120000,750000
2020-03-12 12:53:41.584000,1.12637,1.12627,370000,750000
2020-03-12 12:53:41.686000,1.12638,1.1263,1500000,450000
2020-03-12 12:53:41.787000,1.12638,1.1263,2250000,450000
2020-03-12 12:53:41.888000,1.12638,1.1263,3000000,450000
2020-03-12 12:53:42.141000,1.12641,1.12632,2960000,190000
2020-03-12 12:53:42.192000,1.12641,1.12635,750000,750000
2020-03-12 12:53:42.293000,1.12642,1.12638,2250000,300000
2020-03-12 12:53:42.394000,1.12642,1.12635,750000,750000
2020-03-12 12:53:42.495000,1.12641,1.12632,750000,190000
2020-03-12 12:53:42.597000,1.12644,1.12636,1460000,750000
2020-03-12 12:53:42.698000,1.12643,1.12639,750000,450000
2020-03-12 12:53:42.749000,1.12643,1.12639,750000,450000
2020-03-12 12:53:42.851000,1.12645,1.12638,450000,190000
2020-03-12 12:53:42.901000,1.12642,1.12635,370000,190000
2020-03-12 12:53:43.003000,1.12645,1.12639,190000,300000
2020-03-12 12:53:43.154000,1.12646,1.12639,2810000,300000
2020-03-12 12:53:43.255000,1.12646,1.12639,2810000,300000
2020-03-12 12:53:43.356000,1.12645,1.12639,750000,300000
2020-03-12 12:53:43.407000,1.12646,1.12639,2440000,300000
2020-03-12 12:53:43.508000,1.12648,1.12641,750000,750000
2020-03-12 12:53:43.559000,1.12654,1.12646,750000,1500000
2020-03-12 12:53:43.610000,1.12652,1.12645,750000,750000
2020-03-12 12:53:43.711000,1.12652,1.1264,2250000,1500000
2020-03-12 12:53:43.812000,1.1265,1.12644,750000,940000
2020-03-12 12:53:43.914000,1.1265,1.12641,750000,750000
2020-03-12 12:53:44.015000,1.1265,1.1264,750000,750000
2020-03-12 12:53:44.116000,1.12651,1.1264,750000,190000
2020-03-12 12:53:44.218000,1.12648,1.12642,1500000,750000
2020-03-12 12:53:44.319000,1.12647,1.12642,1500000,750000
2020-03-12 12:53:44.420000,1.12642,1.12634,750000,450000
2020-03-12 12:53:44.521000,1.12642,1.12634,4120000,450000
2020-03-12 12:53:44.572000,1.12636,1.12632,750000,450000
2020-03-12 12:53:44.623000,1.12636,1.12629,1870000,750000
2020-03-12 12:53:44.926000,1.12636,1.12634,750000,1500000
2020-03-12 12:53:44.977000,1.12636,1.12629,750000,2550000
2020-03-12 12:53:45.028000,1.12641,1.12637,750000,750000
2020-03-12 12:53:45.230000,1.12641,1.12631,750000,750000
2020-03-12 12:53:45.331000,1.12641,1.1263,1500000,940000
2020-03-12 12:53:45.433000,1.12642,1.1263,2250000,940000
2020-03-12 12:53:45.534000,1.12641,1.1263,750000,1690000
2020-03-12 12:53:45.635000,1.12642,1.1263,1500000,1690000
2020-03-12 12:53:45.736000,1.12642,1.12635,750000,750000
2020-03-12 12:53:45.786000,1.12644,1.12633,1500000,940000
2020-03-12 12:53:45.837000,1.12645,1.12639,750000,300000
2020-03-12 12:53:45.938000,1.1264,1.12632,750000,1500000
2020-03-12 12:53:45.989000,1.1264,1.12636,750000,750000
2020-03-12 12:53:46.090000,1.12643,1.12638,750000,370000
2020-03-12 12:53:46.141000,1.12643,1.12634,750000,1200000
2020-03-12 12:53:46.192000,1.12639,1.12634,750000,450000
2020-03-12 12:53:46.243000,1.12641,1.12631,750000,750000
2020-03-12 12:53:46.344000,1.12641,1.12632,750000,750000
2020-03-12 12:53:46.445000,1.1264,1.12632,750000,750000
2020-03-12 12:53:46.546000,1.12641,1.12632,750000,750000
2020-03-12 12:53:46.799000,1.1264,1.12632,750000,100000
2020-03-12 12:53:46.900000,1.12639,1.12629,750000,1050000
2020-03-12 12:53:46.951000,1.12635,1.12629,750000,300000
2020-03-12 12:53:47.052000,1.12634,1.12629,750000,300000
2020-03-12 12:53:47.205000,1.12637,1.12629,750000,300000
2020-03-12 12:53:47.458000,1.12638,1.12629,750000,750000
2020-03-12 12:53:47.509000,1.12637,1.12634,750000,750000
2020-03-12 12:53:47.610000,1.12645,1.12644,750000,1500000
2020-03-12 12:53:47.661000,1.12646,1.12643,370000,1010000
2020-03-12 12:53:47.762000,1.12644,1.12636,750000,560000
2020-03-12 12:53:47.813000,1.12645,1.12639,750000,450000
2020-03-12 12:53:47.914000,1.12644,1.12639,750000,450000
2020-03-12 12:53:48.015000,1.12643,1.12639,750000,450000
2020-03-12 12:53:48.066000,1.12645,1.12639,750000,450000
2020-03-12 12:53:48.117000,1.12646,1.12644,750000,300000
2020-03-12 12:53:48.218000,1.12645,1.12641,750000,150000
2020-03-12 12:53:48.269000,1.12647,1.12642,750000,150000
2020-03-12 12:53:48.320000,1.12641,1.12634,750000,190000
2020-03-12 12:53:48.371000,1.12643,1.12636,750000,190000
2020-03-12 12:53:48.474000,1.12644,1.12635,750000,190000
2020-03-12 12:53:48.575000,1.12645,1.12639,750000,1500000
2020-03-12 12:53:48.626000,1.12642,1.12635,750000,940000
2020-03-12 12:53:48.727000,1.12643,1.12635,750000,940000
2020-03-12 12:53:48.828000,1.1264,1.12634,750000,190000
2020-03-12 12:53:48.879000,1.12645,1.12643,750000,750000
2020-03-12 12:53:48.930000,1.12646,1.12639,750000,640000
2020-03-12 12:53:48.981000,1.12646,1.12642,750000,1500000
2020-03-12 12:53:49.032000,1.12647,1.12637,1120000,190000
2020-03-12 12:53:49.082000,1.12645,1.12639,370000,750000
2020-03-12 12:53:49.184000,1.12646,1.12642,750000,300000
2020-03-12 12:53:49.235000,1.12645,1.12638,750000,750000
2020-03-12 12:53:49.286000,1.12645,1.12636,750000,190000
2020-03-12 12:53:49.338000,1.12644,1.12641,750000,750000
2020-03-12 12:53:49.389000,1.12644,1.12637,750000,190000
2020-03-12 12:53:49.491000,1.12645,1.12637,750000,190000
2020-03-12 12:53:49.594000,1.12644,1.12641,750000,750000
2020-03-12 12:53:49.645000,1.12649,1.12641,370000,1500000
2020-03-12 12:53:49.747000,1.12648,1.12643,1120000,1500000
2020-03-12 12:53:49.849000,1.12649,1.12643,750000,100000
2020-03-12 12:53:49.900000,1.12648,1.12639,750000,190000
2020-03-12 12:53:49.951000,1.12649,1.12643,1500000,1050000
2020-03-12 12:53:50.053000,1.12648,1.12643,750000,750000
2020-03-12 12:53:50.307000,1.1265,1.12643,750000,750000
2020-03-12 12:53:50.358000,1.12647,1.12643,750000,750000
2020-03-12 12:53:50.964000,1.12643,1.12638,750000,300000
2020-03-12 12:53:51.065000,1.12642,1.12636,750000,190000
2020-03-12 12:53:51.166000,1.12646,1.12638,750000,750000
2020-03-12 12:53:51.268000,1.12647,1.12639,750000,940000
2020-03-12 12:53:51.369000,1.12643,1.12642,750000,750000
2020-03-12 12:53:51.470000,1.12646,1.12638,1500000,750000
2020-03-12 12:53:51.773000,1.12645,1.12638,750000,750000
2020-03-12 12:53:51.874000,1.12642,1.12638,750000,300000
2020-03-12 12:53:51.976000,1.12641,1.12637,750000,300000
2020-03-12 12:53:52.078000,1.12642,1.12638,750000,750000
2020-03-12 12:53:52.230000,1.12642,1.12639,750000,750000
2020-03-12 12:53:52.332000,1.12643,1.12638,750000,750000
2020-03-12 12:53:52.383000,1.12646,1.12638,750000,750000
2020-03-12 12:53:52.435000,1.12648,1.12643,750000,750000
2020-03-12 12:53:52.638000,1.12649,1.12643,2250000,750000
2020-03-12 12:53:52.942000,1.1265,1.12643,750000,750000
2020-03-12 12:53:53.043000,1.12649,1.12643,750000,750000
2020-03-12 12:53:53.245000,1.12648,1.12643,750000,750000
2020-03-12 12:53:53.666000,1.12649,1.12643,2250000,750000
2020-03-12 12:53:53.919000,1.1265,1.12645,750000,1500000
2020-03-12 12:53:54.020000,1.1265,1.12647,750000,1120000
2020-03-12 12:53:54.300000,1.12651,1.12647,1460000,450000
2020-03-12 12:53:54.351000,1.1265,1.12644,750000,750000
2020-03-12 12:53:54.452000,1.1265,1.12643,1500000,750000
2020-03-12 12:53:54.676000,1.12644,1.12641,370000,1120000
2020-03-12 12:53:54.778000,1.12638,1.12634,1500000,750000
2020-03-12 12:53:54.829000,1.12636,1.12634,750000,750000
2020-03-12 12:53:54.930000,1.12635,1.12633,750000,370000
2020-03-12 12:53:54.981000,1.12635,1.1263,750000,750000
2020-03-12 12:53:55.082000,1.12636,1.12629,750000,750000
2020-03-12 12:53:55.183000,1.12635,1.12629,750000,750000
2020-03-12 12:53:55.335000,1.12636,1.12629,750000,750000
2020-03-12 12:53:55.487000,1.12637,1.12629,750000,750000
2020-03-12 12:53:55.588000,1.12637,1.1263,750000,750000
2020-03-12 12:53:55.690000,1.12635,1.1263,750000,750000
2020-03-12 12:53:55.742000,1.12635,1.12627,750000,750000
2020-03-12 12:53:55.844000,1.12635,1.1263,750000,750000
2020-03-12 12:53:55.996000,1.12636,1.1263,1500000,750000
2020-03-12 12:53:56.097000,1.12637,1.12631,750000,750000
2020-03-12 12:53:56.198000,1.12636,1.12629,940000,750000
2020-03-12 12:53:56.401000,1.12636,1.12628,940000,820000
2020-03-12 12:53:56.704000,1.12633,1.12628,750000,450000
2020-03-12 12:53:56.805000,1.12633,1.12627,750000,450000
2020-03-12 12:53:56.856000,1.12635,1.12628,750000,450000
2020-03-12 12:53:56.907000,1.12636,1.1263,750000,750000
2020-03-12 12:53:57.059000,1.12635,1.1263,750000,750000
2020-03-12 12:53:57.161000,1.12637,1.12629,750000,750000
2020-03-12 12:53:57.212000,1.12634,1.12629,750000,750000
2020-03-12 12:53:57.313000,1.12634,1.1263,750000,750000
2020-03-12 12:53:57.586000,1.12634,1.12629,750000,750000
2020-03-12 12:53:58.214000,1.12633,1.12627,750000,1200000
2020-03-12 12:53:58.315000,1.12633,1.1263,750000,750000
2020-03-12 12:53:58.366000,1.12635,1.1263,1500000,750000
2020-03-12 12:53:58.417000,1.12634,1.12628,750000,750000
2020-03-12 12:53:58.568000,1.12635,1.12629,1500000,750000
2020-03-12 12:53:59.073000,1.12635,1.1263,750000,750000
2020-03-12 12:53:59.124000,1.12635,1.12627,750000,450000
2020-03-12 12:53:59.225000,1.12635,1.12628,750000,100000
2020-03-12 12:53:59.377000,1.12637,1.12629,1120000,750000
2020-03-12 12:53:59.428000,1.12637,1.12626,750000,940000
2020-03-12 12:53:59.479000,1.12638,1.12628,710000,2440000
2020-03-12 12:53:59.580000,1.12632,1.12628,750000,750000
2020-03-12 12:53:59.682000,1.12634,1.12623,3000000,1690000
2020-03-12 12:53:59.934000,1.12632,1.12628,750000,750000
2020-03-12 12:53:59.985000,1.12632,1.12626,750000,450000
2020-03-12 12:54:00.036000,1.12634,1.12624,1500000,190000
2020-03-12 12:54:00.087000,1.1263,1.12624,750000,190000
2020-03-12 12:54:00.188000,1.12626,1.1262,2250000,370000
2020-03-12 12:54:00.239000,1.12619,1.12616,1500000,1500000
2020-03-12 12:54:00.341000,1.12615,1.12613,750000,1500000
2020-03-12 12:54:00.392000,1.12615,1.12607,750000,300000
2020-03-12 12:54:00.444000,1.12612,1.12607,750000,300000
2020-03-12 12:54:00.546000,1.12614,1.12607,750000,300000
2020-03-12 12:54:00.597000,1.12611,1.12605,750000,750000
2020-03-12 12:54:00.699000,1.12607,1.12604,710000,1200000
2020-03-12 12:54:00.750000,1.12607,1.126,710000,1500000
2020-03-12 12:54:00.801000,1.1261,1.12603,190000,750000
2020-03-12 12:54:00.902000,1.1261,1.12604,1870000,820000
2020-03-12 12:54:01.004000,1.12608,1.12605,750000,1500000
2020-03-12 12:54:01.105000,1.12609,1.12603,1120000,750000
2020-03-12 12:54:01.156000,1.12609,1.12606,1310000,1500000
2020-03-12 12:54:01.208000,1.12608,1.12602,190000,820000
2020-03-12 12:54:01.310000,1.12607,1.12599,190000,750000
2020-03-12 12:54:01.361000,1.12609,1.12605,560000,750000
2020-03-12 12:54:01.413000,1.12608,1.12598,190000,940000
2020-03-12 12:54:01.515000,1.12608,1.12607,1050000,100000
2020-03-12 12:54:01.616000,1.12612,1.12604,900000,450000
2020-03-12 12:54:01.667000,1.1261,1.12605,1120000,100000
2020-03-12 12:54:01.718000,1.12608,1.12599,190000,3000000
2020-03-12 12:54:01.769000,1.12607,1.12604,190000,750000
2020-03-12 12:54:01.819000,1.12607,1.126,190000,450000
2020-03-12 12:54:01.870000,1.12607,1.12603,190000,750000
2020-03-12 12:54:01.971000,1.12607,1.12605,370000,750000
2020-03-12 12:54:02.022000,1.12607,1.12598,190000,1500000
2020-03-12 12:54:02.073000,1.12604,1.12597,190000,940000
2020-03-12 12:54:02.174000,1.12602,1.12599,190000,750000
2020-03-12 12:54:02.225000,1.12601,1.12595,190000,750000
2020-03-12 12:54:02.377000,1.126,1.12594,560000,750000
2020-03-12 12:54:02.428000,1.12599,1.1259,750000,1500000
2020-03-12 12:54:02.479000,1.12597,1.1259,750000,750000
2020-03-12 12:54:02.582000,1.12596,1.1259,750000,750000
2020-03-12 12:54:02.684000,1.12593,1.12589,750000,750000
2020-03-12 12:54:02.786000,1.12593,1.12592,750000,750000
2020-03-12 12:54:02.838000,1.12598,1.12591,1500000,750000
2020-03-12 12:54:02.889000,1.12593,1.12589,750000,750000
2020-03-12 12:54:02.992000,1.12599,1.1259,750000,750000
2020-03-12 12:54:03.043000,1.12592,1.1259,750000,750000
2020-03-12 12:54:03.095000,1.1259,1.12587,750000,750000
2020-03-12 12:54:03.197000,1.12596,1.12587,750000,750000
2020-03-12 12:54:03.248000,1.12597,1.12589,1200000,750000
2020-03-12 12:54:03.300000,1.12597,1.12584,1200000,2620000
2020-03-12 12:54:03.351000,1.12597,1.12589,450000,750000
2020-03-12 12:54:03.402000,1.12599,1.12586,750000,3000000
2020-03-12 12:54:03.504000,1.12599,1.1259,750000,750000
2020-03-12 12:54:03.605000,1.12599,1.12587,750000,190000
2020-03-12 12:54:03.714000,1.126,1.12594,750000,750000
2020-03-12 12:54:03.769000,1.12599,1.12588,750000,750000
2020-03-12 12:54:03.820000,1.12602,1.12593,2250000,750000
2020-03-12 12:54:03.921000,1.12604,1.12599,370000,750000
2020-03-12 12:54:03.972000,1.12604,1.12597,370000,750000
2020-03-12 12:54:04.023000,1.12597,1.12593,750000,750000
2020-03-12 12:54:04.125000,1.12605,1.12603,370000,470000
2020-03-12 12:54:04.176000,1.12612,1.12608,4870000,750000
2020-03-12 12:54:04.277000,1.12604,1.12602,750000,750000
2020-03-12 12:54:04.328000,1.12601,1.12598,750000,1120000
2020-03-12 12:54:04.379000,1.12599,1.12598,750000,1120000
2020-03-12 12:54:04.430000,1.12598,1.12595,750000,750000
2020-03-12 12:54:04.480000,1.12596,1.12594,750000,750000
2020-03-12 12:54:04.531000,1.12597,1.12588,750000,190000
2020-03-12 12:54:04.582000,1.12595,1.12587,750000,640000
2020-03-12 12:54:04.683000,1.12596,1.12589,750000,750000
2020-03-12 12:54:04.734000,1.126,1.12589,1500000,750000
2020-03-12 12:54:04.785000,1.12596,1.12589,750000,750000
2020-03-12 12:54:04.836000,1.126,1.12591,1500000,750000
2020-03-12 12:54:04.887000,1.126,1.12589,1500000,940000
2020-03-12 12:54:04.937000,1.12601,1.12592,750000,300000
2020-03-12 12:54:05.039000,1.12594,1.1259,750000,190000
2020-03-12 12:54:05.140000,1.12594,1.12586,750000,190000
2020-03-12 12:54:05.191000,1.12592,1.12586,750000,190000
2020-03-12 12:54:05.343000,1.12597,1.12586,750000,190000
2020-03-12 12:54:05.394000,1.12597,1.12592,750000,750000
2020-03-12 12:54:05.445000,1.12599,1.12591,750000,750000
2020-03-12 12:54:05.546000,1.12597,1.12589,1870000,750000
2020-03-12 12:54:05.647000,1.12599,1.12593,750000,750000
2020-03-12 12:54:05.749000,1.12596,1.12589,1500000,750000
2020-03-12 12:54:05.861000,1.12597,1.12589,1120000,1500000
2020-03-12 12:54:05.963000,1.12597,1.12591,1120000,750000
2020-03-12 12:54:06.064000,1.12598,1.1259,2960000,750000
2020-03-12 12:54:06.165000,1.12597,1.12589,1120000,750000
2020-03-12 12:54:06.266000,1.12597,1.12588,1500000,750000
2020-03-12 12:54:06.368000,1.12597,1.12591,1500000,750000
2020-03-12 12:54:06.418000,1.12597,1.12589,1500000,750000
2020-03-12 12:54:06.519000,1.12597,1.12588,1500000,750000
2020-03-12 12:54:06.570000,1.12597,1.12593,750000,750000
2020-03-12 12:54:06.672000,1.12599,1.12592,750000,1120000
2020-03-12 12:54:06.723000,1.12597,1.12591,750000,750000
2020-03-12 12:54:06.824000,1.12599,1.1259,1500000,750000
2020-03-12 12:54:06.976000,1.12596,1.12589,750000,750000
2020-03-12 12:54:07.078000,1.12594,1.12589,750000,750000
2020-03-12 12:54:07.179000,1.12597,1.12594,370000,750000
2020-03-12 12:54:07.230000,1.12597,1.12592,1120000,190000
2020-03-12 12:54:07.281000,1.12595,1.12588,750000,750000
2020-03-12 12:54:07.382000,1.12595,1.12589,1500000,750000
2020-03-12 12:54:07.483000,1.12595,1.12587,1500000,750000
2020-03-12 12:54:07.584000,1.12593,1.12586,1500000,750000
2020-03-12 12:54:07.686000,1.12593,1.12584,1500000,750000
2020-03-12 12:54:07.737000,1.12593,1.12586,750000,750000
2020-03-12 12:54:07.787000,1.12595,1.12585,750000,750000
2020-03-12 12:54:07.838000,1.12593,1.12586,750000,750000
2020-03-12 12:54:07.889000,1.12594,1.12585,1500000,750000
2020-03-12 12:54:07.940000,1.12594,1.12587,1500000,1500000
2020-03-12 12:54:08.041000,1.12594,1.12584,3000000,750000
2020-03-12 12:54:08.092000,1.12592,1.12587,750000,750000
2020-03-12 12:54:08.143000,1.12592,1.12584,750000,190000
2020-03-12 12:54:08.244000,1.12592,1.12583,1760000,940000
2020-03-12 12:54:08.346000,1.12592,1.12585,3190000,750000
2020-03-12 12:54:08.396000,1.12591,1.12583,750000,190000
2020-03-12 12:54:08.447000,1.12591,1.12585,1690000,1500000
2020-03-12 12:54:08.498000,1.12591,1.12585,1500000,1500000
2020-03-12 12:54:08.599000,1.12591,1.12584,940000,750000
2020-03-12 12:54:08.701000,1.12589,1.12583,190000,750000
2020-03-12 12:54:08.751000,1.12591,1.12584,750000,750000
2020-03-12 12:54:08.802000,1.12591,1.12582,1690000,940000
2020-03-12 12:54:08.903000,1.12591,1.12583,940000,750000
2020-03-12 12:54:09.005000,1.12591,1.12584,940000,750000
2020-03-12 12:54:09.207000,1.12588,1.12584,190000,750000
2020-03-12 12:54:09.258000,1.12588,1.1258,190000,1500000
2020-03-12 12:54:09.359000,1.12589,1.1258,190000,1690000
2020-03-12 12:54:09.409000,1.12589,1.12582,190000,750000
2020-03-12 12:54:09.511000,1.12591,1.12584,750000,750000
2020-03-12 12:54:09.612000,1.12591,1.12585,750000,750000
2020-03-12 12:54:09.663000,1.12589,1.12582,190000,750000
2020-03-12 12:54:09.714000,1.1259,1.12582,750000,940000
2020-03-12 12:54:09.764000,1.12589,1.12582,190000,750000
2020-03-12 12:54:09.865000,1.1259,1.12581,1690000,750000
2020-03-12 12:54:09.967000,1.1259,1.12582,940000,750000
2020-03-12 12:54:10.069000,1.1259,1.12583,750000,750000
2020-03-12 12:54:10.171000,1.1259,1.12582,3000000,750000
2020-03-12 12:54:10.274000,1.1259,1.12583,3190000,750000
2020-03-12 12:54:10.376000,1.1259,1.12583,750000,940000
2020-03-12 12:54:10.478000,1.1259,1.12582,3190000,750000
2020-03-12 12:54:10.529000,1.1259,1.12583,750000,190000
2020-03-12 12:54:10.784000,1.12591,1.12583,3000000,940000
2020-03-12 12:54:10.936000,1.12591,1.12585,2250000,750000
2020-03-12 12:54:11.037000,1.12591,1.12586,1500000,750000
2020-03-12 12:54:11.138000,1.12591,1.12584,750000,750000
2020-03-12 12:54:11.513000,1.12589,1.12582,1500000,940000
2020-03-12 12:54:11.614000,1.12589,1.12581,2440000,750000
2020-03-12 12:54:11.716000,1.12581,1.12578,1500000,750000
2020-03-12 12:54:11.766000,1.12578,1.12571,750000,750000
2020-03-12 12:54:11.817000,1.12575,1.12571,750000,750000
2020-03-12 12:54:11.868000,1.12573,1.12567,750000,750000
2020-03-12 12:54:11.969000,1.12574,1.12567,750000,1200000
2020-03-12 12:54:12.070000,1.12574,1.12567,2250000,750000
2020-03-12 12:54:12.121000,1.12572,1.12567,750000,750000
2020-03-12 12:54:12.172000,1.1257,1.12566,750000,750000
2020-03-12 12:54:12.273000,1.1257,1.12565,1500000,750000
2020-03-12 12:54:12.374000,1.1257,1.12563,750000,750000
2020-03-12 12:54:12.475000,1.1257,1.12566,750000,750000
2020-03-12 12:54:12.576000,1.12571,1.12562,750000,1500000
2020-03-12 12:54:12.677000,1.12571,1.12561,750000,940000
2020-03-12 12:54:12.728000,1.12569,1.12561,750000,750000
2020-03-12 12:54:12.779000,1.12569,1.12559,750000,190000
2020-03-12 12:54:12.830000,1.12567,1.12558,1500000,750000
2020-03-12 12:54:12.931000,1.12566,1.12558,750000,940000
2020-03-12 12:54:13.034000,1.12564,1.12558,750000,750000
2020-03-12 12:54:13.085000,1.1257,1.12558,750000,1500000
2020-03-12 12:54:13.186000,1.12571,1.12564,1500000,750000
2020-03-12 12:54:13.288000,1.12566,1.12561,750000,750000
2020-03-12 12:54:13.389000,1.12565,1.12561,750000,750000
2020-03-12 12:54:13.440000,1.1257,1.1256,750000,1500000
2020-03-12 12:54:13.491000,1.12563,1.1256,750000,750000
2020-03-12 12:54:13.542000,1.12566,1.1256,2250000,1500000
2020-03-12 12:54:13.592000,1.12567,1.1256,750000,750000
2020-03-12 12:54:13.694000,1.12566,1.1256,750000,750000
2020-03-12 12:54:13.796000,1.12569,1.12563,1500000,750000
2020-03-12 12:54:13.847000,1.1257,1.12561,750000,190000
2020-03-12 12:54:13.948000,1.12569,1.12561,750000,1650000
2020-03-12 12:54:13.999000,1.12565,1.12561,750000,150000
2020-03-12 12:54:14.100000,1.12565,1.12557,1500000,190000
2020-03-12 12:54:14.151000,1.12567,1.12557,1500000,750000
2020-03-12 12:54:14.202000,1.12569,1.12563,750000,190000
2020-03-12 12:54:14.303000,1.12567,1.12563,750000,2250000
2020-03-12 12:54:14.354000,1.12564,1.12558,1500000,190000
2020-03-12 12:54:14.405000,1.12563,1.12555,750000,940000
2020-03-12 12:54:14.506000,1.12563,1.1256,750000,750000
2020-03-12 12:54:14.556000,1.12563,1.12557,750000,940000
2020-03-12 12:54:14.607000,1.12567,1.12558,750000,1500000
2020-03-12 12:54:14.658000,1.12566,1.12558,750000,750000
2020-03-12 12:54:14.760000,1.12562,1.12558,750000,750000
2020-03-12 12:54:14.810000,1.12567,1.12559,750000,370000
2020-03-12 12:54:14.861000,1.12564,1.12559,750000,370000
2020-03-12 12:54:14.912000,1.12564,1.12557,750000,190000
2020-03-12 12:54:15.013000,1.12559,1.12557,750000,370000
2020-03-12 12:54:15.064000,1.12552,1.12547,1500000,370000
2020-03-12 12:54:15.115000,1.1255,1.12545,750000,750000
2020-03-12 12:54:15.216000,1.12546,1.12541,1500000,750000
2020-03-12 12:54:15.267000,1.12548,1.12541,750000,750000
2020-03-12 12:54:15.318000,1.12548,1.12538,750000,1120000
2020-03-12 12:54:15.369000,1.12543,1.12538,750000,1120000
2020-03-12 12:54:15.470000,1.12537,1.12535,750000,750000
2020-03-12 12:54:15.521000,1.12541,1.12535,750000,750000
2020-03-12 12:54:15.572000,1.1254,1.12532,750000,1500000
2020-03-12 12:54:15.623000,1.12535,1.12532,750000,1200000
2020-03-12 12:54:15.724000,1.12537,1.12532,750000,750000
2020-03-12 12:54:15.775000,1.12534,1.12531,750000,750000
2020-03-12 12:54:15.826000,1.12533,1.1253,750000,750000
2020-03-12 12:54:15.978000,1.1253,1.12527,750000,1500000
2020-03-12 12:54:16.028000,1.1253,1.12525,1500000,750000
2020-03-12 12:54:16.079000,1.12531,1.12528,750000,750000
2020-03-12 12:54:16.131000,1.12532,1.12524,1500000,1120000
2020-03-12 12:54:16.182000,1.12528,1.12525,750000,750000
2020-03-12 12:54:16.233000,1.12531,1.12525,750000,940000
2020-03-12 12:54:16.334000,1.12527,1.12522,750000,300000
2020-03-12 12:54:16.436000,1.12528,1.12523,750000,750000
2020-03-12 12:54:16.487000,1.12534,1.12525,750000,750000
2020-03-12 12:54:16.538000,1.12532,1.12524,750000,750000
2020-03-12 12:54:16.639000,1.12528,1.12523,750000,750000
2020-03-12 12:54:16.741000,1.1253,1.12525,750000,750000
2020-03-12 12:54:16.793000,1.12537,1.12532,2250000,1120000
2020-03-12 12:54:16.895000,1.12539,1.12532,1500000,1120000
2020-03-12 12:54:16.946000,1.12536,1.12532,750000,1120000
2020-03-12 12:54:17.056000,1.12538,1.12532,1500000,1120000
2020-03-12 12:54:17.209000,1.12531,1.12525,1500000,370000
2020-03-12 12:54:17.310000,1.12534,1.12531,750000,750000
2020-03-12 12:54:17.411000,1.12532,1.1253,750000,750000
2020-03-12 12:54:17.512000,1.12531,1.1253,750000,750000
2020-03-12 12:54:17.563000,1.1253,1.12527,750000,750000
2020-03-12 12:54:17.614000,1.12532,1.1253,750000,750000
2020-03-12 12:54:17.766000,1.1253,1.12527,1500000,1500000
2020-03-12 12:54:17.868000,1.12529,1.12528,750000,750000
2020-03-12 12:54:17.969000,1.1253,1.12528,750000,750000
2020-03-12 12:54:18.020000,1.12532,1.12529,750000,750000
2020-03-12 12:54:18.223000,1.1253,1.12526,750000,750000
2020-03-12 12:54:18.324000,1.12526,1.12524,750000,750000
2020-03-12 12:54:18.426000,1.12524,1.12522,750000,750000
2020-03-12 12:54:18.578000,1.12526,1.12522,750000,750000
2020-03-12 12:54:18.679000,1.12524,1.12519,750000,750000
2020-03-12 12:54:18.780000,1.12522,1.12517,750000,1500000
2020-03-12 12:54:18.882000,1.12523,1.12518,750000,370000
2020-03-12 12:54:18.934000,1.12525,1.12517,750000,1120000
2020-03-12 12:54:19.035000,1.12525,1.12518,750000,750000
2020-03-12 12:54:19.188000,1.12526,1.12518,750000,750000
2020-03-12 12:54:19.240000,1.12523,1.12519,750000,750000
2020-03-12 12:54:19.342000,1.12521,1.12517,750000,450000
2020-03-12 12:54:19.596000,1.12523,1.12518,750000,750000
2020-03-12 12:54:19.698000,1.12523,1.12517,750000,450000
2020-03-12 12:54:19.749000,1.12521,1.12517,750000,450000
2020-03-12 12:54:19.850000,1.12521,1.12515,750000,750000
2020-03-12 12:54:19.901000,1.12521,1.12513,750000,750000
2020-03-12 12:54:19.952000,1.12521,1.12515,750000,750000
2020-03-12 12:54:20.104000,1.12526,1.12518,750000,190000
2020-03-12 12:54:20.156000,1.12523,1.12521,750000,750000
2020-03-12 12:54:20.207000,1.12527,1.12522,750000,750000
2020-03-12 12:54:20.309000,1.12524,1.12517,750000,750000
2020-03-12 12:54:20.411000,1.12524,1.12516,750000,1120000
2020-03-12 12:54:20.613000,1.12524,1.12517,750000,370000
2020-03-12 12:54:20.715000,1.12523,1.12517,750000,190000
2020-03-12 12:54:20.766000,1.1252,1.12514,750000,370000
2020-03-12 12:54:20.817000,1.1252,1.12512,750000,1500000
2020-03-12 12:54:20.919000,1.1252,1.12514,750000,750000
2020-03-12 12:54:21.020000,1.12521,1.12517,750000,450000
2020-03-12 12:54:21.122000,1.12519,1.12514,750000,940000
2020-03-12 12:54:21.172000,1.12521,1.12516,750000,750000
2020-03-12 12:54:21.274000,1.1252,1.12517,750000,300000
2020-03-12 12:54:21.325000,1.12521,1.12514,750000,560000
2020-03-12 12:54:21.426000,1.1252,1.12514,750000,370000
2020-03-12 12:54:21.527000,1.1252,1.12513,750000,1120000
2020-03-12 12:54:21.680000,1.1252,1.12514,750000,1120000
2020-03-12 12:54:21.732000,1.12525,1.12517,750000,750000
2020-03-12 12:54:21.834000,1.12526,1.12524,750000,190000
2020-03-12 12:54:21.936000,1.12523,1.12517,1500000,1240000
2020-03-12 12:54:21.987000,1.12521,1.12517,750000,1050000
2020-03-12 12:54:22.089000,1.12521,1.12518,750000,190000
2020-03-12 12:54:22.191000,1.12521,1.12517,750000,1240000
2020-03-12 12:54:22.242000,1.12529,1.12527,1500000,1120000
2020-03-12 12:54:22.344000,1.1252,1.12519,750000,190000
2020-03-12 12:54:22.395000,1.12524,1.12518,750000,190000
2020-03-12 12:54:22.497000,1.12523,1.12519,1500000,190000
2020-03-12 12:54:22.598000,1.12523,1.12517,750000,940000
2020-03-12 12:54:22.700000,1.12522,1.12517,750000,750000
2020-03-12 12:54:22.801000,1.12521,1.12517,750000,750000
2020-03-12 12:54:22.852000,1.1252,1.12512,750000,370000
2020-03-12 12:54:22.902000,1.12518,1.12512,750000,370000
2020-03-12 12:54:23.004000,1.12521,1.12512,750000,370000
2020-03-12 12:54:23.055000,1.12521,1.12514,750000,190000
2020-03-12 12:54:23.207000,1.12518,1.12513,750000,190000
2020-03-12 12:54:23.258000,1.12521,1.12515,750000,370000
2020-03-12 12:54:23.309000,1.12521,1.1252,750000,750000
2020-03-12 12:54:23.360000,1.12524,1.12522,750000,750000
2020-03-12 12:54:23.411000,1.1252,1.12516,750000,750000
2020-03-12 12:54:23.462000,1.12524,1.12517,1500000,940000
2020-03-12 12:54:23.564000,1.12524,1.12519,750000,190000
2020-03-12 12:54:23.666000,1.12522,1.12519,750000,1500000
2020-03-12 12:54:23.718000,1.12525,1.12519,750000,940000
2020-03-12 12:54:23.769000,1.12523,1.12521,750000,300000
2020-03-12 12:54:23.871000,1.12524,1.12517,750000,2060000
2020-03-12 12:54:23.973000,1.12524,1.12518,750000,1500000
2020-03-12 12:54:24.076000,1.12523,1.12518,750000,190000
2020-03-12 12:54:24.178000,1.12524,1.12519,750000,750000
2020-03-12 12:54:24.229000,1.12521,1.12516,750000,1120000
2020-03-12 12:54:24.330000,1.12522,1.12518,750000,190000
2020-03-12 12:54:24.431000,1.12526,1.12519,750000,940000
2020-03-12 12:54:24.532000,1.12527,1.12521,750000,100000
2020-03-12 12:54:24.584000,1.12529,1.12521,750000,300000
2020-03-12 12:54:24.634000,1.12531,1.12524,750000,750000
2020-03-12 12:54:24.736000,1.12529,1.12525,750000,450000
2020-03-12 12:54:24.837000,1.12528,1.12527,750000,750000
2020-03-12 12:54:24.888000,1.12533,1.12521,2810000,1050000
2020-03-12 12:54:24.939000,1.12532,1.12528,750000,750000
2020-03-12 12:54:24.990000,1.12524,1.12518,1500000,370000
2020-03-12 12:54:25.041000,1.12522,1.1252,7870000,450000
2020-03-12 12:54:25.142000,1.12527,1.12522,3750000,750000
2020-03-12 12:54:25.193000,1.12523,1.12519,750000,750000
2020-03-12 12:54:25.244000,1.12523,1.12517,1500000,370000
2020-03-12 12:54:25.294000,1.12524,1.12522,750000,4050000
2020-03-12 12:54:25.395000,1.12528,1.12524,2250000,150000
2020-03-12 12:54:25.446000,1.1252,1.12516,750000,300000
2020-03-12 12:54:25.547000,1.12524,1.12518,750000,370000
2020-03-12 12:54:25.598000,1.12523,1.12515,750000,2250000
2020-03-12 12:54:25.699000,1.12519,1.12515,750000,750000
2020-03-12 12:54:25.801000,1.12515,1.12512,750000,750000
2020-03-12 12:54:25.852000,1.12514,1.12508,750000,370000
2020-03-12 12:54:25.953000,1.12515,1.1251,750000,750000
2020-03-12 12:54:26.054000,1.12509,1.12506,1500000,750000
2020-03-12 12:54:26.105000,1.12511,1.12508,1200000,750000
2020-03-12 12:54:26.156000,1.12513,1.12506,750000,750000
2020-03-12 12:54:26.258000,1.12517,1.12512,750000,750000
2020-03-12 12:54:26.359000,1.12512,1.12509,750000,190000
2020-03-12 12:54:26.410000,1.12517,1.1251,750000,750000
2020-03-12 12:54:26.461000,1.12509,1.12505,1870000,190000
2020-03-12 12:54:26.562000,1.12508,1.12504,750000,750000
2020-03-12 12:54:26.664000,1.12508,1.12505,750000,750000
2020-03-12 12:54:26.765000,1.12509,1.12506,750000,750000
2020-03-12 12:54:26.866000,1.1251,1.12508,750000,750000
2020-03-12 12:54:26.917000,1.12512,1.12509,1500000,750000
2020-03-12 12:54:27.019000,1.12516,1.12514,450000,1200000
2020-03-12 12:54:27.070000,1.12519,1.12515,750000,750000
2020-03-12 12:54:27.120000,1.12521,1.12519,300000,750000
2020-03-12 12:54:27.172000,1.12525,1.12518,750000,3000000
2020-03-12 12:54:27.274000,1.12524,1.12518,750000,1500000
2020-03-12 12:54:27.375000,1.12523,1.12516,750000,1500000
2020-03-12 12:54:27.476000,1.12523,1.12517,750000,750000
2020-03-12 12:54:27.579000,1.1252,1.12515,1500000,1500000
2020-03-12 12:54:27.681000,1.12519,1.12511,750000,1500000
2020-03-12 12:54:27.834000,1.12511,1.12507,750000,1500000
2020-03-12 12:54:27.885000,1.1251,1.12507,750000,750000
2020-03-12 12:54:27.936000,1.12511,1.12502,2550000,1870000
2020-03-12 12:54:27.986000,1.12511,1.12505,750000,750000
2020-03-12 12:54:28.088000,1.12509,1.12502,750000,1120000
2020-03-12 12:54:28.138000,1.1251,1.12507,750000,750000
2020-03-12 12:54:28.189000,1.1251,1.12505,750000,750000
2020-03-12 12:54:28.240000,1.12512,1.12505,750000,750000
2020-03-12 12:54:28.342000,1.12516,1.12508,1200000,750000
2020-03-12 12:54:28.392000,1.12514,1.12506,750000,750000
2020-03-12 12:54:28.494000,1.12513,1.12507,750000,1310000
2020-03-12 12:54:28.544000,1.12515,1.12506,750000,1500000
2020-03-12 12:54:28.595000,1.12513,1.1251,750000,750000
2020-03-12 12:54:28.697000,1.12513,1.12509,1500000,750000
2020-03-12 12:54:28.748000,1.12515,1.12507,750000,190000
2020-03-12 12:54:28.799000,1.12511,1.12506,750000,370000
2020-03-12 12:54:28.900000,1.12513,1.12506,750000,1120000
2020-03-12 12:54:28.951000,1.12515,1.12509,2250000,370000
2020-03-12 12:54:29.052000,1.1251,1.12502,750000,370000
2020-03-12 12:54:29.154000,1.12512,1.12505,750000,1500000
2020-03-12 12:54:29.255000,1.12515,1.12506,750000,750000
2020-03-12 12:54:29.306000,1.12516,1.12509,750000,1500000
2020-03-12 12:54:29.407000,1.12513,1.12506,750000,940000
2020-03-12 12:54:29.508000,1.12514,1.12506,750000,750000
2020-03-12 12:54:29.609000,1.12516,1.12511,750000,750000
2020-03-12 12:54:29.660000,1.12516,1.12508,750000,370000
2020-03-12 12:54:29.711000,1.12518,1.12514,750000,1500000
2020-03-12 12:54:29.812000,1.1252,1.12518,1500000,2250000
2020-03-12 12:54:29.863000,1.12514,1.12508,750000,190000
2020-03-12 12:54:30.014000,1.12512,1.12511,750000,370000
2020-03-12 12:54:30.065000,1.12514,1.12511,750000,370000
2020-03-12 12:54:30.116000,1.12516,1.12511,750000,370000
2020-03-12 12:54:30.217000,1.12515,1.12511,750000,370000
2020-03-12 12:54:30.268000,1.12515,1.12507,750000,940000
2020-03-12 12:54:30.419000,1.12511,1.12507,1690000,750000
2020-03-12 12:54:30.520000,1.12511,1.12506,750000,750000
2020-03-12 12:54:30.622000,1.12513,1.12505,750000,1500000
2020-03-12 12:54:30.723000,1.12514,1.12505,750000,750000
2020-03-12 12:54:30.824000,1.12512,1.12504,1500000,370000
2020-03-12 12:54:30.875000,1.12511,1.12502,1500000,190000
2020-03-12 12:54:30.926000,1.12511,1.12504,1500000,750000
2020-03-12 12:54:31.078000,1.12514,1.12506,750000,750000
2020-03-12 12:54:31.179000,1.12516,1.12505,1500000,940000
2020-03-12 12:54:31.280000,1.12516,1.12506,750000,190000
2020-03-12 12:54:31.764000,1.12513,1.12505,750000,750000
2020-03-12 12:54:31.865000,1.12514,1.12505,750000,190000
2020-03-12 12:54:31.967000,1.12509,1.12502,1500000,1500000
2020-03-12 12:54:32.068000,1.12508,1.12501,1870000,370000
2020-03-12 12:54:32.169000,1.12507,1.12502,300000,2250000
2020-03-12 12:54:32.220000,1.12511,1.12505,300000,750000
2020-03-12 12:54:32.322000,1.12512,1.12504,750000,1690000
2020-03-12 12:54:32.423000,1.12514,1.12509,1050000,190000
2020-03-12 12:54:32.524000,1.12511,1.12506,450000,190000
2020-03-12 12:54:32.575000,1.12511,1.12503,1200000,190000
2020-03-12 12:54:32.626000,1.12511,1.12506,750000,190000
2020-03-12 12:54:32.727000,1.12514,1.1251,300000,190000
2020-03-12 12:54:32.778000,1.12514,1.12507,1800000,190000
2020-03-12 12:54:32.829000,1.12512,1.12506,750000,190000
2020-03-12 12:54:32.930000,1.12511,1.12503,750000,190000
2020-03-12 12:54:33.032000,1.12509,1.125,750000,190000
2020-03-12 12:54:33.133000,1.1251,1.12504,750000,1690000
2020-03-12 12:54:33.235000,1.12511,1.12507,450000,190000
2020-03-12 12:54:33.336000,1.12514,1.12506,1500000,940000
2020-03-12 12:54:33.641000,1.12512,1.12505,370000,940000
2020-03-12 12:54:33.692000,1.12515,1.12506,370000,190000
2020-03-12 12:54:33.822000,1.12516,1.12506,1120000,190000
2020-03-12 12:54:33.923000,1.12511,1.12506,450000,190000
2020-03-12 12:54:34.025000,1.12511,1.12507,450000,190000
2020-03-12 12:54:34.126000,1.12515,1.12507,750000,940000
2020-03-12 12:54:34.177000,1.12515,1.12509,750000,190000
2020-03-12 12:54:34.278000,1.12516,1.12509,300000,940000
2020-03-12 12:54:34.329000,1.1252,1.12509,750000,750000
2020-03-12 12:54:34.379000,1.12513,1.12505,750000,2620000
2020-03-12 12:54:34.481000,1.12508,1.12507,750000,750000
2020-03-12 12:54:34.532000,1.12508,1.12503,750000,190000
2020-03-12 12:54:34.785000,1.12507,1.125,750000,820000
2020-03-12 12:54:34.886000,1.12511,1.12503,3150000,190000
2020-03-12 12:54:35.037000,1.12512,1.12503,1120000,190000
2020-03-12 12:54:35.138000,1.12512,1.12506,370000,190000
2020-03-12 12:54:35.189000,1.12512,1.12504,370000,940000
2020-03-12 12:54:35.240000,1.12514,1.12504,190000,1010000
2020-03-12 12:54:35.492000,1.12514,1.12506,100000,750000
2020-03-12 12:54:35.593000,1.12515,1.12506,2510000,750000
2020-03-12 12:54:35.695000,1.12514,1.12504,260000,940000
2020-03-12 12:54:35.745000,1.12516,1.12507,1800000,750000
2020-03-12 12:54:35.847000,1.12516,1.12506,300000,750000
2020-03-12 12:54:35.897000,1.12518,1.12506,750000,750000
2020-03-12 12:54:35.999000,1.1252,1.12507,750000,750000
2020-03-12 12:54:36.100000,1.1252,1.12508,750000,750000
2020-03-12 12:54:36.201000,1.12522,1.12509,1500000,1500000
2020-03-12 12:54:36.303000,1.12522,1.1251,750000,370000
2020-03-12 12:54:36.404000,1.12521,1.12509,750000,940000
2020-03-12 12:54:36.505000,1.12522,1.12511,750000,750000
2020-03-12 12:54:36.657000,1.12522,1.1251,750000,750000
2020-03-12 12:54:36.809000,1.12522,1.12512,750000,940000
2020-03-12 12:54:36.910000,1.12526,1.12525,370000,750000
2020-03-12 12:54:36.961000,1.12532,1.12526,750000,1500000
2020-03-12 12:54:37.062000,1.12531,1.12529,300000,750000
2020-03-12 12:54:37.164000,1.12523,1.12521,750000,750000
2020-03-12 12:54:37.214000,1.12522,1.12518,750000,2250000
2020-03-12 12:54:37.266000,1.12522,1.1252,750000,370000
2020-03-12 12:54:37.419000,1.12522,1.12515,750000,1120000
2020-03-12 12:54:37.521000,1.12521,1.12513,750000,370000
2020-03-12 12:54:37.673000,1.12522,1.12516,1500000,750000
2020-03-12 12:54:37.724000,1.1252,1.12512,750000,560000
2020-03-12 12:54:37.825000,1.12522,1.12513,750000,1310000
2020-03-12 12:54:38.380000,1.12521,1.12511,750000,190000
2020-03-12 12:54:38.431000,1.12523,1.12519,750000,1500000
2020-03-12 12:54:38.482000,1.12536,1.12529,750000,190000
2020-03-12 12:54:38.583000,1.12533,1.1253,750000,190000
2020-03-12 12:54:38.684000,1.12522,1.12521,750000,750000
2020-03-12 12:54:38.735000,1.12522,1.12516,750000,370000
2020-03-12 12:54:38.786000,1.12522,1.12518,750000,750000
2020-03-12 12:54:38.988000,1.12524,1.12521,750000,750000
2020-03-12 12:54:39.039000,1.12523,1.12519,750000,750000
2020-03-12 12:54:39.140000,1.12522,1.12517,750000,2250000
2020-03-12 12:54:39.342000,1.12522,1.12515,750000,750000
2020-03-12 12:54:39.393000,1.12522,1.12518,750000,750000
2020-03-12 12:54:39.545000,1.12522,1.12517,750000,190000
2020-03-12 12:54:39.697000,1.12522,1.12514,750000,2060000
2020-03-12 12:54:39.849000,1.12522,1.12513,750000,1870000
2020-03-12 12:54:39.951000,1.12516,1.12512,750000,750000
2020-03-12 12:54:40.052000,1.12514,1.12506,750000,1500000
2020-03-12 12:54:40.103000,1.12514,1.12509,1500000,750000
2020-03-12 12:54:40.255000,1.12515,1.12506,750000,940000
2020-03-12 12:54:40.306000,1.12516,1.12508,750000,750000
2020-03-12 12:54:40.407000,1.12516,1.12505,750000,750000
2020-03-12 12:54:40.458000,1.12512,1.12504,750000,750000
2020-03-12 12:54:40.559000,1.12511,1.12503,2440000,750000
2020-03-12 12:54:40.660000,1.12511,1.12502,750000,750000
2020-03-12 12:54:40.761000,1.1251,1.125,750000,560000
2020-03-12 12:54:40.812000,1.1251,1.12504,1500000,750000
2020-03-12 12:54:40.863000,1.1251,1.12501,2250000,370000
2020-03-12 12:54:40.964000,1.12513,1.12503,750000,750000
2020-03-12 12:54:41.015000,1.12514,1.12506,1500000,3000000
2020-03-12 12:54:41.116000,1.12515,1.12505,190000,750000
2020-03-12 12:54:41.218000,1.12514,1.12507,750000,750000
2020-03-12 12:54:41.319000,1.12515,1.12506,1310000,750000
2020-03-12 12:54:41.370000,1.12515,1.12504,1310000,750000
2020-03-12 12:54:41.471000,1.12515,1.12505,190000,750000
2020-03-12 12:54:41.572000,1.12515,1.12507,190000,750000
2020-03-12 12:54:41.724000,1.12513,1.12509,750000,750000
2020-03-12 12:54:41.825000,1.12513,1.12507,750000,750000
2020-03-12 12:54:41.926000,1.12513,1.12506,750000,750000
2020-03-12 12:54:42.078000,1.12517,1.12506,1120000,750000
2020-03-12 12:54:42.129000,1.12512,1.1251,750000,750000
2020-03-12 12:54:42.230000,1.12509,1.12505,750000,940000
2020-03-12 12:54:42.281000,1.12509,1.12503,750000,190000
2020-03-12 12:54:42.332000,1.12509,1.12505,750000,190000
2020-03-12 12:54:42.382000,1.12514,1.12506,750000,190000
2020-03-12 12:54:42.433000,1.1251,1.12505,750000,190000
2020-03-12 12:54:42.484000,1.12513,1.12505,1500000,190000
2020-03-12 12:54:42.585000,1.12515,1.12506,750000,190000
2020-03-12 12:54:42.788000,1.12516,1.12506,2250000,190000
2020-03-12 12:54:42.838000,1.12511,1.12503,450000,940000
2020-03-12 12:54:42.939000,1.12511,1.12504,450000,2510000
2020-03-12 12:54:43.041000,1.12513,1.12506,370000,190000
2020-03-12 12:54:43.294000,1.12513,1.12507,370000,190000
2020-03-12 12:54:43.395000,1.1251,1.12506,750000,190000
2020-03-12 12:54:43.496000,1.12513,1.12507,370000,190000
2020-03-12 12:54:43.597000,1.1251,1.12505,750000,750000
2020-03-12 12:54:43.648000,1.12513,1.12506,370000,190000
2020-03-12 12:54:43.699000,1.12503,1.12501,1120000,190000
2020-03-12 12:54:43.750000,1.12504,1.12498,750000,2250000
2020-03-12 12:54:43.851000,1.12509,1.12501,560000,750000
2020-03-12 12:54:43.952000,1.1251,1.12501,750000,370000
2020-03-12 12:54:44.053000,1.12503,1.125,750000,750000
2020-03-12 12:54:44.154000,1.12506,1.12503,750000,750000
2020-03-12 12:54:44.256000,1.12506,1.12502,940000,750000
2020-03-12 12:54:44.508000,1.12505,1.12501,750000,1690000
2020-03-12 12:54:44.610000,1.12501,1.12499,1500000,750000
2020-03-12 12:54:44.813000,1.12501,1.12498,300000,940000
2020-03-12 12:54:44.863000,1.12503,1.12498,750000,750000
2020-03-12 12:54:44.914000,1.12503,1.125,750000,190000
2020-03-12 12:54:45.015000,1.12503,1.12499,190000,750000
2020-03-12 12:54:45.116000,1.12504,1.12501,1120000,750000
2020-03-12 12:54:45.420000,1.12504,1.12499,1120000,190000
2020-03-12 12:54:45.471000,1.12504,1.12501,1120000,750000
2020-03-12 12:54:45.572000,1.12504,1.125,750000,190000
2020-03-12 12:54:45.673000,1.12504,1.12503,370000,190000
2020-03-12 12:54:45.724000,1.12504,1.12501,370000,940000
2020-03-12 12:54:45.776000,1.12506,1.12501,1050000,940000
2020-03-12 12:54:45.827000,1.12506,1.12504,1050000,750000
2020-03-12 12:54:45.877000,1.12506,1.12502,750000,940000
2020-03-12 12:54:45.979000,1.12504,1.12501,750000,190000
2020-03-12 12:54:46.081000,1.12506,1.12502,1990000,750000
2020-03-12 12:54:46.133000,1.12507,1.12506,300000,750000
2020-03-12 12:54:46.184000,1.1251,1.12506,750000,750000
2020-03-12 12:54:46.235000,1.1251,1.12503,750000,260000
2020-03-12 12:54:46.387000,1.12509,1.12503,750000,190000
2020-03-12 12:54:46.593000,1.12507,1.12501,1870000,190000
2020-03-12 12:54:46.694000,1.12507,1.12504,370000,940000
2020-03-12 12:54:46.745000,1.12512,1.12504,750000,190000
2020-03-12 12:54:46.796000,1.1251,1.12502,750000,190000
2020-03-12 12:54:46.897000,1.12513,1.12505,750000,750000
2020-03-12 12:54:46.998000,1.12515,1.12509,750000,190000
2020-03-12 12:54:47.099000,1.12514,1.12504,750000,1310000
2020-03-12 12:54:47.150000,1.12512,1.12506,750000,190000
2020-03-12 12:54:47.201000,1.12514,1.12504,750000,1310000
2020-03-12 12:54:47.302000,1.12514,1.12505,2250000,1010000
2020-03-12 12:54:47.504000,1.12514,1.12506,2620000,750000
2020-03-12 12:54:47.606000,1.12514,1.12505,1870000,190000
2020-03-12 12:54:47.707000,1.12511,1.12505,750000,190000
2020-03-12 12:54:47.808000,1.12512,1.12505,750000,190000
2020-03-12 12:54:47.909000,1.12512,1.12503,750000,190000
2020-03-12 12:54:48.212000,1.12512,1.12506,750000,190000
2020-03-12 12:54:48.313000,1.12509,1.12503,750000,190000
2020-03-12 12:54:48.414000,1.1251,1.12505,750000,750000
2020-03-12 12:54:48.566000,1.1251,1.12504,750000,940000
2020-03-12 12:54:48.819000,1.12511,1.12504,1050000,940000
2020-03-12 12:54:48.920000,1.12512,1.12504,1310000,750000
2020-03-12 12:54:49.072000,1.12512,1.12507,370000,750000
2020-03-12 12:54:49.122000,1.12512,1.12505,1120000,750000
2020-03-12 12:54:49.274000,1.12512,1.12503,1120000,190000
2020-03-12 12:54:49.425000,1.12512,1.12504,1120000,750000
2020-03-12 12:54:49.526000,1.12512,1.12506,1120000,750000
2020-03-12 12:54:49.628000,1.12512,1.12509,370000,750000
2020-03-12 12:54:49.679000,1.12514,1.12505,750000,190000
2020-03-12 12:54:49.881000,1.12513,1.12505,750000,190000
2020-03-12 12:54:49.982000,1.12511,1.12503,750000,190000
2020-03-12 12:54:50.083000,1.12513,1.12504,750000,190000
2020-03-12 12:54:50.185000,1.12505,1.12497,750000,1500000
2020-03-12 12:54:50.235000,1.12506,1.12497,750000,2250000
2020-03-12 12:54:50.387000,1.12506,1.12499,750000,750000
2020-03-12 12:54:50.488000,1.12506,1.12498,750000,750000
2020-03-12 12:54:50.590000,1.12507,1.12497,370000,1500000
2020-03-12 12:54:50.741000,1.12507,1.12501,370000,750000
2020-03-12 12:54:50.792000,1.12499,1.12497,750000,1500000
2020-03-12 12:54:50.843000,1.12505,1.125,750000,750000
2020-03-12 12:54:50.944000,1.12506,1.12504,300000,750000
2020-03-12 12:54:50.995000,1.12507,1.12501,370000,750000
2020-03-12 12:54:51.046000,1.12507,1.12503,560000,750000
2020-03-12 12:54:51.248000,1.12502,1.125,750000,750000
2020-03-12 12:54:51.299000,1.12506,1.125,190000,750000
2020-03-12 12:54:51.350000,1.12507,1.12502,370000,190000
2020-03-12 12:54:51.664000,1.12507,1.12503,370000,940000
2020-03-12 12:54:51.715000,1.12509,1.12503,370000,940000
2020-03-12 12:54:51.766000,1.12509,1.12501,370000,1310000
2020-03-12 12:54:51.817000,1.12506,1.125,1120000,750000
2020-03-12 12:54:51.969000,1.12506,1.12502,1120000,750000
2020-03-12 12:54:52.071000,1.12506,1.12501,1120000,750000
2020-03-12 12:54:52.238000,1.12505,1.12503,750000,750000
2020-03-12 12:54:52.339000,1.12505,1.12501,1420000,750000
2020-03-12 12:54:52.491000,1.12505,1.12498,940000,1690000
2020-03-12 12:54:52.593000,1.12505,1.12499,940000,750000
2020-03-12 12:54:52.695000,1.12501,1.12499,1200000,750000
2020-03-12 12:54:52.848000,1.12496,1.12494,1500000,2250000
2020-03-12 12:54:52.898000,1.12501,1.125,750000,940000
2020-03-12 12:54:52.949000,1.12503,1.12497,260000,1500000
2020-03-12 12:54:53,1.12501,1.12499,670000,750000
2020-03-12 12:54:53.101000,1.12504,1.12498,190000,750000
2020-03-12 12:54:53.202000,1.12501,1.12497,670000,750000
2020-03-12 12:54:53.304000,1.12501,1.12496,750000,940000
2020-03-12 12:54:53.405000,1.12501,1.12497,670000,750000
2020-03-12 12:54:53.607000,1.12501,1.12495,2360000,750000
2020-03-12 12:54:53.658000,1.12501,1.12498,670000,750000
2020-03-12 12:54:53.760000,1.12501,1.12495,2360000,750000
2020-03-12 12:54:53.811000,1.12502,1.12498,1120000,190000
2020-03-12 12:54:53.963000,1.12502,1.12497,750000,750000
2020-03-12 12:54:54.064000,1.12501,1.12499,300000,190000
2020-03-12 12:54:54.215000,1.12501,1.12498,300000,750000
2020-03-12 12:54:54.317000,1.12501,1.12499,300000,750000
2020-03-12 12:54:54.368000,1.12501,1.12497,300000,190000
2020-03-12 12:54:55.220000,1.12496,1.12494,750000,970000
2020-03-12 12:54:55.271000,1.12498,1.12496,750000,750000
2020-03-12 12:54:55.322000,1.12501,1.12497,820000,190000
2020-03-12 12:54:55.423000,1.12501,1.12498,750000,190000
2020-03-12 12:54:55.524000,1.12503,1.12497,750000,1690000
2020-03-12 12:54:55.676000,1.12504,1.12497,2440000,190000
2020-03-12 12:54:55.828000,1.12502,1.12497,1500000,190000
2020-03-12 12:54:55.930000,1.12497,1.12493,190000,800000
2020-03-12 12:54:55.981000,1.125,1.12498,370000,190000
2020-03-12 12:54:56.082000,1.12501,1.12498,370000,190000
2020-03-12 12:54:56.133000,1.12503,1.12498,2620000,190000
2020-03-12 12:54:56.234000,1.12503,1.12499,750000,190000
2020-03-12 12:54:56.386000,1.12506,1.125,1950000,940000
2020-03-12 12:54:56.487000,1.12507,1.125,1690000,940000
2020-03-12 12:54:56.538000,1.12504,1.125,750000,940000
2020-03-12 12:54:56.741000,1.12505,1.125,750000,1690000
2020-03-12 12:54:56.994000,1.12505,1.12501,750000,750000
2020-03-12 12:54:57.095000,1.12505,1.125,750000,940000
2020-03-12 12:54:57.145000,1.12507,1.125,940000,940000
2020-03-12 12:54:57.298000,1.12505,1.125,750000,190000
2020-03-12 12:54:57.500000,1.12507,1.12505,750000,750000
2020-03-12 12:54:57.551000,1.12509,1.12504,560000,1690000
2020-03-12 12:54:57.601000,1.12506,1.12504,750000,750000
2020-03-12 12:54:57.652000,1.12507,1.12502,2440000,520000
2020-03-12 12:54:57.753000,1.125,1.12497,750000,2250000
2020-03-12 12:54:57.855000,1.12495,1.12487,750000,1550000
2020-03-12 12:54:57.905000,1.12499,1.12495,750000,190000
2020-03-12 12:54:57.956000,1.12501,1.12498,370000,750000
2020-03-12 12:54:58.057000,1.12505,1.125,2250000,190000
2020-03-12 12:54:58.159000,1.12504,1.12499,1120000,190000
2020-03-12 12:54:58.260000,1.12506,1.12499,3940000,190000
2020-03-12 12:54:58.361000,1.12505,1.12499,820000,190000
2020-03-12 12:54:58.412000,1.12504,1.12497,940000,940000
2020-03-12 12:54:58.615000,1.12504,1.12498,1500000,190000
2020-03-12 12:54:58.767000,1.12502,1.12498,750000,940000
2020-03-12 12:54:58.869000,1.12504,1.12498,100000,940000
2020-03-12 12:54:58.970000,1.12505,1.12498,2060000,190000
2020-03-12 12:54:59.071000,1.12504,1.12498,100000,940000
2020-03-12 12:54:59.172000,1.12505,1.12499,940000,1500000
2020-03-12 12:54:59.223000,1.125,1.12498,750000,1500000
2020-03-12 12:54:59.274000,1.12501,1.12498,2250000,2250000
2020-03-12 12:54:59.324000,1.12499,1.12497,750000,2250000
2020-03-12 12:54:59.375000,1.12501,1.12496,1420000,3190000
2020-03-12 12:54:59.476000,1.12501,1.12498,670000,940000
2020-03-12 12:54:59.578000,1.12506,1.12498,1120000,1690000
2020-03-12 12:54:59.679000,1.12506,1.125,450000,190000
2020-03-12 12:54:59.780000,1.12508,1.12503,750000,750000
2020-03-12 12:54:59.982000,1.12508,1.12502,750000,750000
2020-03-12 12:55:00.033000,1.12508,1.12499,750000,750000
2020-03-12 12:55:00.084000,1.12502,1.12498,750000,750000
2020-03-12 12:55:00.185000,1.12501,1.12493,2550000,240000
2020-03-12 12:55:00.236000,1.12499,1.12494,750000,220000
2020-03-12 12:55:00.337000,1.12498,1.1249,200000,990000
2020-03-12 12:55:00.489000,1.12495,1.12491,750000,800000
2020-03-12 12:55:00.590000,1.12496,1.1249,750000,800000
2020-03-12 12:55:00.692000,1.12491,1.12487,750000,190000
2020-03-12 12:55:00.742000,1.12491,1.12489,370000,750000
2020-03-12 12:55:00.844000,1.12492,1.12491,1200000,1310000
2020-03-12 12:55:00.895000,1.12496,1.12491,1050000,2440000
2020-03-12 12:55:00.996000,1.12496,1.12492,300000,940000
2020-03-12 12:55:01.047000,1.12497,1.12495,1500000,190000
2020-03-12 12:55:01.098000,1.12494,1.12492,190000,1500000
2020-03-12 12:55:01.148000,1.12486,1.12478,1500000,190000
2020-03-12 12:55:01.199000,1.12483,1.1248,750000,750000
2020-03-12 12:55:01.300000,1.12482,1.12473,750000,750000
2020-03-12 12:55:01.351000,1.1248,1.12475,1500000,2250000
2020-03-12 12:55:01.402000,1.12478,1.12468,1500000,750000
2020-03-12 12:55:01.503000,1.12479,1.12465,3000000,1120000
2020-03-12 12:55:01.554000,1.12477,1.12466,750000,370000
2020-03-12 12:55:01.655000,1.12472,1.12465,750000,190000
2020-03-12 12:55:01.706000,1.12474,1.12462,2250000,560000
2020-03-12 12:55:01.757000,1.12474,1.12465,1500000,190000
2020-03-12 12:55:01.883000,1.12476,1.12465,300000,750000
2020-03-12 12:55:01.984000,1.12476,1.12467,300000,750000
2020-03-12 12:55:02.086000,1.12476,1.12465,670000,940000
2020-03-12 12:55:02.137000,1.12474,1.12465,750000,1010000
2020-03-12 12:55:02.238000,1.12475,1.12466,300000,820000
2020-03-12 12:55:02.339000,1.12476,1.12467,300000,750000
2020-03-12 12:55:02.441000,1.12475,1.12467,820000,190000
2020-03-12 12:55:02.542000,1.12475,1.12465,750000,450000
2020-03-12 12:55:02.644000,1.12471,1.12466,750000,190000
2020-03-12 12:55:02.695000,1.12471,1.12462,750000,560000
2020-03-12 12:55:02.746000,1.12476,1.12466,100000,190000
2020-03-12 12:55:02.848000,1.12477,1.12465,2620000,370000
2020-03-12 12:55:02.899000,1.12476,1.12465,1870000,370000
2020-03-12 12:55:02.951000,1.12475,1.12463,1120000,1310000
2020-03-12 12:55:03.053000,1.12475,1.12464,1220000,370000
2020-03-12 12:55:03.154000,1.12475,1.12463,1120000,1310000
2020-03-12 12:55:03.206000,1.12477,1.12466,750000,560000
2020-03-12 12:55:03.308000,1.12481,1.12475,1870000,750000
2020-03-12 12:55:03.359000,1.12483,1.12476,750000,750000
2020-03-12 12:55:03.410000,1.12484,1.12479,1500000,190000
2020-03-12 12:55:03.511000,1.12484,1.12481,750000,190000
2020-03-12 12:55:03.613000,1.12482,1.12478,1500000,190000
2020-03-12 12:55:03.664000,1.12482,1.1248,450000,190000
2020-03-12 12:55:03.829000,1.12482,1.12479,1950000,940000
2020-03-12 12:55:03.931000,1.12482,1.12479,450000,190000
2020-03-12 12:55:03.981000,1.12484,1.12481,750000,190000
2020-03-12 12:55:04.083000,1.12485,1.1248,3560000,190000
2020-03-12 12:55:04.184000,1.12485,1.1248,5810000,190000
2020-03-12 12:55:04.285000,1.12485,1.12481,5060000,190000
2020-03-12 12:55:04.336000,1.12482,1.12479,1500000,940000
2020-03-12 12:55:04.437000,1.1248,1.12474,820000,750000
2020-03-12 12:55:04.488000,1.1248,1.1247,1500000,370000
2020-03-12 12:55:04.539000,1.1248,1.1247,2620000,190000
2020-03-12 12:55:04.691000,1.1248,1.12469,1570000,560000
2020-03-12 12:55:04.742000,1.12479,1.12469,750000,560000
2020-03-12 12:55:04.843000,1.12477,1.1247,750000,190000
2020-03-12 12:55:04.894000,1.12475,1.12466,750000,190000
2020-03-12 12:55:04.995000,1.12475,1.12464,1500000,560000
2020-03-12 12:55:05.046000,1.12476,1.12465,750000,190000
2020-03-12 12:55:05.097000,1.12472,1.12464,750000,370000
2020-03-12 12:55:05.198000,1.12469,1.12463,750000,300000
2020-03-12 12:55:05.300000,1.1247,1.1246,750000,190000
2020-03-12 12:55:05.351000,1.1247,1.1246,2700000,190000
2020-03-12 12:55:05.401000,1.1247,1.12459,750000,560000
2020-03-12 12:55:05.503000,1.1247,1.1246,450000,190000
2020-03-12 12:55:05.604000,1.12467,1.12462,750000,190000
2020-03-12 12:55:05.655000,1.12467,1.1246,1200000,190000
2020-03-12 12:55:05.706000,1.12466,1.12459,750000,190000
2020-03-12 12:55:05.807000,1.1247,1.12461,1120000,190000
2020-03-12 12:55:05.908000,1.12468,1.12458,1570000,1500000
2020-03-12 12:55:06.009000,1.12467,1.12458,750000,1690000
2020-03-12 12:55:06.110000,1.12467,1.12458,1200000,2440000
2020-03-12 12:55:06.211000,1.12467,1.12458,1200000,2440000
2020-03-12 12:55:06.313000,1.12467,1.12459,450000,190000
2020-03-12 12:55:06.414000,1.12467,1.12459,370000,190000
2020-03-12 12:55:06.520000,1.12467,1.12459,450000,190000
2020-03-12 12:55:06.622000,1.12467,1.12458,450000,2250000
2020-03-12 12:55:06.723000,1.12467,1.12458,450000,1690000
2020-03-12 12:55:06.875000,1.12468,1.12458,750000,1690000
2020-03-12 12:55:06.926000,1.12467,1.12458,750000,1500000
2020-03-12 12:55:07.028000,1.12465,1.12458,750000,1500000
2020-03-12 12:55:07.079000,1.12458,1.12454,750000,3000000
2020-03-12 12:55:07.180000,1.12457,1.12451,450000,190000
2020-03-12 12:55:07.282000,1.12456,1.12451,450000,190000
2020-03-12 12:55:07.434000,1.12457,1.12451,450000,190000
2020-03-12 12:55:07.536000,1.12458,1.12451,1950000,190000
2020-03-12 12:55:07.638000,1.12456,1.1245,450000,190000
2020-03-12 12:55:07.740000,1.12455,1.12451,450000,190000
2020-03-12 12:55:07.791000,1.12457,1.12449,750000,940000
2020-03-12 12:55:07.842000,1.12458,1.12453,750000,750000
2020-03-12 12:55:07.943000,1.12458,1.12451,1200000,1690000
2020-03-12 12:55:08.045000,1.12455,1.1245,450000,190000
2020-03-12 12:55:08.147000,1.12456,1.12449,750000,370000
2020-03-12 12:55:08.248000,1.12455,1.12452,750000,190000
2020-03-12 12:55:08.350000,1.12451,1.12449,750000,370000
2020-03-12 12:55:08.402000,1.1245,1.12446,940000,370000
2020-03-12 12:55:08.453000,1.12451,1.1245,750000,190000
2020-03-12 12:55:08.555000,1.12451,1.1245,750000,190000
2020-03-12 12:55:08.607000,1.12454,1.1245,750000,190000
2020-03-12 12:55:08.809000,1.12455,1.1245,750000,190000
2020-03-12 12:55:09.278000,1.12456,1.12449,820000,370000
2020-03-12 12:55:09.329000,1.12452,1.12449,750000,190000
2020-03-12 12:55:09.380000,1.12448,1.12446,750000,750000
2020-03-12 12:55:09.482000,1.1244,1.12435,100000,750000
2020-03-12 12:55:09.583000,1.12439,1.12435,100000,750000
2020-03-12 12:55:09.685000,1.12434,1.12425,750000,2440000
2020-03-12 12:55:09.735000,1.12436,1.12427,820000,750000
2020-03-12 12:55:09.837000,1.12431,1.12428,750000,750000
2020-03-12 12:55:09.938000,1.12432,1.12427,750000,370000
2020-03-12 12:55:09.989000,1.12431,1.12425,750000,560000
2020-03-12 12:55:10.040000,1.1244,1.12431,750000,940000
2020-03-12 12:55:10.091000,1.12446,1.12443,370000,300000
2020-03-12 12:55:10.193000,1.12439,1.12437,750000,450000
2020-03-12 12:55:10.244000,1.12433,1.12429,750000,1200000
2020-03-12 12:55:10.295000,1.12432,1.12427,1500000,750000
2020-03-12 12:55:10.347000,1.1243,1.12429,750000,1500000
2020-03-12 12:55:10.398000,1.12425,1.12422,750000,750000
2020-03-12 12:55:10.449000,1.12426,1.12421,750000,1500000
2020-03-12 12:55:10.500000,1.12426,1.12416,750000,940000
2020-03-12 12:55:10.551000,1.12424,1.12416,1500000,750000
2020-03-12 12:55:10.602000,1.12426,1.12416,750000,190000
2020-03-12 12:55:10.703000,1.12423,1.12414,750000,750000
2020-03-12 12:55:10.804000,1.1242,1.1241,940000,370000
2020-03-12 12:55:10.855000,1.12418,1.12411,750000,190000
2020-03-12 12:55:10.906000,1.12419,1.12409,750000,560000
2020-03-12 12:55:11.008000,1.12418,1.12414,750000,300000
2020-03-12 12:55:11.058000,1.1242,1.12414,940000,300000
2020-03-12 12:55:11.109000,1.12417,1.12409,750000,450000
2020-03-12 12:55:11.211000,1.12418,1.12409,750000,1500000
2020-03-12 12:55:11.312000,1.12417,1.12408,750000,1690000
2020-03-12 12:55:11.413000,1.12413,1.12408,820000,1500000
2020-03-12 12:55:11.514000,1.12413,1.12406,750000,190000
2020-03-12 12:55:11.565000,1.12413,1.12404,1950000,1120000
2020-03-12 12:55:11.616000,1.12415,1.12405,750000,190000
2020-03-12 12:55:11.717000,1.12417,1.12405,1500000,190000
2020-03-12 12:55:11.819000,1.12411,1.12404,750000,750000
2020-03-12 12:55:11.869000,1.12413,1.12405,450000,190000
2020-03-12 12:55:11.920000,1.12415,1.12408,450000,450000
2020-03-12 12:55:12.022000,1.12411,1.12409,750000,190000
2020-03-12 12:55:12.111000,1.12414,1.12406,750000,370000
2020-03-12 12:55:12.163000,1.12407,1.12404,750000,370000
2020-03-12 12:55:12.214000,1.12403,1.124,750000,370000
2020-03-12 12:55:12.315000,1.12394,1.12388,190000,1120000
2020-03-12 12:55:12.366000,1.12383,1.1238,1500000,2440000
2020-03-12 12:55:12.467000,1.12372,1.12367,750000,1050000
2020-03-12 12:55:12.518000,1.12367,1.12363,750000,750000
2020-03-12 12:55:12.568000,1.12358,1.12351,750000,1500000
2020-03-12 12:55:12.619000,1.12355,1.12352,750000,750000
2020-03-12 12:55:12.670000,1.12358,1.12354,1120000,1690000
2020-03-12 12:55:12.771000,1.12356,1.12351,190000,750000
2020-03-12 12:55:12.822000,1.12356,1.12348,190000,940000
2020-03-12 12:55:12.923000,1.12351,1.12345,750000,750000
2020-03-12 12:55:13.024000,1.12348,1.12341,560000,370000
2020-03-12 12:55:13.075000,1.12348,1.12343,370000,940000
2020-03-12 12:55:13.176000,1.12352,1.1234,190000,750000
2020-03-12 12:55:13.227000,1.12349,1.12341,750000,1500000
2020-03-12 12:55:13.328000,1.12344,1.12341,370000,750000
2020-03-12 12:55:13.379000,1.12344,1.12338,1870000,190000
2020-03-12 12:55:13.429000,1.12338,1.12336,750000,450000
2020-03-12 12:55:13.531000,1.1233,1.12327,750000,2250000
2020-03-12 12:55:13.581000,1.12332,1.12329,1500000,1500000
2020-03-12 12:55:13.632000,1.1233,1.12328,750000,750000
2020-03-12 12:55:13.683000,1.12332,1.12328,750000,750000
2020-03-12 12:55:13.734000,1.12326,1.12323,750000,940000
2020-03-12 12:55:13.784000,1.12321,1.12319,750000,750000
2020-03-12 12:55:13.835000,1.12323,1.12316,6560000,150000
2020-03-12 12:55:13.886000,1.1231,1.12298,750000,750000
2020-03-12 12:55:13.937000,1.12305,1.12301,940000,300000
2020-03-12 12:55:14.038000,1.12305,1.12298,750000,2740000
2020-03-12 12:55:14.139000,1.12305,1.12303,750000,940000
2020-03-12 12:55:14.190000,1.12304,1.12301,750000,940000
2020-03-12 12:55:14.241000,1.123,1.12293,750000,450000
2020-03-12 12:55:14.292000,1.12298,1.12293,750000,750000
2020-03-12 12:55:14.393000,1.12294,1.12288,750000,450000
2020-03-12 12:55:14.494000,1.12293,1.12288,1120000,520000
2020-03-12 12:55:14.545000,1.12293,1.1229,1120000,750000
2020-03-12 12:55:14.646000,1.12295,1.12293,1120000,100000
2020-03-12 12:55:14.697000,1.12299,1.12288,750000,1950000
2020-03-12 12:55:14.748000,1.12318,1.12313,940000,750000
2020-03-12 12:55:14.799000,1.12327,1.12324,750000,750000
2020-03-12 12:55:14.849000,1.12321,1.12318,940000,190000
2020-03-12 12:55:14.904000,1.12318,1.12312,370000,750000
2020-03-12 12:55:15.006000,1.12321,1.12317,750000,750000
2020-03-12 12:55:15.107000,1.12318,1.12311,750000,750000
2020-03-12 12:55:15.158000,1.1232,1.12315,370000,750000
2020-03-12 12:55:15.208000,1.12318,1.12305,370000,370000
2020-03-12 12:55:15.310000,1.12317,1.12304,750000,750000
2020-03-12 12:55:15.412000,1.12318,1.12304,370000,750000
2020-03-12 12:55:15.463000,1.12314,1.12304,190000,750000
2020-03-12 12:55:15.514000,1.12309,1.12298,190000,300000
2020-03-12 12:55:15.565000,1.12314,1.12309,750000,190000
2020-03-12 12:55:15.616000,1.12313,1.123,1500000,1120000
2020-03-12 12:55:15.666000,1.12307,1.123,750000,370000
2020-03-12 12:55:15.768000,1.12306,1.123,1500000,750000
2020-03-12 12:55:15.819000,1.12304,1.12293,1500000,820000
2020-03-12 12:55:15.870000,1.123,1.12293,750000,450000
2020-03-12 12:55:15.921000,1.12304,1.12295,1500000,750000
2020-03-12 12:55:15.972000,1.12304,1.123,1500000,750000
2020-03-12 12:55:16.024000,1.12309,1.123,750000,190000
2020-03-12 12:55:16.126000,1.12311,1.12298,1500000,370000
2020-03-12 12:55:16.177000,1.12311,1.12301,750000,750000
2020-03-12 12:55:16.228000,1.12314,1.12313,370000,750000
2020-03-12 12:55:16.330000,1.12318,1.12315,750000,750000
2020-03-12 12:55:16.381000,1.12319,1.12316,370000,750000
2020-03-12 12:55:16.432000,1.12322,1.12312,370000,190000
2020-03-12 12:55:16.534000,1.12322,1.12314,370000,750000
2020-03-12 12:55:16.636000,1.12322,1.12312,370000,190000
2020-03-12 12:55:16.737000,1.12318,1.12313,750000,450000
2020-03-12 12:55:16.839000,1.12319,1.12313,750000,450000
2020-03-12 12:55:16.941000,1.12325,1.12321,1500000,750000
2020-03-12 12:55:16.993000,1.12329,1.12327,150000,190000
2020-03-12 12:55:17.044000,1.12331,1.1233,750000,190000
2020-03-12 12:55:17.095000,1.12335,1.1233,2620000,190000
2020-03-12 12:55:17.198000,1.12334,1.12332,750000,190000
2020-03-12 12:55:17.249000,1.12339,1.12331,750000,190000
2020-03-12 12:55:17.351000,1.12341,1.12332,190000,190000
2020-03-12 12:55:17.401000,1.12343,1.12337,1500000,190000
2020-03-12 12:55:17.503000,1.12343,1.12336,1120000,190000
2020-03-12 12:55:17.604000,1.12346,1.12337,1690000,190000
2020-03-12 12:55:17.705000,1.12345,1.12337,750000,190000
2020-03-12 12:55:17.908000,1.12345,1.12339,750000,190000
2020-03-12 12:55:17.958000,1.12356,1.12346,1500000,190000
2020-03-12 12:55:18.009000,1.12359,1.1235,750000,370000
2020-03-12 12:55:18.060000,1.12361,1.12351,750000,190000
2020-03-12 12:55:18.111000,1.12363,1.1235,750000,190000
2020-03-12 12:55:18.161000,1.12363,1.12359,2250000,750000
2020-03-12 12:55:18.212000,1.12364,1.12362,750000,1120000
2020-03-12 12:55:18.313000,1.12362,1.1236,750000,1500000
2020-03-12 12:55:18.415000,1.12364,1.12361,2250000,750000
2020-03-12 12:55:18.516000,1.12368,1.12366,300000,750000
2020-03-12 12:55:18.567000,1.12375,1.12368,750000,750000
2020-03-12 12:55:18.617000,1.12371,1.12368,2250000,940000
2020-03-12 12:55:18.668000,1.12369,1.12366,750000,940000
2020-03-12 12:55:18.719000,1.12366,1.12364,300000,750000
2020-03-12 12:55:18.820000,1.12366,1.12359,1050000,370000
2020-03-12 12:55:18.871000,1.12366,1.12364,1050000,750000
2020-03-12 12:55:18.922000,1.12373,1.12369,370000,940000
2020-03-12 12:55:19.023000,1.1237,1.12364,750000,190000
2020-03-12 12:55:19.074000,1.1237,1.12364,5250000,940000
2020-03-12 12:55:19.175000,1.12368,1.12361,8250000,940000
2020-03-12 12:55:19.226000,1.12364,1.12347,750000,2620000
2020-03-12 12:55:19.277000,1.12364,1.12356,750000,370000
2020-03-12 12:55:19.378000,1.12358,1.12355,750000,370000
2020-03-12 12:55:19.429000,1.12354,1.1235,750000,1870000
2020-03-12 12:55:19.530000,1.12357,1.12347,750000,1120000
2020-03-12 12:55:19.631000,1.12358,1.12347,750000,750000
2020-03-12 12:55:19.783000,1.12358,1.12348,750000,560000
2020-03-12 12:55:19.885000,1.12359,1.12352,370000,190000
2020-03-12 12:55:19.986000,1.12358,1.12352,750000,940000
2020-03-12 12:55:20.037000,1.12358,1.1235,1500000,190000
2020-03-12 12:55:20.088000,1.12358,1.12346,750000,750000
2020-03-12 12:55:20.138000,1.12358,1.12353,750000,750000
2020-03-12 12:55:20.189000,1.12358,1.12351,750000,1690000
2020-03-12 12:55:20.291000,1.12358,1.12353,750000,190000
2020-03-12 12:55:20.392000,1.12358,1.12356,750000,750000
2020-03-12 12:55:20.442000,1.12361,1.12354,370000,190000
2020-03-12 12:55:20.544000,1.12361,1.12353,370000,190000
2020-03-12 12:55:20.645000,1.12361,1.12351,370000,190000
2020-03-12 12:55:20.696000,1.12359,1.12346,560000,750000
2020-03-12 12:55:20.747000,1.12359,1.12355,370000,750000
2020-03-12 12:55:20.798000,1.12359,1.12349,370000,190000
2020-03-12 12:55:20.848000,1.1236,1.12352,370000,750000
2020-03-12 12:55:20.950000,1.12364,1.1236,370000,190000
2020-03-12 12:55:21.052000,1.12374,1.12367,1570000,190000
2020-03-12 12:55:21.305000,1.12372,1.12366,750000,190000
2020-03-12 12:55:21.356000,1.1237,1.12363,750000,1500000
2020-03-12 12:55:21.407000,1.12369,1.12363,750000,750000
2020-03-12 12:55:21.559000,1.12364,1.12359,750000,370000
2020-03-12 12:55:21.610000,1.12359,1.12348,750000,2620000
2020-03-12 12:55:21.711000,1.12357,1.12347,750000,300000
2020-03-12 12:55:21.762000,1.12351,1.12347,940000,750000
2020-03-12 12:55:21.864000,1.12343,1.12339,1500000,750000
2020-03-12 12:55:21.915000,1.12341,1.12336,750000,3000000
2020-03-12 12:55:22.016000,1.12342,1.12339,1500000,750000
2020-03-12 12:55:22.067000,1.12342,1.12337,1500000,370000
2020-03-12 12:55:22.169000,1.1234,1.12337,750000,370000
2020-03-12 12:55:22.270000,1.12338,1.12331,2250000,190000
2020-03-12 12:55:22.371000,1.12338,1.1233,1500000,190000
2020-03-12 12:55:22.574000,1.12337,1.12327,750000,300000
2020-03-12 12:55:22.624000,1.12336,1.12332,750000,1050000
2020-03-12 12:55:22.675000,1.1234,1.12332,1870000,300000
2020-03-12 12:55:22.726000,1.12337,1.1233,750000,190000
2020-03-12 12:55:22.827000,1.12337,1.12329,750000,190000
2020-03-12 12:55:22.877000,1.12336,1.12327,750000,300000
2020-03-12 12:55:22.928000,1.12328,1.12322,750000,450000
2020-03-12 12:55:23.029000,1.12322,1.12319,750000,750000
2020-03-12 12:55:23.080000,1.12324,1.1232,750000,750000
2020-03-12 12:55:23.181000,1.12318,1.12312,1500000,3000000
2020-03-12 12:55:23.232000,1.12309,1.12308,750000,190000
2020-03-12 12:55:23.283000,1.12307,1.12305,370000,940000
2020-03-12 12:55:23.334000,1.12303,1.12302,750000,940000
2020-03-12 12:55:23.385000,1.12301,1.12297,750000,750000
2020-03-12 12:55:23.487000,1.12301,1.12294,750000,750000
2020-03-12 12:55:23.589000,1.12301,1.12297,1500000,750000
2020-03-12 12:55:23.641000,1.12301,1.12294,750000,750000
2020-03-12 12:55:23.743000,1.12297,1.12293,190000,750000
2020-03-12 12:55:23.845000,1.12294,1.12291,190000,750000
2020-03-12 12:55:23.896000,1.12296,1.12289,940000,750000
2020-03-12 12:55:23.947000,1.12292,1.12286,750000,750000
2020-03-12 12:55:24.048000,1.12297,1.12291,2250000,750000
2020-03-12 12:55:24.150000,1.12294,1.12288,750000,750000
2020-03-12 12:55:24.201000,1.12296,1.12288,750000,750000
2020-03-12 12:55:24.302000,1.12295,1.12291,750000,750000
2020-03-12 12:55:24.356000,1.12294,1.12286,750000,750000
2020-03-12 12:55:24.407000,1.12295,1.12288,750000,940000
2020-03-12 12:55:24.508000,1.12301,1.12299,2440000,2250000
2020-03-12 12:55:24.559000,1.12303,1.12301,940000,6300000
2020-03-12 12:55:24.609000,1.12299,1.12297,1500000,190000
2020-03-12 12:55:24.660000,1.12294,1.12293,750000,1500000
2020-03-12 12:55:24.711000,1.12288,1.12286,750000,2250000
2020-03-12 12:55:24.762000,1.12288,1.12285,750000,750000
2020-03-12 12:55:24.863000,1.12289,1.12283,190000,750000
2020-03-12 12:55:24.914000,1.12291,1.12283,1500000,750000
2020-03-12 12:55:24.965000,1.12289,1.12282,940000,750000
2020-03-12 12:55:25.066000,1.12286,1.12279,750000,750000
2020-03-12 12:55:25.167000,1.12283,1.12278,1460000,300000
2020-03-12 12:55:25.269000,1.12287,1.12282,750000,750000
2020-03-12 12:55:25.320000,1.12287,1.1228,1500000,1500000
2020-03-12 12:55:25.421000,1.12288,1.12285,1500000,190000
2020-03-12 12:55:25.472000,1.12292,1.12285,940000,190000
2020-03-12 12:55:25.522000,1.12287,1.12283,750000,300000
2020-03-12 12:55:25.624000,1.12284,1.12281,750000,300000
2020-03-12 12:55:25.674000,1.12284,1.12274,750000,190000
2020-03-12 12:55:25.725000,1.1228,1.12274,750000,750000
2020-03-12 12:55:25.826000,1.12276,1.12273,750000,1120000
2020-03-12 12:55:25.877000,1.1228,1.12271,750000,750000
2020-03-12 12:55:25.928000,1.12277,1.12269,750000,190000
2020-03-12 12:55:26.029000,1.12284,1.12276,750000,750000
2020-03-12 12:55:26.131000,1.12284,1.12278,1500000,300000
2020-03-12 12:55:26.182000,1.12284,1.12277,750000,750000
2020-03-12 12:55:26.233000,1.12279,1.12272,750000,750000
2020-03-12 12:55:26.283000,1.12272,1.12263,750000,2620000
2020-03-12 12:55:26.334000,1.12272,1.12268,1500000,370000
2020-03-12 12:55:26.385000,1.1227,1.12264,750000,750000
2020-03-12 12:55:26.436000,1.12267,1.12259,750000,750000
2020-03-12 12:55:26.487000,1.12265,1.12258,750000,300000
2020-03-12 12:55:26.588000,1.12261,1.1225,1500000,240000
2020-03-12 12:55:26.689000,1.12258,1.12254,750000,750000
2020-03-12 12:55:26.740000,1.12252,1.12244,190000,750000
2020-03-12 12:55:26.791000,1.12242,1.12238,190000,750000
2020-03-12 12:55:26.892000,1.12239,1.1223,190000,940000
2020-03-12 12:55:26.943000,1.12239,1.12233,2250000,190000
2020-03-12 12:55:26.994000,1.12236,1.12228,750000,300000
2020-03-12 12:55:27.044000,1.12236,1.12227,750000,750000
2020-03-12 12:55:27.146000,1.12236,1.12231,750000,750000
2020-03-12 12:55:27.196000,1.12236,1.12229,600000,750000
2020-03-12 12:55:27.247000,1.12236,1.12234,600000,750000
2020-03-12 12:55:27.298000,1.12236,1.12229,1350000,750000
2020-03-12 12:55:27.399000,1.12236,1.12228,600000,300000
2020-03-12 12:55:27.601000,1.12237,1.12228,750000,750000
2020-03-12 12:55:27.703000,1.12235,1.12228,370000,750000
2020-03-12 12:55:27.754000,1.12236,1.12228,940000,300000
2020-03-12 12:55:28.006000,1.12236,1.12228,750000,1800000
2020-03-12 12:55:28.108000,1.12236,1.12232,750000,750000
2020-03-12 12:55:28.209000,1.12236,1.12233,750000,1120000
2020-03-12 12:55:28.361000,1.12237,1.12233,190000,750000
2020-03-12 12:55:28.563000,1.12238,1.12233,750000,750000
2020-03-12 12:55:28.816000,1.12239,1.12233,190000,300000
2020-03-12 12:55:28.917000,1.12239,1.12233,940000,300000
2020-03-12 12:55:29.372000,1.12237,1.12233,190000,1500000
2020-03-12 12:55:29.473000,1.12238,1.12233,750000,3750000
2020-03-12 12:55:29.575000,1.12238,1.12232,750000,750000
2020-03-12 12:55:29.677000,1.12238,1.12232,750000,1050000
2020-03-12 12:55:29.780000,1.12239,1.12232,600000,1050000
2020-03-12 12:55:29.933000,1.12232,1.12231,600000,1050000
2020-03-12 12:55:29.984000,1.12231,1.12229,600000,190000
2020-03-12 12:55:30.036000,1.12228,1.12222,790000,820000
2020-03-12 12:55:30.088000,1.1223,1.12223,1540000,560000
2020-03-12 12:55:30.190000,1.12227,1.12221,190000,750000
2020-03-12 12:55:30.292000,1.12228,1.12222,750000,2620000
2020-03-12 12:55:30.394000,1.12229,1.12222,190000,660000
2020-03-12 12:55:30.496000,1.12224,1.12222,750000,100000
2020-03-12 12:55:30.598000,1.12225,1.12222,750000,300000
2020-03-12 12:55:30.700000,1.1222,1.12218,750000,190000
2020-03-12 12:55:30.750000,1.12217,1.12216,750000,190000
2020-03-12 12:55:30.801000,1.12215,1.12208,750000,750000
2020-03-12 12:55:30.902000,1.12214,1.12207,190000,1500000
2020-03-12 12:55:30.953000,1.12215,1.12208,750000,750000
2020-03-12 12:55:31.055000,1.12218,1.1221,1500000,1500000
2020-03-12 12:55:31.156000,1.12217,1.1221,370000,1500000
2020-03-12 12:55:31.207000,1.12216,1.12209,300000,750000
2020-03-12 12:55:31.258000,1.12216,1.12206,300000,750000
2020-03-12 12:55:31.309000,1.1222,1.12208,750000,750000
2020-03-12 12:55:31.360000,1.12217,1.12205,190000,1500000
2020-03-12 12:55:31.410000,1.12218,1.12208,750000,750000
2020-03-12 12:55:31.461000,1.12219,1.12205,750000,1690000
2020-03-12 12:55:31.512000,1.12216,1.12206,750000,2620000
2020-03-12 12:55:31.613000,1.12221,1.12208,370000,190000
2020-03-12 12:55:31.666000,1.12223,1.12209,370000,190000
2020-03-12 12:55:31.717000,1.12223,1.12214,370000,1690000
2020-03-12 12:55:31.818000,1.12226,1.12217,300000,750000
2020-03-12 12:55:31.969000,1.12228,1.12222,750000,750000
2020-03-12 12:55:32.071000,1.12229,1.12227,750000,370000
2020-03-12 12:55:32.122000,1.12223,1.1222,750000,190000
2020-03-12 12:55:32.172000,1.12224,1.12221,370000,190000
2020-03-12 12:55:32.223000,1.12221,1.12218,370000,750000
2020-03-12 12:55:32.274000,1.12222,1.12219,750000,940000
2020-03-12 12:55:32.325000,1.12218,1.12217,750000,940000
2020-03-12 12:55:32.376000,1.12216,1.12213,190000,100000
2020-03-12 12:55:32.427000,1.12218,1.12213,750000,750000
2020-03-12 12:55:32.528000,1.12215,1.12213,370000,940000
2020-03-12 12:55:32.579000,1.12215,1.12209,1870000,370000
2020-03-12 12:55:32.630000,1.12209,1.12207,750000,1500000
2020-03-12 12:55:32.681000,1.12214,1.1221,1120000,750000
2020-03-12 12:55:32.732000,1.12214,1.12209,1310000,190000
2020-03-12 12:55:32.782000,1.12211,1.12208,750000,190000
2020-03-12 12:55:32.884000,1.12212,1.12208,750000,190000
2020-03-12 12:55:32.987000,1.12208,1.12207,750000,190000
2020-03-12 12:55:33.089000,1.12207,1.12204,750000,370000
2020-03-12 12:55:33.140000,1.12208,1.12204,940000,750000
2020-03-12 12:55:33.191000,1.12213,1.12206,750000,750000
2020-03-12 12:55:33.242000,1.1221,1.12205,750000,190000
2020-03-12 12:55:33.343000,1.12211,1.12205,1500000,940000
2020-03-12 12:55:33.394000,1.12208,1.12202,190000,750000
2020-03-12 12:55:33.444000,1.1221,1.12205,750000,750000
2020-03-12 12:55:33.495000,1.12213,1.12205,1690000,940000
2020-03-12 12:55:33.596000,1.12209,1.12203,190000,100000
2020-03-12 12:55:33.698000,1.12211,1.12207,1050000,190000
2020-03-12 12:55:33.748000,1.1221,1.12198,190000,1500000
2020-03-12 12:55:33.799000,1.12206,1.12198,750000,2250000
2020-03-12 12:55:33.850000,1.12211,1.122,370000,750000
2020-03-12 12:55:33.901000,1.12209,1.12198,3370000,750000
2020-03-12 12:55:34.002000,1.12207,1.12198,1500000,750000
2020-03-12 12:55:34.053000,1.12207,1.12195,1500000,940000
2020-03-12 12:55:34.104000,1.12208,1.12199,750000,1690000
2020-03-12 12:55:34.205000,1.12211,1.122,370000,750000
2020-03-12 12:55:34.256000,1.12208,1.122,750000,750000
2020-03-12 12:55:34.307000,1.12207,1.12197,750000,750000
2020-03-12 12:55:34.358000,1.12209,1.12197,4500000,750000
2020-03-12 12:55:34.459000,1.12208,1.12197,750000,750000
2020-03-12 12:55:34.510000,1.1221,1.12197,750000,750000
2020-03-12 12:55:34.712000,1.12211,1.12202,370000,370000
2020-03-12 12:55:34.763000,1.12211,1.12197,370000,940000
2020-03-12 12:55:34.814000,1.12209,1.12197,370000,1390000
2020-03-12 12:55:34.865000,1.12213,1.122,750000,450000
2020-03-12 12:55:34.916000,1.1221,1.122,750000,750000
2020-03-12 12:55:35.017000,1.12202,1.12194,750000,750000
2020-03-12 12:55:35.118000,1.12202,1.12192,750000,640000
2020-03-12 12:55:35.169000,1.122,1.12192,820000,450000
2020-03-12 12:55:35.220000,1.122,1.12189,820000,940000
2020-03-12 12:55:35.271000,1.12201,1.12189,750000,190000
2020-03-12 12:55:35.372000,1.12196,1.12189,370000,190000
2020-03-12 12:55:35.423000,1.12199,1.1219,750000,1200000
2020-03-12 12:55:35.524000,1.122,1.1219,750000,470000
2020-03-12 12:55:35.575000,1.122,1.12191,750000,2250000
2020-03-12 12:55:35.676000,1.12201,1.12191,750000,940000
2020-03-12 12:55:35.777000,1.12203,1.12193,1460000,750000
2020-03-12 12:55:35.879000,1.12201,1.12191,750000,1690000
2020-03-12 12:55:35.929000,1.12199,1.1219,750000,190000
2020-03-12 12:55:36.030000,1.12202,1.12191,750000,190000
2020-03-12 12:55:36.132000,1.12203,1.12191,1460000,2060000
2020-03-12 12:55:36.233000,1.12203,1.12193,1460000,750000
2020-03-12 12:55:36.335000,1.12204,1.12196,750000,750000
2020-03-12 12:55:36.436000,1.122,1.1219,750000,370000
2020-03-12 12:55:36.487000,1.122,1.12193,750000,750000
2020-03-12 12:55:36.538000,1.12206,1.12193,450000,750000
2020-03-12 12:55:36.639000,1.12207,1.12194,750000,750000
2020-03-12 12:55:36.690000,1.12203,1.12194,750000,750000
2020-03-12 12:55:36.740000,1.12206,1.12194,750000,1120000
2020-03-12 12:55:36.842000,1.12206,1.12201,670000,750000
2020-03-12 12:55:36.892000,1.12211,1.122,2170000,750000
2020-03-12 12:55:36.943000,1.12209,1.122,190000,750000
2020-03-12 12:55:37.044000,1.12209,1.12197,750000,1200000
2020-03-12 12:55:37.095000,1.12207,1.12197,750000,1050000
2020-03-12 12:55:37.196000,1.12204,1.12192,750000,750000
2020-03-12 12:55:37.297000,1.12204,1.12193,750000,750000
2020-03-12 12:55:37.348000,1.12207,1.12197,750000,750000
2020-03-12 12:55:37.399000,1.12209,1.12197,1500000,750000
2020-03-12 12:55:37.453000,1.12211,1.12199,300000,750000
2020-03-12 12:55:37.554000,1.12208,1.12202,1500000,450000
2020-03-12 12:55:37.655000,1.12197,1.12192,750000,750000
2020-03-12 12:55:37.757000,1.12199,1.12192,1120000,750000
2020-03-12 12:55:37.808000,1.12194,1.12188,190000,750000
2020-03-12 12:55:37.909000,1.12198,1.12187,1500000,750000
2020-03-12 12:55:37.960000,1.12195,1.12187,560000,750000
2020-03-12 12:55:38.112000,1.12196,1.12187,450000,750000
2020-03-12 12:55:38.213000,1.12197,1.12187,190000,750000
2020-03-12 12:55:38.315000,1.12196,1.12187,1690000,750000
2020-03-12 12:55:38.467000,1.12194,1.12187,940000,750000
2020-03-12 12:55:38.569000,1.12191,1.12186,750000,750000
2020-03-12 12:55:38.620000,1.12191,1.12183,1120000,1500000
2020-03-12 12:55:38.723000,1.12196,1.12187,750000,300000
2020-03-12 12:55:38.825000,1.12196,1.12188,1500000,300000
2020-03-12 12:55:39.028000,1.12197,1.12181,1310000,190000
2020-03-12 12:55:39.130000,1.12197,1.12182,940000,450000
2020-03-12 12:55:39.182000,1.122,1.12185,2620000,190000
2020-03-12 12:55:39.284000,1.12196,1.12187,750000,300000
2020-03-12 12:55:39.335000,1.12196,1.12181,1200000,190000
2020-03-12 12:55:39.488000,1.12195,1.12181,190000,190000
2020-03-12 12:55:39.540000,1.12191,1.12178,300000,190000
2020-03-12 12:55:39.744000,1.12191,1.12179,300000,190000
2020-03-12 12:55:39.846000,1.12186,1.12179,1050000,750000
2020-03-12 12:55:39.897000,1.12186,1.12177,1050000,750000
2020-03-12 12:55:39.949000,1.12186,1.1218,750000,370000
2020-03-12 12:55:40.050000,1.12191,1.1218,750000,370000
2020-03-12 12:55:40.151000,1.12191,1.12179,750000,370000
2020-03-12 12:55:40.252000,1.12191,1.12178,750000,560000
2020-03-12 12:55:40.354000,1.12191,1.1218,750000,370000
2020-03-12 12:55:40.455000,1.12194,1.12181,750000,190000
2020-03-12 12:55:40.556000,1.12191,1.12182,300000,190000
2020-03-12 12:55:40.658000,1.12196,1.12184,1120000,940000
2020-03-12 12:55:40.860000,1.12197,1.12184,750000,940000
2020-03-12 12:55:41.132000,1.12196,1.12184,750000,190000
2020-03-12 12:55:41.234000,1.12198,1.12189,750000,190000
2020-03-12 12:55:41.285000,1.12199,1.12187,1870000,1050000
2020-03-12 12:55:41.335000,1.12197,1.12187,750000,750000
2020-03-12 12:55:41.487000,1.122,1.12194,3820000,750000
2020-03-12 12:55:41.588000,1.12196,1.12189,370000,750000
2020-03-12 12:55:41.690000,1.12197,1.12187,750000,1050000
2020-03-12 12:55:41.892000,1.12198,1.12191,750000,750000
2020-03-12 12:55:41.994000,1.12193,1.12191,2620000,750000
2020-03-12 12:55:42.044000,1.12194,1.12187,750000,750000
2020-03-12 12:55:42.146000,1.12191,1.12188,370000,750000
2020-03-12 12:55:42.197000,1.12193,1.12183,1120000,750000
2020-03-12 12:55:42.248000,1.12194,1.12186,1420000,750000
2020-03-12 12:55:42.349000,1.12195,1.12188,1500000,190000
2020-03-12 12:55:42.429000,1.12195,1.12185,2250000,190000
2020-03-12 12:55:42.530000,1.12195,1.12186,750000,190000
2020-03-12 12:55:42.632000,1.12193,1.12187,750000,750000
2020-03-12 12:55:42.683000,1.12195,1.12187,750000,750000
2020-03-12 12:55:42.784000,1.12195,1.12186,750000,750000
2020-03-12 12:55:42.886000,1.12193,1.12186,750000,750000
2020-03-12 12:55:42.988000,1.12192,1.12186,750000,750000
2020-03-12 12:55:43.038000,1.12196,1.12193,750000,750000
2020-03-12 12:55:43.089000,1.12198,1.12194,750000,940000
2020-03-12 12:55:43.140000,1.12196,1.12186,750000,750000
2020-03-12 12:55:43.241000,1.12196,1.12187,750000,750000
2020-03-12 12:55:43.342000,1.12195,1.12187,750000,750000
2020-03-12 12:55:43.444000,1.12193,1.12187,750000,750000
2020-03-12 12:55:43.495000,1.12201,1.12199,1500000,750000
2020-03-12 12:55:43.596000,1.12199,1.12194,750000,750000
2020-03-12 12:55:43.647000,1.12197,1.12196,750000,190000
2020-03-12 12:55:43.698000,1.12195,1.12192,750000,300000
2020-03-12 12:55:43.799000,1.12192,1.12187,750000,1500000
2020-03-12 12:55:43.850000,1.12191,1.12184,750000,750000
2020-03-12 12:55:43.900000,1.12194,1.12188,750000,1500000
2020-03-12 12:55:44.002000,1.12193,1.12187,750000,750000
2020-03-12 12:55:44.052000,1.12198,1.1219,750000,750000
2020-03-12 12:55:44.103000,1.12194,1.12188,750000,190000
2020-03-12 12:55:44.205000,1.12198,1.12187,1500000,300000
2020-03-12 12:55:44.255000,1.12193,1.12187,750000,300000
2020-03-12 12:55:44.306000,1.12197,1.1219,750000,750000
2020-03-12 12:55:44.357000,1.12195,1.12191,750000,750000
2020-03-12 12:55:44.408000,1.12196,1.12187,750000,940000
2020-03-12 12:55:44.458000,1.12192,1.12186,370000,750000
2020-03-12 12:55:44.509000,1.12194,1.12185,1500000,1500000
2020-03-12 12:55:44.560000,1.12194,1.12189,750000,750000
2020-03-12 12:55:44.611000,1.12192,1.12185,750000,750000
2020-03-12 12:55:44.712000,1.12193,1.12186,750000,750000
2020-03-12 12:55:44.814000,1.12193,1.12184,750000,750000
2020-03-12 12:55:44.864000,1.1219,1.12183,750000,750000
2020-03-12 12:55:44.966000,1.1219,1.12184,1200000,750000
2020-03-12 12:55:45.067000,1.12193,1.12185,750000,750000
2020-03-12 12:55:45.118000,1.12189,1.12185,750000,750000
2020-03-12 12:55:45.168000,1.12193,1.12185,750000,750000
2020-03-12 12:55:45.269000,1.12193,1.12189,750000,750000
2020-03-12 12:55:45.371000,1.1219,1.12185,750000,750000
2020-03-12 12:55:45.422000,1.12196,1.12191,750000,940000
2020-03-12 12:55:45.523000,1.12197,1.12191,1870000,940000
2020-03-12 12:55:45.625000,1.1219,1.12184,750000,1500000
2020-03-12 12:55:45.676000,1.12195,1.12188,900000,750000
2020-03-12 12:55:45.777000,1.12195,1.12184,2590000,750000
2020-03-12 12:55:45.828000,1.12193,1.12185,750000,370000
2020-03-12 12:55:45.929000,1.12185,1.12182,1500000,1500000
2020-03-12 12:55:46.030000,1.12184,1.1218,1500000,750000
2020-03-12 12:55:46.081000,1.1218,1.12171,750000,750000
2020-03-12 12:55:46.132000,1.12181,1.1218,750000,100000
2020-03-12 12:55:46.182000,1.12184,1.12183,750000,750000
2020-03-12 12:55:46.233000,1.12179,1.12177,750000,190000
2020-03-12 12:55:46.284000,1.12182,1.12179,750000,750000
2020-03-12 12:55:46.335000,1.12186,1.12185,1500000,750000
2020-03-12 12:55:46.386000,1.12189,1.12181,750000,750000
2020-03-12 12:55:46.438000,1.12187,1.12182,750000,750000
2020-03-12 12:55:46.539000,1.12184,1.12177,750000,3750000
2020-03-12 12:55:46.590000,1.12191,1.12186,2620000,1500000
2020-03-12 12:55:46.641000,1.12185,1.12183,370000,750000
2020-03-12 12:55:46.742000,1.12183,1.12179,1120000,750000
2020-03-12 12:55:46.843000,1.12178,1.12174,750000,750000
2020-03-12 12:55:46.945000,1.12177,1.12174,750000,750000
2020-03-12 12:55:46.996000,1.12182,1.1218,940000,750000
2020-03-12 12:55:47.097000,1.12185,1.12179,490000,750000
2020-03-12 12:55:47.148000,1.12189,1.12185,300000,5250000
2020-03-12 12:55:47.199000,1.1219,1.12185,450000,1500000
2020-03-12 12:55:47.301000,1.12186,1.12184,750000,1500000
2020-03-12 12:55:47.351000,1.1218,1.12174,750000,750000
2020-03-12 12:55:47.402000,1.12174,1.12173,750000,750000
2020-03-12 12:55:47.453000,1.1217,1.12168,750000,750000
2020-03-12 12:55:47.554000,1.12169,1.12165,750000,750000
2020-03-12 12:55:47.605000,1.12165,1.12164,750000,750000
2020-03-12 12:55:47.656000,1.12168,1.12164,750000,1500000
2020-03-12 12:55:47.758000,1.12176,1.12175,750000,750000
2020-03-12 12:55:47.859000,1.12179,1.12173,750000,1690000
2020-03-12 12:55:47.960000,1.1217,1.12163,750000,750000
2020-03-12 12:55:48.011000,1.12163,1.12162,750000,750000
2020-03-12 12:55:48.062000,1.12163,1.12157,750000,750000
2020-03-12 12:55:48.113000,1.12166,1.12158,1120000,750000
2020-03-12 12:55:48.214000,1.12166,1.12156,450000,750000
2020-03-12 12:55:48.265000,1.12171,1.12158,1500000,750000
2020-03-12 12:55:48.366000,1.12166,1.12157,450000,750000
2020-03-12 12:55:48.417000,1.12164,1.1215,750000,1500000
2020-03-12 12:55:48.619000,1.12166,1.12158,450000,750000
2020-03-12 12:55:48.720000,1.12157,1.12152,750000,750000
2020-03-12 12:55:48.771000,1.12153,1.12147,750000,750000
2020-03-12 12:55:48.822000,1.12162,1.12157,370000,750000
2020-03-12 12:55:48.872000,1.12167,1.12157,1120000,370000
2020-03-12 12:55:48.923000,1.12166,1.12159,750000,750000
2020-03-12 12:55:49.024000,1.12159,1.12154,750000,750000
2020-03-12 12:55:49.075000,1.12161,1.12155,300000,1500000
2020-03-12 12:55:49.126000,1.12161,1.12158,300000,750000
2020-03-12 12:55:49.227000,1.12177,1.12167,2550000,750000
2020-03-12 12:55:49.278000,1.12171,1.12166,1120000,1500000
2020-03-12 12:55:49.379000,1.12171,1.12165,1120000,750000
2020-03-12 12:55:49.481000,1.12171,1.12168,450000,2250000
2020-03-12 12:55:49.532000,1.12164,1.1216,750000,750000
2020-03-12 12:55:49.583000,1.12166,1.12157,1500000,750000
2020-03-12 12:55:49.634000,1.12164,1.12156,750000,750000
2020-03-12 12:55:49.736000,1.12164,1.12155,750000,1500000
2020-03-12 12:55:49.837000,1.12165,1.12161,750000,750000
2020-03-12 12:55:49.888000,1.1216,1.12153,190000,750000
2020-03-12 12:55:49.939000,1.12156,1.1215,750000,2250000
2020-03-12 12:55:50.243000,1.12156,1.12149,450000,1120000
2020-03-12 12:55:50.294000,1.12156,1.12145,750000,1500000
2020-03-12 12:55:50.344000,1.12157,1.1215,750000,1120000
2020-03-12 12:55:50.445000,1.12157,1.12151,750000,750000
2020-03-12 12:55:50.546000,1.12157,1.12154,750000,750000
2020-03-12 12:55:50.647000,1.12156,1.12146,750000,750000
2020-03-12 12:55:50.698000,1.12154,1.12144,190000,750000
2020-03-12 12:55:50.749000,1.12158,1.12144,190000,750000
2020-03-12 12:55:50.799000,1.12153,1.12151,750000,750000
2020-03-12 12:55:50.901000,1.12155,1.12151,750000,750000
2020-03-12 12:55:51.002000,1.12147,1.12145,1500000,750000
2020-03-12 12:55:51.053000,1.12153,1.12146,750000,750000
2020-03-12 12:55:51.154000,1.12155,1.12145,750000,2250000
2020-03-12 12:55:51.205000,1.12156,1.12148,1120000,750000
2020-03-12 12:55:51.407000,1.12152,1.12148,750000,750000
2020-03-12 12:55:51.508000,1.12142,1.12138,750000,750000
2020-03-12 12:55:51.559000,1.12144,1.12138,750000,750000
2020-03-12 12:55:51.610000,1.12142,1.12137,1500000,1500000
2020-03-12 12:55:51.711000,1.12142,1.12138,1500000,750000
2020-03-12 12:55:51.812000,1.12143,1.12137,750000,750000
2020-03-12 12:55:51.914000,1.12142,1.12136,750000,3000000
2020-03-12 12:55:52.015000,1.12143,1.12136,750000,1500000
2020-03-12 12:55:52.116000,1.12142,1.12138,750000,750000
2020-03-12 12:55:52.167000,1.12147,1.12144,750000,750000
2020-03-12 12:55:52.218000,1.12151,1.12144,750000,750000
2020-03-12 12:55:52.319000,1.12145,1.12139,750000,750000
2020-03-12 12:55:52.420000,1.12144,1.1214,750000,750000
2020-03-12 12:55:52.471000,1.12146,1.1214,750000,750000
2020-03-12 12:55:52.572000,1.12146,1.12136,750000,1500000
2020-03-12 12:55:52.674000,1.12149,1.12145,750000,750000
2020-03-12 12:55:52.775000,1.12148,1.12144,750000,750000
2020-03-12 12:55:52.826000,1.12151,1.12149,300000,750000
2020-03-12 12:55:52.877000,1.12159,1.12157,370000,370000
2020-03-12 12:55:52.980000,1.12154,1.1215,750000,1500000
2020-03-12 12:55:53.031000,1.12157,1.12152,750000,750000
2020-03-12 12:55:53.082000,1.12156,1.1215,800000,1500000
2020-03-12 12:55:53.133000,1.12155,1.12152,750000,1500000
2020-03-12 12:55:53.184000,1.12158,1.12156,370000,750000
2020-03-12 12:55:53.235000,1.1216,1.12157,750000,750000
2020-03-12 12:55:53.286000,1.1216,1.12159,750000,370000
2020-03-12 12:55:53.337000,1.12165,1.1216,300000,750000
2020-03-12 12:55:53.438000,1.1216,1.12155,190000,750000
2020-03-12 12:55:53.539000,1.12156,1.12153,450000,370000
2020-03-12 12:55:53.640000,1.12156,1.12146,450000,750000
2020-03-12 12:55:53.691000,1.1216,1.12146,750000,750000
2020-03-12 12:55:53.793000,1.12152,1.12147,750000,750000
2020-03-12 12:55:53.844000,1.12137,1.12135,750000,1120000
2020-03-12 12:55:53.895000,1.12133,1.12127,750000,750000
2020-03-12 12:55:53.996000,1.12129,1.12121,750000,2270000
2020-03-12 12:55:54.098000,1.12134,1.12125,750000,750000
2020-03-12 12:55:54.199000,1.12126,1.1212,450000,1500000
2020-03-12 12:55:54.302000,1.12147,1.12146,940000,750000
2020-03-12 12:55:54.353000,1.12159,1.12156,1500000,750000
2020-03-12 12:55:54.404000,1.12161,1.12152,750000,1500000
2020-03-12 12:55:54.455000,1.12165,1.12153,750000,1500000
2020-03-12 12:55:54.506000,1.12163,1.12157,1200000,1500000
2020-03-12 12:55:54.557000,1.12156,1.12149,450000,3000000
2020-03-12 12:55:54.609000,1.12153,1.1215,750000,750000
2020-03-12 12:55:54.660000,1.1215,1.12147,750000,940000
2020-03-12 12:55:54.711000,1.12146,1.12143,750000,750000
2020-03-12 12:55:54.813000,1.12148,1.12144,300000,750000
2020-03-12 12:55:54.966000,1.12144,1.12143,750000,750000
2020-03-12 12:55:55.017000,1.12142,1.12136,750000,750000
2020-03-12 12:55:55.068000,1.12137,1.12134,1500000,750000
2020-03-12 12:55:55.118000,1.12139,1.12136,750000,750000
2020-03-12 12:55:55.169000,1.12139,1.12132,1500000,750000
2020-03-12 12:55:55.220000,1.12137,1.12127,750000,190000
2020-03-12 12:55:55.322000,1.12138,1.12131,750000,1500000
2020-03-12 12:55:55.423000,1.12136,1.12132,750000,750000
2020-03-12 12:55:55.474000,1.12138,1.12128,1500000,940000
2020-03-12 12:55:55.524000,1.12142,1.12137,1500000,750000
2020-03-12 12:55:55.575000,1.12143,1.12139,1120000,750000
2020-03-12 12:55:55.626000,1.12145,1.12141,1500000,750000
2020-03-12 12:55:55.677000,1.12145,1.12135,750000,1690000
2020-03-12 12:55:55.728000,1.12148,1.12143,300000,1120000
2020-03-12 12:55:55.829000,1.12144,1.12142,750000,750000
2020-03-12 12:55:55.880000,1.12135,1.12133,750000,2250000
2020-03-12 12:55:55.931000,1.12131,1.12127,370000,370000
2020-03-12 12:55:55.982000,1.12126,1.12123,1500000,370000
2020-03-12 12:55:56.033000,1.12126,1.12117,1500000,1690000
2020-03-12 12:55:56.235000,1.12126,1.12118,1500000,750000
2020-03-12 12:55:56.387000,1.12126,1.12119,1500000,190000
2020-03-12 12:55:56.488000,1.12126,1.12117,1500000,1500000
2020-03-12 12:55:56.539000,1.12122,1.12119,450000,190000
2020-03-12 12:55:56.764000,1.12124,1.12121,450000,190000
2020-03-12 12:55:56.815000,1.12123,1.12118,450000,940000
2020-03-12 12:55:56.866000,1.12126,1.12118,1500000,190000
2020-03-12 12:55:56.968000,1.12125,1.12117,1690000,750000
2020-03-12 12:55:57.018000,1.12121,1.12118,750000,190000
2020-03-12 12:55:57.271000,1.12124,1.1212,750000,370000
2020-03-12 12:55:57.373000,1.12126,1.12119,1500000,190000
2020-03-12 12:55:57.474000,1.12131,1.12119,750000,190000
2020-03-12 12:55:57.727000,1.12129,1.12119,1500000,190000
2020-03-12 12:55:57.828000,1.12126,1.12118,3000000,750000
2020-03-12 12:55:57.929000,1.12124,1.1212,750000,750000
2020-03-12 12:55:57.980000,1.12126,1.12117,1500000,2440000
2020-03-12 12:55:58.031000,1.12123,1.12118,750000,190000
2020-03-12 12:55:58.081000,1.12123,1.12115,750000,750000
2020-03-12 12:55:58.132000,1.12119,1.12115,750000,750000
2020-03-12 12:55:58.234000,1.12125,1.12115,1500000,750000
2020-03-12 12:55:58.335000,1.12124,1.12114,370000,750000
2020-03-12 12:55:58.436000,1.12126,1.12115,1500000,750000
2020-03-12 12:55:58.588000,1.12125,1.12112,750000,1120000
2020-03-12 12:55:58.689000,1.12126,1.12116,300000,750000
2020-03-12 12:55:58.790000,1.12126,1.12118,300000,1500000
2020-03-12 12:55:58.891000,1.12126,1.1212,300000,750000
2020-03-12 12:55:58.942000,1.12129,1.12119,190000,1500000
2020-03-12 12:55:58.993000,1.12131,1.12123,2250000,750000
2020-03-12 12:55:59.044000,1.1213,1.1212,370000,750000
2020-03-12 12:55:59.246000,1.12131,1.12123,2250000,750000
2020-03-12 12:55:59.347000,1.12134,1.12126,1120000,750000
2020-03-12 12:55:59.449000,1.1213,1.12119,1120000,750000
2020-03-12 12:55:59.500000,1.12128,1.12119,750000,750000
2020-03-12 12:55:59.601000,1.12128,1.1212,750000,750000
2020-03-12 12:55:59.853000,1.1213,1.12121,1500000,750000
2020-03-12 12:56:00.011000,1.1213,1.1212,1500000,1500000
2020-03-12 12:56:00.112000,1.1213,1.12123,750000,750000
2020-03-12 12:56:00.163000,1.12131,1.1212,450000,750000
2020-03-12 12:56:00.264000,1.1213,1.12116,750000,750000
2020-03-12 12:56:00.315000,1.1212,1.12114,750000,750000
2020-03-12 12:56:00.366000,1.12112,1.1211,750000,750000
2020-03-12 12:56:00.417000,1.12109,1.12107,750000,450000
2020-03-12 12:56:00.518000,1.12114,1.12104,1120000,750000
2020-03-12 12:56:00.569000,1.12111,1.12104,750000,750000
2020-03-12 12:56:00.671000,1.12092,1.1209,1500000,1610000
2020-03-12 12:56:00.722000,1.12084,1.12082,750000,750000
2020-03-12 12:56:00.773000,1.1208,1.12078,750000,750000
2020-03-12 12:56:00.823000,1.12082,1.12077,1120000,750000
2020-03-12 12:56:00.925000,1.12086,1.12078,940000,190000
2020-03-12 12:56:00.976000,1.12081,1.12077,300000,190000
2020-03-12 12:56:01.027000,1.12081,1.12073,1050000,1870000
2020-03-12 12:56:01.078000,1.12078,1.12075,750000,750000
2020-03-12 12:56:01.130000,1.12081,1.12075,1990000,750000
2020-03-12 12:56:01.181000,1.12079,1.1207,1500000,750000
2020-03-12 12:56:01.283000,1.12076,1.12069,300000,750000
2020-03-12 12:56:01.384000,1.1208,1.12069,370000,1500000
2020-03-12 12:56:01.435000,1.12073,1.12066,190000,990000
2020-03-12 12:56:01.538000,1.12069,1.12064,190000,800000
2020-03-12 12:56:01.589000,1.12066,1.12064,1500000,750000
2020-03-12 12:56:01.640000,1.12067,1.12064,1500000,1710000
2020-03-12 12:56:01.692000,1.1207,1.12067,940000,1500000
2020-03-12 12:56:01.743000,1.12074,1.12067,190000,940000
2020-03-12 12:56:01.795000,1.12076,1.12068,670000,750000
2020-03-12 12:56:01.846000,1.12072,1.12066,190000,770000
2020-03-12 12:56:01.947000,1.12071,1.12067,450000,190000
2020-03-12 12:56:02.048000,1.12073,1.12069,450000,190000
2020-03-12 12:56:02.099000,1.12076,1.12068,750000,750000
2020-03-12 12:56:02.150000,1.12071,1.12066,370000,750000
2020-03-12 12:56:02.201000,1.12057,1.12051,750000,1500000
2020-03-12 12:56:02.252000,1.12058,1.12048,750000,5250000
2020-03-12 12:56:02.303000,1.12065,1.12054,940000,750000
2020-03-12 12:56:02.404000,1.12063,1.12052,750000,750000
2020-03-12 12:56:02.506000,1.12061,1.12053,450000,750000
2020-03-12 12:56:02.607000,1.12061,1.12054,450000,3000000
2020-03-12 12:56:02.658000,1.1207,1.12057,2440000,750000
2020-03-12 12:56:02.708000,1.12071,1.12059,1420000,750000
2020-03-12 12:56:02.810000,1.12066,1.12063,750000,750000
2020-03-12 12:56:02.860000,1.12068,1.12062,370000,940000
2020-03-12 12:56:02.962000,1.12068,1.12063,370000,750000
2020-03-12 12:56:03.012000,1.1206,1.12053,750000,1950000
2020-03-12 12:56:03.114000,1.12057,1.12048,1500000,300000
2020-03-12 12:56:03.165000,1.12061,1.12054,370000,750000
2020-03-12 12:56:03.215000,1.12052,1.12048,6520000,300000
2020-03-12 12:56:03.266000,1.1204,1.12039,190000,750000
2020-03-12 12:56:03.316000,1.12043,1.12041,190000,750000
2020-03-12 12:56:03.367000,1.12043,1.1204,750000,190000
2020-03-12 12:56:03.418000,1.12041,1.12037,750000,750000
2020-03-12 12:56:03.469000,1.12045,1.12038,190000,750000
2020-03-12 12:56:03.570000,1.12046,1.12037,190000,940000
2020-03-12 12:56:03.620000,1.12044,1.12035,190000,1120000
2020-03-12 12:56:03.722000,1.12047,1.12035,940000,370000
2020-03-12 12:56:03.773000,1.12041,1.12032,1500000,1500000
2020-03-12 12:56:03.874000,1.12048,1.12038,750000,750000
2020-03-12 12:56:03.952000,1.12048,1.12036,370000,190000
2020-03-12 12:56:04.003000,1.12043,1.12041,300000,750000
2020-03-12 12:56:04.054000,1.12041,1.12036,1050000,1140000
2020-03-12 12:56:04.155000,1.12041,1.12037,450000,750000
2020-03-12 12:56:04.206000,1.12028,1.12024,750000,1870000
2020-03-12 12:56:04.307000,1.12025,1.12016,750000,2620000
2020-03-12 12:56:04.358000,1.12029,1.12026,2440000,370000
2020-03-12 12:56:04.459000,1.12035,1.1203,750000,1500000
2020-03-12 12:56:04.510000,1.12032,1.1203,370000,750000
2020-03-12 12:56:04.611000,1.12037,1.12035,1240000,1490000
2020-03-12 12:56:04.712000,1.12037,1.12034,300000,1490000
2020-03-12 12:56:04.763000,1.12036,1.12031,300000,740000
2020-03-12 12:56:04.864000,1.12032,1.12026,450000,1490000
2020-03-12 12:56:04.966000,1.12033,1.12029,190000,1500000
2020-03-12 12:56:05.067000,1.12036,1.12027,750000,750000
2020-03-12 12:56:05.118000,1.12039,1.12029,1120000,750000
2020-03-12 12:56:05.169000,1.1203,1.12026,750000,750000
2020-03-12 12:56:05.378000,1.12027,1.12025,750000,750000
2020-03-12 12:56:05.480000,1.12031,1.12023,100000,940000
2020-03-12 12:56:05.531000,1.12032,1.12027,750000,750000
2020-03-12 12:56:05.582000,1.12023,1.12019,2250000,1500000
2020-03-12 12:56:05.683000,1.12023,1.1202,1120000,190000
2020-03-12 12:56:05.734000,1.12022,1.12018,1120000,750000
2020-03-12 12:56:05.785000,1.12022,1.12016,1120000,190000
2020-03-12 12:56:05.835000,1.12023,1.12019,1120000,4500000
2020-03-12 12:56:05.937000,1.12025,1.12023,750000,750000
2020-03-12 12:56:06.089000,1.12026,1.12021,1050000,750000
2020-03-12 12:56:06.190000,1.12027,1.1202,1050000,750000
2020-03-12 12:56:06.241000,1.12034,1.12031,370000,750000
2020-03-12 12:56:06.342000,1.12029,1.12022,750000,2440000
2020-03-12 12:56:06.393000,1.12026,1.12021,750000,190000
2020-03-12 12:56:06.494000,1.12027,1.12017,1500000,1120000
2020-03-12 12:56:06.595000,1.12027,1.12019,1500000,370000
2020-03-12 12:56:06.697000,1.12027,1.12017,300000,1120000
2020-03-12 12:56:06.748000,1.12027,1.12019,300000,190000
2020-03-12 12:56:06.849000,1.1203,1.12027,300000,750000
2020-03-12 12:56:06.901000,1.12032,1.12026,750000,750000
2020-03-12 12:56:07.156000,1.12027,1.12022,750000,370000
2020-03-12 12:56:07.309000,1.12027,1.12021,300000,190000
2020-03-12 12:56:07.360000,1.12027,1.12023,300000,190000
2020-03-12 12:56:07.411000,1.12031,1.12028,750000,750000
2020-03-12 12:56:07.513000,1.1203,1.12025,750000,750000
2020-03-12 12:56:07.564000,1.12032,1.12025,1120000,750000
2020-03-12 12:56:07.615000,1.12031,1.12023,370000,750000
2020-03-12 12:56:07.717000,1.12032,1.12024,1050000,750000
2020-03-12 12:56:07.768000,1.12032,1.12022,1050000,750000
2020-03-12 12:56:07.819000,1.12029,1.12025,450000,100000
2020-03-12 12:56:07.871000,1.12032,1.12027,750000,750000
2020-03-12 12:56:07.922000,1.12031,1.12024,100000,190000
2020-03-12 12:56:07.973000,1.12036,1.12023,750000,190000
2020-03-12 12:56:08.024000,1.12035,1.12025,750000,560000
2020-03-12 12:56:08.126000,1.12037,1.12022,2740000,1690000
2020-03-12 12:56:08.177000,1.1203,1.12022,750000,190000
2020-03-12 12:56:08.228000,1.12032,1.12019,190000,560000
2020-03-12 12:56:08.279000,1.12028,1.12025,750000,1500000
2020-03-12 12:56:08.381000,1.12016,1.1201,750000,750000
2020-03-12 12:56:08.432000,1.12019,1.1201,1120000,750000
2020-03-12 12:56:08.483000,1.12019,1.12004,1120000,370000
2020-03-12 12:56:08.534000,1.12017,1.12003,370000,450000
2020-03-12 12:56:08.636000,1.12015,1.12003,100000,520000
2020-03-12 12:56:08.737000,1.12004,1.12,190000,2250000
2020-03-12 12:56:08.788000,1.12,1.11999,940000,360000
2020-03-12 12:56:08.839000,1.11999,1.11995,190000,2250000
2020-03-12 12:56:08.889000,1.11999,1.11995,240000,750000
2020-03-12 12:56:08.991000,1.11999,1.11994,240000,370000
2020-03-12 12:56:09.092000,1.11997,1.11992,500000,750000
2020-03-12 12:56:09.194000,1.11997,1.11993,150000,750000
2020-03-12 12:56:09.295000,1.11999,1.11993,190000,750000
2020-03-12 12:56:09.498000,1.12,1.11993,190000,750000
2020-03-12 12:56:09.600000,1.11994,1.11991,100000,2250000
2020-03-12 12:56:09.702000,1.11995,1.11989,190000,750000
2020-03-12 12:56:09.803000,1.11996,1.11988,820000,190000
2020-03-12 12:56:10.006000,1.11995,1.11988,100000,750000
2020-03-12 12:56:10.108000,1.11993,1.11988,450000,750000
2020-03-12 12:56:10.209000,1.11995,1.11988,190000,750000
2020-03-12 12:56:10.362000,1.11996,1.11988,450000,940000
2020-03-12 12:56:10.515000,1.11997,1.11988,640000,940000
2020-03-12 12:56:10.668000,1.11995,1.11988,190000,750000
2020-03-12 12:56:10.820000,1.11996,1.11988,450000,940000
2020-03-12 12:56:10.922000,1.11993,1.11987,450000,190000
2020-03-12 12:56:11.023000,1.11991,1.11983,750000,750000
2020-03-12 12:56:11.226000,1.11988,1.11982,750000,750000
2020-03-12 12:56:11.327000,1.11988,1.11979,190000,370000
2020-03-12 12:56:11.580000,1.11988,1.11981,300000,370000
2020-03-12 12:56:11.681000,1.11988,1.1198,300000,370000
2020-03-12 12:56:11.732000,1.11988,1.11978,490000,2620000
2020-03-12 12:56:11.884000,1.11987,1.11978,190000,1500000
2020-03-12 12:56:11.986000,1.11988,1.11978,190000,2250000
2020-03-12 12:56:12.087000,1.11987,1.11978,190000,2060000
2020-03-12 12:56:12.189000,1.11988,1.1198,940000,370000
2020-03-12 12:56:12.239000,1.11988,1.11977,750000,1500000
2020-03-12 12:56:12.291000,1.11988,1.11979,750000,370000
2020-03-12 12:56:12.342000,1.1199,1.11979,190000,370000
2020-03-12 12:56:12.443000,1.1199,1.11979,190000,370000
2020-03-12 12:56:12.546000,1.11991,1.11979,190000,1120000
2020-03-12 12:56:12.647000,1.11991,1.11979,190000,1120000
2020-03-12 12:56:12.849000,1.11986,1.11977,1500000,2060000
2020-03-12 12:56:12.901000,1.11988,1.11977,750000,2060000
2020-03-12 12:56:13.003000,1.11993,1.11979,640000,750000
2020-03-12 12:56:13.104000,1.11993,1.11979,640000,1120000
2020-03-12 12:56:13.156000,1.11993,1.11979,450000,1120000
2020-03-12 12:56:13.258000,1.11994,1.1198,190000,450000
2020-03-12 12:56:13.359000,1.11996,1.11992,370000,1500000
2020-03-12 12:56:13.410000,1.11998,1.11995,2170000,750000
2020-03-12 12:56:13.463000,1.11998,1.11989,4310000,370000
2020-03-12 12:56:13.564000,1.11993,1.11989,370000,300000
2020-03-12 12:56:13.615000,1.1199,1.11984,370000,300000
2020-03-12 12:56:13.666000,1.11995,1.11984,940000,300000
2020-03-12 12:56:13.717000,1.11995,1.11982,190000,370000
2020-03-12 12:56:13.869000,1.11995,1.11982,190000,370000
2020-03-12 12:56:13.920000,1.11995,1.11981,1690000,370000
2020-03-12 12:56:13.970000,1.11994,1.1198,190000,370000
2020-03-12 12:56:14.072000,1.11989,1.1198,750000,1120000
2020-03-12 12:56:14.173000,1.11989,1.11979,750000,370000
2020-03-12 12:56:14.224000,1.1199,1.11979,750000,1310000
2020-03-12 12:56:14.351000,1.11996,1.11981,370000,940000
2020-03-12 12:56:14.402000,1.11997,1.11985,750000,750000
2020-03-12 12:56:14.503000,1.11998,1.11991,2440000,750000
2020-03-12 12:56:14.554000,1.11998,1.11988,1690000,560000
2020-03-12 12:56:14.604000,1.11998,1.11987,190000,190000
2020-03-12 12:56:14.706000,1.11999,1.11993,370000,750000
2020-03-12 12:56:14.807000,1.12004,1.11993,4120000,940000
2020-03-12 12:56:14.858000,1.12004,1.11999,1870000,940000
2020-03-12 12:56:14.959000,1.1201,1.11999,1120000,190000
2020-03-12 12:56:15.010000,1.1201,1.11995,1120000,370000
2020-03-12 12:56:15.111000,1.12013,1.11997,2620000,940000
2020-03-12 12:56:15.212000,1.12016,1.1201,220000,370000
2020-03-12 12:56:15.313000,1.12018,1.12012,370000,750000
2020-03-12 12:56:15.415000,1.1203,1.12028,370000,750000
2020-03-12 12:56:15.465000,1.12043,1.12034,2250000,750000
2020-03-12 12:56:15.516000,1.12043,1.12036,370000,190000
2020-03-12 12:56:15.617000,1.12047,1.12042,370000,750000
2020-03-12 12:56:15.718000,1.12047,1.12044,940000,190000
2020-03-12 12:56:15.769000,1.12053,1.12051,1160000,750000
2020-03-12 12:56:15.820000,1.12055,1.12051,1500000,940000
2020-03-12 12:56:15.871000,1.12066,1.12058,1500000,750000
2020-03-12 12:56:15.922000,1.12065,1.12058,370000,750000
2020-03-12 12:56:16.023000,1.12067,1.12061,1120000,190000
2020-03-12 12:56:16.073000,1.12067,1.12066,1120000,750000
2020-03-12 12:56:16.124000,1.12075,1.12071,300000,750000
2020-03-12 12:56:16.175000,1.12084,1.12075,190000,1500000
2020-03-12 12:56:16.226000,1.12077,1.12073,750000,940000
2020-03-12 12:56:16.276000,1.12081,1.12071,1500000,190000
2020-03-12 12:56:16.327000,1.12078,1.12075,450000,190000
2020-03-12 12:56:16.378000,1.12074,1.12073,750000,190000
2020-03-12 12:56:16.429000,1.12077,1.12071,750000,370000
2020-03-12 12:56:16.480000,1.12072,1.1207,750000,750000
2020-03-12 12:56:16.530000,1.12076,1.12069,750000,1500000
2020-03-12 12:56:16.581000,1.12077,1.12073,750000,190000
2020-03-12 12:56:16.682000,1.12076,1.12072,1120000,190000
2020-03-12 12:56:16.733000,1.12068,1.12066,750000,750000
2020-03-12 12:56:16.784000,1.12069,1.12064,4500000,1120000
2020-03-12 12:56:16.885000,1.12068,1.12066,300000,750000
2020-03-12 12:56:16.936000,1.1207,1.12068,750000,750000
2020-03-12 12:56:16.987000,1.12073,1.1207,2250000,190000
2020-03-12 12:56:17.037000,1.12071,1.12069,750000,750000
2020-03-12 12:56:17.088000,1.12057,1.12054,750000,750000
2020-03-12 12:56:17.139000,1.12058,1.12057,750000,1120000
2020-03-12 12:56:17.291000,1.12057,1.12056,750000,370000
2020-03-12 12:56:17.341000,1.12057,1.1205,750000,190000
2020-03-12 12:56:17.392000,1.12052,1.12049,750000,940000
2020-03-12 12:56:17.443000,1.12055,1.12048,1500000,940000
2020-03-12 12:56:17.494000,1.12056,1.1205,750000,370000
2020-03-12 12:56:17.595000,1.12055,1.12049,750000,1310000
2020-03-12 12:56:17.646000,1.12059,1.1205,750000,750000
2020-03-12 12:56:17.697000,1.12057,1.1205,750000,750000
2020-03-12 12:56:17.798000,1.12057,1.12049,750000,750000
2020-03-12 12:56:18,1.1206,1.12053,750000,370000
2020-03-12 12:56:18.051000,1.1206,1.12051,750000,940000
2020-03-12 12:56:18.152000,1.12059,1.12051,750000,190000
2020-03-12 12:56:18.254000,1.1206,1.12051,750000,940000
2020-03-12 12:56:18.304000,1.12061,1.12053,750000,940000
2020-03-12 12:56:18.406000,1.12061,1.12051,750000,1310000
2020-03-12 12:56:18.456000,1.12059,1.12051,750000,1310000
2020-03-12 12:56:18.558000,1.1206,1.1205,750000,1310000
2020-03-12 12:56:18.659000,1.12064,1.12058,370000,370000
2020-03-12 12:56:18.760000,1.12072,1.12069,1120000,190000
2020-03-12 12:56:18.811000,1.12064,1.1206,750000,750000
2020-03-12 12:56:18.862000,1.12067,1.12064,1500000,190000
2020-03-12 12:56:18.913000,1.12062,1.12059,750000,370000
2020-03-12 12:56:18.964000,1.12058,1.12057,750000,370000
2020-03-12 12:56:19.014000,1.12054,1.12052,1500000,370000
2020-03-12 12:56:19.066000,1.12049,1.12044,750000,750000
2020-03-12 12:56:19.117000,1.12044,1.12042,750000,370000
2020-03-12 12:56:19.167000,1.12047,1.12041,750000,750000
2020-03-12 12:56:19.218000,1.12044,1.1204,750000,1120000
2020-03-12 12:56:19.269000,1.12045,1.12033,750000,370000
2020-03-12 12:56:19.371000,1.12044,1.12038,750000,750000
2020-03-12 12:56:19.421000,1.12045,1.12035,750000,1500000
2020-03-12 12:56:19.523000,1.12054,1.1204,1500000,1500000
2020-03-12 12:56:19.574000,1.1205,1.1204,750000,750000
2020-03-12 12:56:19.675000,1.12047,1.12038,370000,370000
2020-03-12 12:56:19.776000,1.12047,1.12043,370000,370000
2020-03-12 12:56:19.877000,1.12047,1.12038,370000,370000
2020-03-12 12:56:19.978000,1.12047,1.12037,370000,370000
2020-03-12 12:56:20.029000,1.12051,1.12043,750000,370000
2020-03-12 12:56:20.130000,1.12051,1.12044,750000,370000
2020-03-12 12:56:20.181000,1.12051,1.12041,750000,370000
2020-03-12 12:56:20.232000,1.12053,1.12039,1870000,370000
2020-03-12 12:56:20.333000,1.12052,1.12039,750000,370000
2020-03-12 12:56:20.384000,1.1205,1.12039,750000,370000
2020-03-12 12:56:20.485000,1.12048,1.1204,300000,370000
2020-03-12 12:56:20.637000,1.12048,1.12041,300000,370000
2020-03-12 12:56:21.144000,1.12044,1.1204,300000,370000
2020-03-12 12:56:21.245000,1.12055,1.12043,1120000,750000
2020-03-12 12:56:21.296000,1.12055,1.12047,750000,750000
2020-03-12 12:56:21.347000,1.12054,1.12044,450000,3370000
2020-03-12 12:56:21.448000,1.12053,1.12046,450000,1120000
2020-03-12 12:56:21.499000,1.12055,1.12045,370000,190000
2020-03-12 12:56:21.600000,1.12055,1.12042,370000,2620000
2020-03-12 12:56:21.651000,1.12057,1.12047,1870000,750000
2020-03-12 12:56:21.752000,1.12055,1.12045,370000,1500000
2020-03-12 12:56:21.854000,1.1206,1.12057,300000,7500000
2020-03-12 12:56:21.904000,1.12058,1.12055,300000,3460000
2020-03-12 12:56:21.955000,1.12057,1.12049,750000,370000
2020-03-12 12:56:22.006000,1.12061,1.12047,1120000,1310000
2020-03-12 12:56:22.057000,1.12061,1.12055,1120000,940000
2020-03-12 12:56:22.360000,1.1206,1.12049,370000,370000
2020-03-12 12:56:22.411000,1.12057,1.12049,750000,370000
2020-03-12 12:56:22.462000,1.1206,1.12049,2250000,370000
2020-03-12 12:56:22.513000,1.12055,1.12051,750000,370000
2020-03-12 12:56:22.566000,1.12055,1.12049,750000,750000
2020-03-12 12:56:22.617000,1.12051,1.12045,450000,1500000
2020-03-12 12:56:22.718000,1.1205,1.12044,640000,750000
2020-03-12 12:56:22.769000,1.12054,1.12045,1800000,370000
2020-03-12 12:56:22.870000,1.12054,1.12046,1050000,370000
2020-03-12 12:56:22.921000,1.12053,1.12044,1500000,750000
2020-03-12 12:56:22.972000,1.12053,1.12041,750000,750000
2020-03-12 12:56:23.023000,1.12053,1.12044,1500000,750000
2020-03-12 12:56:23.074000,1.12052,1.12042,750000,750000
2020-03-12 12:56:23.175000,1.12055,1.12046,2210000,1120000
2020-03-12 12:56:23.277000,1.12055,1.12049,450000,940000
2020-03-12 12:56:23.378000,1.12059,1.12057,1910000,370000
2020-03-12 12:56:23.429000,1.12059,1.12055,1910000,370000
2020-03-12 12:56:23.480000,1.12061,1.12054,750000,300000
2020-03-12 12:56:23.581000,1.12066,1.12062,3710000,190000
2020-03-12 12:56:23.632000,1.12073,1.12072,450000,190000
2020-03-12 12:56:23.683000,1.1208,1.12077,1120000,750000
2020-03-12 12:56:23.734000,1.12083,1.12079,450000,750000
2020-03-12 12:56:23.835000,1.12087,1.12079,450000,1500000
2020-03-12 12:56:23.936000,1.1209,1.12084,750000,750000
2020-03-12 12:56:23.987000,1.12089,1.12082,2250000,750000
2020-03-12 12:56:24.038000,1.12082,1.12079,750000,750000
2020-03-12 12:56:24.089000,1.12079,1.1207,940000,750000
2020-03-12 12:56:24.140000,1.12074,1.1207,750000,750000
2020-03-12 12:56:24.190000,1.12071,1.12063,750000,1690000
2020-03-12 12:56:24.241000,1.12075,1.12073,1570000,750000
2020-03-12 12:56:24.292000,1.1208,1.12073,750000,820000
2020-03-12 12:56:24.343000,1.12081,1.12075,750000,100000
2020-03-12 12:56:24.445000,1.12084,1.12081,750000,750000
2020-03-12 12:56:24.496000,1.121,1.12096,190000,750000
2020-03-12 12:56:24.547000,1.1211,1.12097,1120000,750000
2020-03-12 12:56:24.597000,1.12104,1.12099,750000,750000
2020-03-12 12:56:24.648000,1.12089,1.12088,750000,100000
2020-03-12 12:56:24.699000,1.12091,1.1209,750000,7350000
2020-03-12 12:56:24.770000,1.1209,1.12088,750000,1500000
2020-03-12 12:56:24.824000,1.12094,1.1209,750000,750000
2020-03-12 12:56:24.925000,1.12096,1.1209,750000,370000
2020-03-12 12:56:24.976000,1.12096,1.12095,750000,300000
2020-03-12 12:56:25.078000,1.12103,1.121,750000,300000
2020-03-12 12:56:25.129000,1.12096,1.12093,750000,750000
2020-03-12 12:56:25.180000,1.12095,1.12091,750000,750000
2020-03-12 12:56:25.231000,1.12099,1.1209,750000,750000
2020-03-12 12:56:25.282000,1.121,1.12088,710000,750000
2020-03-12 12:56:25.334000,1.12096,1.12087,750000,750000
2020-03-12 12:56:25.385000,1.12099,1.12087,750000,1120000
2020-03-12 12:56:25.487000,1.12096,1.1209,750000,750000
2020-03-12 12:56:25.538000,1.12096,1.12086,750000,750000
2020-03-12 12:56:25.589000,1.12098,1.12089,1500000,750000
2020-03-12 12:56:25.690000,1.12104,1.12092,300000,1500000
2020-03-12 12:56:25.741000,1.12104,1.12094,1050000,750000
2020-03-12 12:56:25.792000,1.12093,1.1209,370000,370000
2020-03-12 12:56:25.893000,1.12093,1.12082,370000,300000
2020-03-12 12:56:25.944000,1.12093,1.12082,1500000,300000
2020-03-12 12:56:25.995000,1.12091,1.12082,750000,300000
2020-03-12 12:56:26.096000,1.12091,1.12075,1870000,750000
2020-03-12 12:56:26.147000,1.12091,1.12085,370000,750000
2020-03-12 12:56:26.197000,1.12095,1.12093,1500000,190000
2020-03-12 12:56:26.299000,1.12095,1.12085,750000,1120000
2020-03-12 12:56:26.350000,1.12096,1.1208,370000,450000
2020-03-12 12:56:26.400000,1.12096,1.12089,1120000,370000
2020-03-12 12:56:26.451000,1.1209,1.1208,750000,450000
2020-03-12 12:56:26.502000,1.1209,1.12078,750000,750000
2020-03-12 12:56:26.603000,1.12091,1.12078,750000,750000
2020-03-12 12:56:26.704000,1.12094,1.12078,1050000,750000
2020-03-12 12:56:26.806000,1.12094,1.12079,750000,750000
2020-03-12 12:56:26.857000,1.12093,1.12077,750000,3000000
2020-03-12 12:56:26.959000,1.12093,1.12078,750000,1870000
2020-03-12 12:56:27.061000,1.12095,1.12079,750000,750000
2020-03-12 12:56:27.113000,1.12099,1.12081,450000,750000
2020-03-12 12:56:27.164000,1.12102,1.12085,750000,300000
2020-03-12 12:56:27.265000,1.12101,1.12085,750000,300000
2020-03-12 12:56:27.367000,1.12095,1.12076,750000,750000
2020-03-12 12:56:27.468000,1.12097,1.12075,2250000,1500000
2020-03-12 12:56:27.570000,1.12097,1.12077,1500000,750000
2020-03-12 12:56:27.672000,1.12096,1.1208,750000,750000
2020-03-12 12:56:27.774000,1.1209,1.12082,750000,750000
2020-03-12 12:56:27.826000,1.12086,1.1208,1500000,450000
2020-03-12 12:56:27.877000,1.12083,1.12072,750000,1690000
2020-03-12 12:56:27.928000,1.12083,1.12072,750000,940000
2020-03-12 12:56:28.029000,1.12087,1.1208,1120000,750000
2020-03-12 12:56:28.131000,1.12085,1.12079,1500000,750000
2020-03-12 12:56:28.232000,1.12085,1.12078,1570000,750000
2020-03-12 12:56:28.283000,1.12082,1.12072,370000,750000
2020-03-12 12:56:28.385000,1.12082,1.12071,370000,750000
2020-03-12 12:56:28.487000,1.12088,1.12086,750000,1690000
2020-03-12 12:56:28.538000,1.12093,1.12092,750000,750000
2020-03-12 12:56:28.589000,1.12108,1.12105,1460000,2250000
2020-03-12 12:56:28.639000,1.12118,1.12115,370000,750000
2020-03-12 12:56:28.690000,1.12123,1.12118,750000,1120000
2020-03-12 12:56:28.741000,1.12123,1.12121,1500000,750000
2020-03-12 12:56:28.792000,1.12133,1.12124,750000,750000
2020-03-12 12:56:28.943000,1.12133,1.12121,750000,750000
2020-03-12 12:56:28.994000,1.12128,1.12119,750000,750000
2020-03-12 12:56:29.096000,1.12123,1.12117,750000,190000
2020-03-12 12:56:29.147000,1.12116,1.12115,750000,1050000
2020-03-12 12:56:29.198000,1.12121,1.12118,750000,750000
2020-03-12 12:56:29.299000,1.12121,1.12116,750000,750000
2020-03-12 12:56:29.350000,1.12115,1.12112,750000,750000
2020-03-12 12:56:29.401000,1.12116,1.12106,750000,750000
2020-03-12 12:56:29.452000,1.12115,1.12102,750000,1500000
2020-03-12 12:56:29.503000,1.12118,1.12105,2250000,750000
2020-03-12 12:56:29.604000,1.1212,1.12102,190000,750000
2020-03-12 12:56:29.706000,1.1211,1.12105,750000,300000
2020-03-12 12:56:29.757000,1.12116,1.12107,750000,750000
2020-03-12 12:56:29.808000,1.12116,1.121,750000,300000
2020-03-12 12:56:29.909000,1.12108,1.121,750000,750000
2020-03-12 12:56:30.011000,1.12107,1.12097,750000,370000
2020-03-12 12:56:30.062000,1.12113,1.12111,370000,750000
2020-03-12 12:56:30.112000,1.12121,1.12119,750000,750000
2020-03-12 12:56:30.163000,1.12125,1.12121,750000,560000
2020-03-12 12:56:30.214000,1.1213,1.12128,1800000,750000
2020-03-12 12:56:30.265000,1.12143,1.12133,1990000,190000
2020-03-12 12:56:30.316000,1.12135,1.12133,2250000,190000
2020-03-12 12:56:30.366000,1.12139,1.12133,1050000,940000
2020-03-12 12:56:30.417000,1.12134,1.12131,450000,3190000
2020-03-12 12:56:30.468000,1.12128,1.12125,1500000,1690000
2020-03-12 12:56:30.519000,1.12126,1.12121,750000,750000
2020-03-12 12:56:30.570000,1.12119,1.12117,750000,1500000
2020-03-12 12:56:30.671000,1.12117,1.1211,750000,300000
2020-03-12 12:56:30.722000,1.12114,1.1211,750000,300000
2020-03-12 12:56:30.824000,1.12116,1.1211,750000,300000
2020-03-12 12:56:30.939000,1.12111,1.1211,750000,300000
2020-03-12 12:56:30.989000,1.1211,1.12105,1500000,300000
2020-03-12 12:56:31.040000,1.12107,1.12105,750000,300000
2020-03-12 12:56:31.091000,1.12107,1.12101,750000,100000
2020-03-12 12:56:31.192000,1.12103,1.121,750000,100000
2020-03-12 12:56:31.243000,1.12107,1.121,750000,100000
2020-03-12 12:56:31.294000,1.12112,1.12106,750000,100000
2020-03-12 12:56:31.395000,1.12115,1.12099,370000,1310000
2020-03-12 12:56:31.446000,1.12119,1.12116,1160000,750000
2020-03-12 12:56:31.497000,1.12119,1.12109,750000,190000
2020-03-12 12:56:31.548000,1.12114,1.12106,750000,370000
2020-03-12 12:56:31.598000,1.12118,1.12107,750000,190000
2020-03-12 12:56:31.649000,1.12122,1.1211,750000,190000
2020-03-12 12:56:31.700000,1.12118,1.1211,750000,190000
2020-03-12 12:56:31.751000,1.12118,1.12108,750000,1120000
2020-03-12 12:56:31.852000,1.12118,1.12109,750000,370000
2020-03-12 12:56:31.903000,1.12118,1.12107,1500000,100000
2020-03-12 12:56:31.953000,1.12115,1.12109,750000,100000
2020-03-12 12:56:32.054000,1.12116,1.12108,750000,100000
2020-03-12 12:56:32.105000,1.12123,1.12108,1310000,100000
2020-03-12 12:56:32.156000,1.12116,1.12111,750000,370000
2020-03-12 12:56:32.308000,1.12117,1.12107,750000,370000
2020-03-12 12:56:32.359000,1.12112,1.12105,750000,860000
2020-03-12 12:56:32.460000,1.1211,1.12102,750000,1310000
2020-03-12 12:56:32.561000,1.12107,1.12102,750000,370000
2020-03-12 12:56:32.663000,1.12112,1.12103,750000,370000
2020-03-12 12:56:32.764000,1.12114,1.12103,750000,370000
2020-03-12 12:56:32.866000,1.12114,1.12105,750000,370000
2020-03-12 12:56:32.967000,1.12116,1.12112,370000,370000
2020-03-12 12:56:33.018000,1.12115,1.1211,750000,300000
2020-03-12 12:56:33.069000,1.1212,1.1211,1500000,300000
2020-03-12 12:56:33.121000,1.12119,1.12107,1500000,370000
2020-03-12 12:56:33.172000,1.12111,1.12105,750000,750000
2020-03-12 12:56:33.275000,1.12112,1.12108,750000,1120000
2020-03-12 12:56:33.326000,1.12112,1.12106,750000,750000
2020-03-12 12:56:33.377000,1.12113,1.12108,750000,370000
2020-03-12 12:56:33.429000,1.12112,1.12105,1500000,670000
2020-03-12 12:56:33.531000,1.12113,1.12105,750000,670000
2020-03-12 12:56:33.632000,1.12113,1.12108,750000,370000
2020-03-12 12:56:33.760000,1.12111,1.12105,750000,300000
2020-03-12 12:56:33.864000,1.12115,1.12106,750000,370000
2020-03-12 12:56:33.914000,1.12111,1.12105,750000,370000
2020-03-12 12:56:33.965000,1.12115,1.12105,750000,370000
2020-03-12 12:56:34.066000,1.12115,1.12106,750000,750000
2020-03-12 12:56:34.167000,1.12109,1.12101,750000,750000
2020-03-12 12:56:34.269000,1.12108,1.12106,750000,750000
2020-03-12 12:56:34.319000,1.12111,1.12105,750000,750000
2020-03-12 12:56:34.421000,1.12111,1.12104,1870000,750000
2020-03-12 12:56:34.523000,1.12111,1.12105,1050000,750000
2020-03-12 12:56:34.675000,1.12109,1.12102,750000,750000
2020-03-12 12:56:34.776000,1.12104,1.12101,750000,750000
2020-03-12 12:56:34.877000,1.12103,1.12098,1500000,370000
2020-03-12 12:56:34.928000,1.12105,1.12095,2440000,1500000
2020-03-12 12:56:35.029000,1.12099,1.12095,370000,750000
2020-03-12 12:56:35.130000,1.12101,1.12099,280000,750000
2020-03-12 12:56:35.232000,1.12101,1.12099,370000,750000
2020-03-12 12:56:35.333000,1.12101,1.12098,370000,750000
2020-03-12 12:56:35.434000,1.121,1.12095,370000,1500000
2020-03-12 12:56:35.486000,1.121,1.12099,370000,750000
2020-03-12 12:56:35.536000,1.12101,1.12095,370000,750000
2020-03-12 12:56:35.587000,1.12101,1.12098,1870000,750000
2020-03-12 12:56:35.689000,1.12102,1.12098,750000,750000
2020-03-12 12:56:35.790000,1.12103,1.12095,1120000,1870000
2020-03-12 12:56:35.942000,1.12101,1.12095,750000,750000
2020-03-12 12:56:35.993000,1.12091,1.12086,1500000,1500000
2020-03-12 12:56:36.094000,1.12091,1.12083,750000,750000
2020-03-12 12:56:36.195000,1.12091,1.12083,2250000,750000
2020-03-12 12:56:36.246000,1.12091,1.12085,1500000,750000
2020-03-12 12:56:36.348000,1.12091,1.12085,750000,750000
2020-03-12 12:56:36.449000,1.12091,1.12085,750000,750000
2020-03-12 12:56:36.752000,1.12091,1.12083,1500000,750000
2020-03-12 12:56:36.802000,1.12083,1.1208,750000,370000
2020-03-12 12:56:36.853000,1.12081,1.12076,750000,190000
2020-03-12 12:56:36.955000,1.12083,1.1208,370000,1120000
2020-03-12 12:56:37.056000,1.12083,1.12081,750000,750000
2020-03-12 12:56:37.158000,1.12083,1.12079,370000,750000
2020-03-12 12:56:37.310000,1.12084,1.12081,370000,750000
2020-03-12 12:56:37.462000,1.12084,1.12079,370000,750000
2020-03-12 12:56:37.513000,1.12087,1.12084,370000,1570000
2020-03-12 12:56:37.564000,1.12096,1.12092,750000,750000
2020-03-12 12:56:37.615000,1.12093,1.12087,750000,750000
2020-03-12 12:56:37.716000,1.12093,1.12086,750000,190000
2020-03-12 12:56:37.770000,1.12096,1.12093,1120000,750000
2020-03-12 12:56:37.872000,1.12096,1.12091,1120000,750000
2020-03-12 12:56:37.974000,1.12095,1.1209,750000,750000
2020-03-12 12:56:38.025000,1.12096,1.1209,1500000,750000
2020-03-12 12:56:38.127000,1.12096,1.12093,750000,750000
2020-03-12 12:56:38.279000,1.12097,1.12095,370000,750000
2020-03-12 12:56:38.330000,1.12108,1.12104,3750000,750000
2020-03-12 12:56:38.431000,1.12109,1.12101,750000,750000
2020-03-12 12:56:38.482000,1.12116,1.12111,3750000,940000
2020-03-12 12:56:38.583000,1.12117,1.12114,750000,1500000
2020-03-12 12:56:38.634000,1.12123,1.12119,370000,1690000
2020-03-12 12:56:38.735000,1.1212,1.12115,3000000,1050000
2020-03-12 12:56:38.837000,1.12117,1.12114,1500000,750000
2020-03-12 12:56:38.888000,1.12117,1.12114,750000,750000
2020-03-12 12:56:38.989000,1.12117,1.12115,750000,750000
2020-03-12 12:56:39.040000,1.12117,1.12113,750000,940000
2020-03-12 12:56:39.142000,1.12118,1.12112,1200000,190000
2020-03-12 12:56:39.243000,1.12118,1.12111,750000,750000
2020-03-12 12:56:39.345000,1.12118,1.12113,2250000,750000
2020-03-12 12:56:39.446000,1.12118,1.12112,750000,750000
2020-03-12 12:56:39.497000,1.12118,1.12114,750000,750000
2020-03-12 12:56:39.598000,1.12126,1.12123,1460000,190000
2020-03-12 12:56:39.699000,1.1213,1.12128,300000,750000
2020-03-12 12:56:39.750000,1.12132,1.1213,750000,750000
2020-03-12 12:56:39.801000,1.12132,1.12128,750000,940000
2020-03-12 12:56:39.852000,1.12132,1.12126,750000,750000
2020-03-12 12:56:39.903000,1.12134,1.12132,1500000,750000
2020-03-12 12:56:39.953000,1.1214,1.12137,370000,750000
2020-03-12 12:56:40.004000,1.12141,1.12138,750000,750000
2020-03-12 12:56:40.055000,1.12141,1.12133,750000,750000
2020-03-12 12:56:40.106000,1.12139,1.1213,1500000,450000
2020-03-12 12:56:40.208000,1.12136,1.12131,750000,750000
2020-03-12 12:56:40.259000,1.12137,1.12135,750000,750000
2020-03-12 12:56:40.310000,1.12137,1.12134,750000,750000
2020-03-12 12:56:40.361000,1.12135,1.1213,750000,750000
2020-03-12 12:56:40.412000,1.1213,1.12129,750000,1500000
2020-03-12 12:56:40.462000,1.1213,1.12128,750000,750000
2020-03-12 12:56:40.564000,1.12129,1.12126,1500000,750000
2020-03-12 12:56:40.615000,1.12129,1.12123,750000,750000
2020-03-12 12:56:40.665000,1.12129,1.12123,840000,750000
2020-03-12 12:56:40.918000,1.12131,1.1213,750000,750000
2020-03-12 12:56:40.969000,1.12128,1.12124,750000,750000
2020-03-12 12:56:41.020000,1.12125,1.12124,750000,750000
2020-03-12 12:56:41.071000,1.12123,1.1212,750000,1200000
2020-03-12 12:56:41.122000,1.12121,1.12119,750000,450000
2020-03-12 12:56:41.173000,1.12122,1.12116,750000,750000
2020-03-12 12:56:41.224000,1.12122,1.12118,750000,750000
2020-03-12 12:56:41.275000,1.12123,1.12116,190000,750000
2020-03-12 12:56:41.327000,1.12126,1.12122,750000,750000
2020-03-12 12:56:41.378000,1.12121,1.12118,340000,750000
2020-03-12 12:56:41.429000,1.1212,1.12116,1090000,750000
2020-03-12 12:56:41.480000,1.12119,1.12117,370000,6600000
2020-03-12 12:56:41.582000,1.12122,1.1212,750000,1500000
2020-03-12 12:56:41.683000,1.12125,1.1212,750000,1500000
2020-03-12 12:56:41.734000,1.12126,1.12122,1870000,750000
2020-03-12 12:56:41.835000,1.12129,1.12127,1500000,750000
2020-03-12 12:56:41.937000,1.1213,1.12125,1500000,750000
2020-03-12 12:56:41.987000,1.12125,1.12123,750000,750000
2020-03-12 12:56:42.089000,1.12129,1.12123,750000,750000
2020-03-12 12:56:42.190000,1.12129,1.12124,370000,940000
2020-03-12 12:56:42.327000,1.12129,1.12122,370000,940000
2020-03-12 12:56:42.428000,1.12121,1.1212,750000,750000
2020-03-12 12:56:42.479000,1.12124,1.1212,1500000,750000
2020-03-12 12:56:42.580000,1.12124,1.12121,750000,1500000
2020-03-12 12:56:42.682000,1.12124,1.12118,190000,750000
2020-03-12 12:56:42.785000,1.12116,1.12113,750000,370000
2020-03-12 12:56:42.886000,1.12113,1.12108,750000,3000000
2020-03-12 12:56:42.937000,1.12116,1.12108,3000000,3000000
2020-03-12 12:56:42.988000,1.12114,1.12106,370000,750000
2020-03-12 12:56:43.090000,1.12109,1.12105,750000,750000
2020-03-12 12:56:43.192000,1.12109,1.12107,370000,750000
2020-03-12 12:56:43.395000,1.12115,1.1211,750000,1500000
2020-03-12 12:56:43.446000,1.1211,1.12107,1950000,1010000
2020-03-12 12:56:43.548000,1.12116,1.12111,1870000,750000
2020-03-12 12:56:43.649000,1.12115,1.1211,750000,750000
2020-03-12 12:56:43.700000,1.12117,1.12115,1870000,750000
2020-03-12 12:56:43.750000,1.12123,1.12121,1500000,750000
2020-03-12 12:56:43.801000,1.12128,1.12127,1500000,750000
2020-03-12 12:56:43.871000,1.12131,1.12124,750000,940000
2020-03-12 12:56:43.923000,1.12131,1.12126,1870000,750000
2020-03-12 12:56:44.126000,1.12131,1.12125,1120000,750000
2020-03-12 12:56:44.228000,1.12131,1.12129,1120000,750000
2020-03-12 12:56:44.279000,1.12134,1.12129,300000,750000
2020-03-12 12:56:44.329000,1.12136,1.12134,300000,750000
2020-03-12 12:56:44.380000,1.12146,1.1214,1870000,750000
2020-03-12 12:56:44.431000,1.12152,1.12148,750000,750000
2020-03-12 12:56:44.482000,1.12155,1.12148,750000,750000
2020-03-12 12:56:44.533000,1.12158,1.12153,750000,750000
2020-03-12 12:56:44.635000,1.12161,1.12155,2620000,750000
2020-03-12 12:56:44.686000,1.12164,1.12162,750000,1500000
2020-03-12 12:56:44.738000,1.12167,1.12162,750000,750000
2020-03-12 12:56:44.839000,1.1216,1.12158,750000,1500000
2020-03-12 12:56:44.890000,1.12158,1.12153,750000,1500000
2020-03-12 12:56:44.941000,1.12156,1.1215,4500000,750000
2020-03-12 12:56:44.992000,1.12154,1.12151,750000,750000
2020-03-12 12:56:45.143000,1.1215,1.12148,750000,750000
2020-03-12 12:56:45.244000,1.1215,1.12149,750000,750000
2020-03-12 12:56:45.346000,1.1215,1.12147,750000,750000
2020-03-12 12:56:45.498000,1.12154,1.12151,750000,750000
2020-03-12 12:56:45.549000,1.12149,1.12147,750000,750000
2020-03-12 12:56:45.599000,1.12143,1.12141,750000,1500000
2020-03-12 12:56:45.650000,1.1214,1.12138,1500000,750000
2020-03-12 12:56:45.701000,1.12143,1.1214,370000,750000
2020-03-12 12:56:45.802000,1.12143,1.12137,1120000,1500000
2020-03-12 12:56:45.853000,1.12136,1.12135,750000,300000
2020-03-12 12:56:45.904000,1.12141,1.12132,750000,750000
2020-03-12 12:56:45.955000,1.1214,1.12136,190000,750000
2020-03-12 12:56:46.056000,1.12139,1.12133,1500000,190000
2020-03-12 12:56:46.157000,1.12138,1.12136,750000,750000
2020-03-12 12:56:46.208000,1.12137,1.12133,750000,750000
2020-03-12 12:56:46.310000,1.1214,1.12131,190000,750000
2020-03-12 12:56:46.412000,1.12141,1.12131,750000,750000
2020-03-12 12:56:46.463000,1.12141,1.12133,750000,750000
2020-03-12 12:56:46.564000,1.12137,1.12131,370000,750000
2020-03-12 12:56:46.666000,1.12144,1.12143,970000,750000
2020-03-12 12:56:46.716000,1.1215,1.12149,970000,750000
2020-03-12 12:56:46.767000,1.12154,1.12153,1050000,750000
2020-03-12 12:56:46.818000,1.12152,1.1215,750000,1500000
2020-03-12 12:56:46.919000,1.12151,1.12149,750000,750000
2020-03-12 12:56:46.970000,1.12146,1.12142,190000,940000
2020-03-12 12:56:47.021000,1.12144,1.12138,940000,750000
2020-03-12 12:56:47.072000,1.12146,1.12137,2620000,750000
2020-03-12 12:56:47.123000,1.12138,1.12136,750000,940000
2020-03-12 12:56:47.174000,1.12135,1.12129,370000,750000
2020-03-12 12:56:47.275000,1.12136,1.1213,370000,820000
2020-03-12 12:56:47.326000,1.12136,1.12127,1120000,940000
2020-03-12 12:56:47.427000,1.12136,1.12125,2060000,1120000
2020-03-12 12:56:47.528000,1.12136,1.12131,370000,750000
2020-03-12 12:56:47.579000,1.12139,1.12131,750000,1500000
2020-03-12 12:56:47.680000,1.12142,1.12133,750000,750000
2020-03-12 12:56:47.832000,1.12139,1.12135,750000,7010000
2020-03-12 12:56:47.883000,1.12143,1.12138,750000,1500000
2020-03-12 12:56:47.984000,1.12142,1.12138,750000,750000
2020-03-12 12:56:48.035000,1.12149,1.12146,1870000,750000
2020-03-12 12:56:48.086000,1.12153,1.1215,190000,940000
2020-03-12 12:56:48.137000,1.12154,1.12145,1690000,1870000
2020-03-12 12:56:48.187000,1.12152,1.12144,750000,750000
2020-03-12 12:56:48.289000,1.12151,1.12147,190000,750000
2020-03-12 12:56:48.340000,1.1215,1.12142,190000,1500000
2020-03-12 12:56:48.391000,1.12152,1.12141,560000,750000
2020-03-12 12:56:48.543000,1.12152,1.12144,560000,940000
2020-03-12 12:56:48.645000,1.12152,1.12146,370000,750000
2020-03-12 12:56:48.696000,1.12155,1.12146,190000,750000
2020-03-12 12:56:48.797000,1.12155,1.12145,190000,750000
2020-03-12 12:56:49,1.12155,1.12146,190000,750000
2020-03-12 12:56:49.102000,1.12155,1.12144,3940000,750000
2020-03-12 12:56:49.402000,1.12155,1.12145,940000,750000
2020-03-12 12:56:49.604000,1.12156,1.12148,750000,940000
2020-03-12 12:56:49.706000,1.12156,1.12151,750000,940000
2020-03-12 12:56:49.807000,1.12164,1.12161,370000,940000
2020-03-12 12:56:49.908000,1.12168,1.12161,750000,750000
2020-03-12 12:56:50.009000,1.12169,1.12159,450000,750000
2020-03-12 12:56:50.111000,1.12168,1.12159,1120000,750000
2020-03-12 12:56:50.212000,1.12168,1.12159,1870000,750000
2020-03-12 12:56:50.313000,1.12168,1.1216,1870000,750000
2020-03-12 12:56:50.414000,1.12168,1.12159,1120000,750000
2020-03-12 12:56:50.574000,1.12168,1.12164,750000,750000
2020-03-12 12:56:50.626000,1.12173,1.12165,750000,750000
2020-03-12 12:56:50.727000,1.12173,1.12164,750000,750000
2020-03-12 12:56:50.778000,1.12173,1.12168,750000,750000
2020-03-12 12:56:50.828000,1.12176,1.12166,750000,750000
2020-03-12 12:56:50.879000,1.1218,1.12168,1120000,750000
2020-03-12 12:56:50.930000,1.1218,1.12171,370000,1500000
2020-03-12 12:56:51.031000,1.12187,1.12178,750000,750000
2020-03-12 12:56:51.082000,1.12189,1.12174,370000,190000
2020-03-12 12:56:51.133000,1.12192,1.1218,750000,750000
2020-03-12 12:56:51.183000,1.12194,1.1218,1120000,750000
2020-03-12 12:56:51.284000,1.12194,1.1218,750000,1500000
2020-03-12 12:56:51.386000,1.12194,1.1218,750000,1500000
2020-03-12 12:56:51.436000,1.12192,1.1218,750000,750000
2020-03-12 12:56:51.538000,1.12189,1.12175,1500000,370000
2020-03-12 12:56:51.639000,1.12189,1.12175,750000,1120000
2020-03-12 12:56:51.740000,1.12189,1.12177,750000,750000
2020-03-12 12:56:51.841000,1.12189,1.1217,750000,750000
2020-03-12 12:56:51.942000,1.12189,1.12178,750000,750000
2020-03-12 12:56:52.044000,1.12188,1.12178,750000,750000
2020-03-12 12:56:52.095000,1.12189,1.12179,750000,750000
2020-03-12 12:56:52.146000,1.12188,1.12177,750000,750000
2020-03-12 12:56:52.197000,1.12188,1.1218,750000,750000
2020-03-12 12:56:52.298000,1.12185,1.12178,750000,190000
2020-03-12 12:56:52.400000,1.12184,1.1218,750000,750000
2020-03-12 12:56:52.450000,1.12193,1.1218,190000,750000
2020-03-12 12:56:52.551000,1.12194,1.1218,1800000,750000
2020-03-12 12:56:52.602000,1.12194,1.12182,1800000,750000
2020-03-12 12:56:52.703000,1.12189,1.12182,300000,750000
2020-03-12 12:56:52.865000,1.12189,1.12185,300000,750000
2020-03-12 12:56:52.916000,1.12199,1.12189,1200000,750000
2020-03-12 12:56:52.968000,1.12199,1.12187,1200000,1690000
2020-03-12 12:56:53.019000,1.12199,1.12192,450000,190000
2020-03-12 12:56:53.071000,1.12199,1.1219,450000,190000
2020-03-12 12:56:53.122000,1.12201,1.1219,750000,1310000
2020-03-12 12:56:53.275000,1.122,1.1219,750000,1120000
2020-03-12 12:56:53.377000,1.12203,1.1219,1500000,2060000
2020-03-12 12:56:53.478000,1.12204,1.1219,2250000,1120000
2020-03-12 12:56:53.582000,1.12204,1.12191,1500000,750000
2020-03-12 12:56:53.633000,1.12202,1.12192,750000,750000
2020-03-12 12:56:53.785000,1.12202,1.1219,750000,450000
2020-03-12 12:56:53.887000,1.12199,1.12191,750000,750000
2020-03-12 12:56:53.937000,1.12205,1.12203,1870000,1500000
2020-03-12 12:56:53.988000,1.12213,1.12209,750000,370000
2020-03-12 12:56:54.039000,1.12217,1.12207,1120000,750000
2020-03-12 12:56:54.090000,1.12215,1.12209,750000,940000
2020-03-12 12:56:54.191000,1.12206,1.12204,750000,750000
2020-03-12 12:56:54.242000,1.12203,1.12197,750000,940000
2020-03-12 12:56:54.343000,1.12202,1.12197,1500000,750000
2020-03-12 12:56:54.394000,1.12198,1.12195,750000,750000
2020-03-12 12:56:54.444000,1.12199,1.12192,750000,750000
2020-03-12 12:56:54.546000,1.12199,1.12193,750000,750000
2020-03-12 12:56:54.596000,1.12199,1.12196,750000,750000
2020-03-12 12:56:54.647000,1.12198,1.12191,750000,750000
2020-03-12 12:56:54.698000,1.12198,1.12193,750000,190000
2020-03-12 12:56:54.807000,1.12195,1.12189,750000,750000
2020-03-12 12:56:54.858000,1.12199,1.12194,750000,750000
2020-03-12 12:56:54.959000,1.12203,1.12195,750000,300000
2020-03-12 12:56:55.061000,1.12204,1.12195,750000,300000
2020-03-12 12:56:55.162000,1.12206,1.12196,1500000,750000
2020-03-12 12:56:55.263000,1.12206,1.12195,1500000,300000
2020-03-12 12:56:55.314000,1.12201,1.12195,750000,300000
2020-03-12 12:56:55.364000,1.12199,1.1219,750000,1200000
2020-03-12 12:56:55.415000,1.12202,1.1219,750000,1200000
2020-03-12 12:56:55.466000,1.12202,1.12188,750000,750000
2020-03-12 12:56:55.568000,1.12204,1.12188,750000,750000
2020-03-12 12:56:55.618000,1.122,1.12191,750000,1500000
2020-03-12 12:56:55.720000,1.12204,1.12195,750000,750000
2020-03-12 12:56:55.771000,1.12207,1.12195,750000,3000000
2020-03-12 12:56:55.872000,1.12208,1.12195,750000,3000000
2020-03-12 12:56:55.923000,1.12203,1.12198,750000,1500000
2020-03-12 12:56:55.974000,1.12209,1.122,750000,750000
2020-03-12 12:56:56.025000,1.12209,1.12197,750000,940000
2020-03-12 12:56:56.076000,1.12214,1.122,750000,750000
2020-03-12 12:56:56.178000,1.12215,1.12205,750000,300000
2020-03-12 12:56:56.279000,1.12209,1.12205,750000,300000
2020-03-12 12:56:56.380000,1.1221,1.122,750000,300000
2020-03-12 12:56:56.481000,1.12216,1.12214,750000,750000
2020-03-12 12:56:56.533000,1.12227,1.12226,3000000,750000
2020-03-12 12:56:56.584000,1.12228,1.12224,750000,940000
2020-03-12 12:56:56.635000,1.12224,1.12223,1500000,190000
2020-03-12 12:56:56.736000,1.12223,1.12217,750000,190000
2020-03-12 12:56:56.787000,1.12225,1.12214,370000,190000
2020-03-12 12:56:56.888000,1.12224,1.12213,1120000,190000
2020-03-12 12:56:56.938000,1.1222,1.1221,750000,940000
2020-03-12 12:56:56.989000,1.12223,1.1222,750000,750000
2020-03-12 12:56:57.040000,1.12224,1.12215,750000,190000
2020-03-12 12:56:57.142000,1.12225,1.12213,370000,190000
2020-03-12 12:56:57.244000,1.12227,1.12214,370000,190000
2020-03-12 12:56:57.296000,1.12229,1.12214,750000,190000
2020-03-12 12:56:57.397000,1.12226,1.12211,1500000,190000
2020-03-12 12:56:57.499000,1.12221,1.12209,750000,190000
2020-03-12 12:56:57.705000,1.1222,1.12209,750000,190000
2020-03-12 12:56:58.014000,1.12223,1.12222,370000,940000
2020-03-12 12:56:58.065000,1.12228,1.12224,1090000,190000
2020-03-12 12:56:58.116000,1.12228,1.12222,1840000,190000
2020-03-12 12:56:58.167000,1.12224,1.12217,1120000,1500000
2020-03-12 12:56:58.320000,1.12223,1.12217,1500000,370000
2020-03-12 12:56:58.371000,1.12221,1.12215,750000,750000
2020-03-12 12:56:58.472000,1.12211,1.12207,750000,190000
2020-03-12 12:56:58.523000,1.12213,1.12207,750000,190000
2020-03-12 12:56:58.575000,1.12216,1.12208,750000,190000
2020-03-12 12:56:58.677000,1.12216,1.12207,750000,190000
2020-03-12 12:56:58.829000,1.12218,1.12211,370000,370000
2020-03-12 12:56:58.880000,1.12221,1.12211,750000,370000
2020-03-12 12:56:58.981000,1.12221,1.12209,750000,2440000
2020-03-12 12:56:59.234000,1.12222,1.12212,370000,190000
2020-03-12 12:56:59.335000,1.12221,1.12213,750000,190000
2020-03-12 12:56:59.436000,1.12224,1.12213,1200000,190000
2020-03-12 12:56:59.487000,1.12224,1.12215,1200000,190000
2020-03-12 12:56:59.588000,1.12224,1.12217,1200000,190000
2020-03-12 12:56:59.689000,1.12224,1.12219,450000,1690000
2020-03-12 12:56:59.791000,1.12229,1.12221,750000,940000
2020-03-12 12:56:59.892000,1.12228,1.12221,750000,940000
2020-03-12 12:57:00.044000,1.12228,1.12219,750000,190000
2020-03-12 12:57:00.146000,1.12223,1.12218,750000,190000
2020-03-12 12:57:00.248000,1.12223,1.12218,750000,750000
2020-03-12 12:57:00.299000,1.12228,1.12219,750000,190000
2020-03-12 12:57:00.400000,1.12227,1.12221,750000,190000
2020-03-12 12:57:00.502000,1.12221,1.12218,750000,190000
2020-03-12 12:57:00.553000,1.12229,1.1222,300000,190000
2020-03-12 12:57:00.654000,1.12228,1.1222,750000,190000
2020-03-12 12:57:00.705000,1.1223,1.12218,750000,560000
2020-03-12 12:57:00.755000,1.12231,1.1222,370000,750000
2020-03-12 12:57:00.806000,1.12231,1.12218,370000,190000
2020-03-12 12:57:00.857000,1.12231,1.12222,370000,1500000
2020-03-12 12:57:00.958000,1.12231,1.1222,370000,190000
2020-03-12 12:57:01.060000,1.12234,1.12225,2250000,560000
2020-03-12 12:57:01.161000,1.12234,1.12232,1500000,750000
2020-03-12 12:57:01.262000,1.12242,1.12233,750000,940000
2020-03-12 12:57:01.313000,1.12243,1.12237,1120000,940000
2020-03-12 12:57:01.363000,1.12249,1.12241,300000,1690000
2020-03-12 12:57:01.465000,1.12252,1.12245,100000,190000
2020-03-12 12:57:01.516000,1.12254,1.12244,1390000,940000
2020-03-12 12:57:01.568000,1.12254,1.12251,1200000,190000
2020-03-12 12:57:01.619000,1.12253,1.12248,750000,1690000
2020-03-12 12:57:01.670000,1.12256,1.1225,750000,1050000
2020-03-12 12:57:01.722000,1.12253,1.1225,750000,670000
2020-03-12 12:57:01.773000,1.12256,1.12248,750000,190000
2020-03-12 12:57:01.827000,1.12253,1.12248,750000,190000
2020-03-12 12:57:01.878000,1.12256,1.12247,750000,190000
2020-03-12 12:57:01.981000,1.12255,1.12247,750000,940000
2020-03-12 12:57:02.032000,1.12253,1.12251,750000,190000
2020-03-12 12:57:02.084000,1.12255,1.1225,750000,190000
2020-03-12 12:57:02.135000,1.12259,1.1225,750000,190000
2020-03-12 12:57:02.237000,1.12255,1.1225,750000,190000
2020-03-12 12:57:02.288000,1.12259,1.1225,750000,190000
2020-03-12 12:57:02.339000,1.12255,1.12249,750000,190000
2020-03-12 12:57:02.390000,1.12259,1.1225,750000,190000
2020-03-12 12:57:02.441000,1.12254,1.1225,750000,190000
2020-03-12 12:57:02.492000,1.1226,1.1225,750000,190000
2020-03-12 12:57:02.542000,1.12254,1.12248,750000,190000
2020-03-12 12:57:02.593000,1.1226,1.1225,750000,190000
2020-03-12 12:57:02.644000,1.12254,1.12249,1500000,190000
2020-03-12 12:57:02.746000,1.12255,1.12252,750000,190000
2020-03-12 12:57:02.796000,1.12258,1.12252,1500000,1120000
2020-03-12 12:57:02.898000,1.12256,1.12249,1500000,190000
2020-03-12 12:57:02.999000,1.12254,1.12251,750000,190000
2020-03-12 12:57:03.100000,1.12255,1.12252,750000,190000
2020-03-12 12:57:03.201000,1.12255,1.12249,750000,190000
2020-03-12 12:57:03.252000,1.12253,1.12247,1500000,750000
2020-03-12 12:57:03.354000,1.12248,1.12243,750000,190000
2020-03-12 12:57:03.455000,1.1225,1.12244,750000,190000
2020-03-12 12:57:03.556000,1.12253,1.12244,1500000,190000
2020-03-12 12:57:03.607000,1.12253,1.12247,750000,190000
2020-03-12 12:57:03.709000,1.12253,1.12248,750000,560000
2020-03-12 12:57:03.811000,1.12258,1.12251,750000,190000
2020-03-12 12:57:03.862000,1.12252,1.12249,750000,190000
2020-03-12 12:57:03.913000,1.12256,1.1225,1500000,190000
2020-03-12 12:57:03.964000,1.12258,1.1225,750000,190000
2020-03-12 12:57:04.066000,1.12256,1.12252,750000,190000
2020-03-12 12:57:04.168000,1.12257,1.12251,750000,190000
2020-03-12 12:57:04.269000,1.12258,1.12251,750000,190000
2020-03-12 12:57:04.371000,1.12249,1.12244,750000,190000
2020-03-12 12:57:04.472000,1.1224,1.12235,750000,750000
2020-03-12 12:57:04.573000,1.12243,1.12236,750000,190000
2020-03-12 12:57:04.624000,1.12248,1.12239,750000,190000
2020-03-12 12:57:04.675000,1.1225,1.12239,750000,2440000
2020-03-12 12:57:04.726000,1.12244,1.12239,750000,2250000
2020-03-12 12:57:04.777000,1.12249,1.12236,750000,190000
2020-03-12 12:57:04.878000,1.12247,1.12236,750000,190000
2020-03-12 12:57:04.979000,1.12243,1.12236,750000,190000
2020-03-12 12:57:05.081000,1.12237,1.1223,750000,190000
2020-03-12 12:57:05.182000,1.12237,1.12228,750000,190000
2020-03-12 12:57:05.385000,1.12241,1.12228,750000,190000
2020-03-12 12:57:05.436000,1.1224,1.12235,750000,190000
2020-03-12 12:57:05.538000,1.12242,1.12233,1500000,1500000
2020-03-12 12:57:05.588000,1.1224,1.12233,750000,1500000
2020-03-12 12:57:05.690000,1.12247,1.12245,750000,1500000
2020-03-12 12:57:05.741000,1.12249,1.12245,1720000,940000
2020-03-12 12:57:05.792000,1.12251,1.12246,190000,1500000
2020-03-12 12:57:05.842000,1.12254,1.12249,300000,940000
2020-03-12 12:57:05.944000,1.12256,1.12252,300000,190000
2020-03-12 12:57:05.995000,1.12259,1.12251,450000,990000
2020-03-12 12:57:06.046000,1.12259,1.12248,2700000,240000
2020-03-12 12:57:06.097000,1.12256,1.12248,1200000,190000
2020-03-12 12:57:06.198000,1.12257,1.12248,750000,190000
2020-03-12 12:57:06.350000,1.12256,1.12247,1500000,970000
2020-03-12 12:57:06.451000,1.12256,1.12254,300000,940000
2020-03-12 12:57:06.502000,1.12261,1.12253,1500000,190000
2020-03-12 12:57:06.580000,1.12261,1.12257,1500000,1500000
2020-03-12 12:57:06.631000,1.12263,1.12257,300000,190000
2020-03-12 12:57:06.884000,1.12265,1.12263,300000,750000
2020-03-12 12:57:06.934000,1.12269,1.12264,300000,190000
2020-03-12 12:57:06.985000,1.12268,1.12262,1500000,940000
2020-03-12 12:57:07.087000,1.12267,1.12258,750000,2250000
2020-03-12 12:57:07.239000,1.12265,1.12257,750000,190000
2020-03-12 12:57:07.391000,1.12259,1.12256,1120000,220000
2020-03-12 12:57:07.442000,1.12256,1.12251,750000,750000
2020-03-12 12:57:07.493000,1.12252,1.12248,750000,750000
2020-03-12 12:57:07.544000,1.12252,1.12244,750000,750000
2020-03-12 12:57:07.595000,1.1225,1.12242,750000,940000
2020-03-12 12:57:07.696000,1.12253,1.12244,2290000,190000
2020-03-12 12:57:07.797000,1.12253,1.12244,2690000,190000
2020-03-12 12:57:07.999000,1.12253,1.12244,2250000,190000
2020-03-12 12:57:08.101000,1.12252,1.12242,860000,190000
2020-03-12 12:57:08.202000,1.12249,1.1224,1800000,750000
2020-03-12 12:57:08.253000,1.12249,1.12238,3790000,190000
2020-03-12 12:57:08.304000,1.12248,1.12239,2250000,190000
2020-03-12 12:57:08.456000,1.12248,1.12236,1950000,560000
2020-03-12 12:57:08.506000,1.1224,1.12236,750000,370000
2020-03-12 12:57:08.557000,1.12234,1.12229,1500000,190000
2020-03-12 12:57:08.608000,1.1223,1.12227,1500000,190000
2020-03-12 12:57:08.659000,1.1223,1.12223,1500000,750000
2020-03-12 12:57:08.710000,1.12229,1.1222,1870000,370000
2020-03-12 12:57:08.811000,1.12233,1.12223,1120000,370000
2020-03-12 12:57:08.912000,1.12233,1.12226,1120000,190000
2020-03-12 12:57:09.014000,1.12234,1.12226,300000,370000
2020-03-12 12:57:09.116000,1.12234,1.12224,300000,190000
2020-03-12 12:57:09.167000,1.12234,1.12231,300000,190000
2020-03-12 12:57:09.268000,1.12234,1.1223,750000,750000
2020-03-12 12:57:09.319000,1.12234,1.12227,450000,190000
2020-03-12 12:57:09.422000,1.12234,1.12226,190000,940000
2020-03-12 12:57:09.473000,1.12234,1.12228,190000,750000
2020-03-12 12:57:09.625000,1.12233,1.12228,190000,750000
2020-03-12 12:57:09.677000,1.12229,1.12223,190000,750000
2020-03-12 12:57:09.779000,1.12229,1.12222,490000,750000
2020-03-12 12:57:09.881000,1.12229,1.12224,300000,750000
2020-03-12 12:57:10.033000,1.12231,1.12225,190000,750000
2020-03-12 12:57:10.135000,1.12229,1.12223,190000,2250000
2020-03-12 12:57:10.237000,1.12229,1.12222,450000,370000
2020-03-12 12:57:10.563000,1.12229,1.12221,1120000,560000
2020-03-12 12:57:10.665000,1.12225,1.12221,300000,1760000
2020-03-12 12:57:10.716000,1.12229,1.12221,450000,2060000
2020-03-12 12:57:10.818000,1.12232,1.12224,2440000,1570000
2020-03-12 12:57:10.920000,1.12229,1.12224,750000,750000
2020-03-12 12:57:11.023000,1.12226,1.12218,750000,940000
2020-03-12 12:57:11.074000,1.12226,1.12222,750000,190000
2020-03-12 12:57:11.175000,1.1223,1.12223,940000,750000
2020-03-12 12:57:11.277000,1.12231,1.12223,190000,750000
2020-03-12 12:57:11.378000,1.12231,1.12222,190000,190000
2020-03-12 12:57:11.538000,1.12228,1.1222,750000,190000
2020-03-12 12:57:11.690000,1.1223,1.12221,2510000,190000
2020-03-12 12:57:11.791000,1.12229,1.1222,940000,190000
2020-03-12 12:57:11.892000,1.12227,1.1222,750000,190000
2020-03-12 12:57:12.022000,1.12226,1.12218,750000,940000
2020-03-12 12:57:12.073000,1.12215,1.12214,1500000,1500000
2020-03-12 12:57:12.124000,1.1222,1.12214,1500000,1500000
2020-03-12 12:57:12.175000,1.12215,1.12212,750000,1500000
2020-03-12 12:57:12.226000,1.12206,1.12204,750000,190000
2020-03-12 12:57:12.277000,1.12202,1.122,1500000,750000
2020-03-12 12:57:12.327000,1.12201,1.12194,940000,1500000
2020-03-12 12:57:12.378000,1.12203,1.12197,750000,100000
2020-03-12 12:57:12.479000,1.12204,1.12197,750000,640000
2020-03-12 12:57:12.581000,1.12204,1.12198,750000,2620000
2020-03-12 12:57:12.682000,1.12198,1.12197,190000,1500000
2020-03-12 12:57:12.733000,1.12195,1.12192,750000,190000
2020-03-12 12:57:12.834000,1.12188,1.12184,750000,190000
2020-03-12 12:57:12.885000,1.1219,1.1218,1500000,1500000
2020-03-12 12:57:12.936000,1.12187,1.12178,190000,750000
2020-03-12 12:57:13.038000,1.12184,1.12175,490000,1500000
2020-03-12 12:57:13.140000,1.12184,1.12176,1500000,190000
2020-03-12 12:57:13.241000,1.12184,1.12175,750000,940000
2020-03-12 12:57:13.393000,1.12184,1.12178,1500000,940000
2020-03-12 12:57:13.646000,1.12184,1.12182,750000,750000
2020-03-12 12:57:13.748000,1.12187,1.1218,750000,940000
2020-03-12 12:57:13.799000,1.12189,1.12181,490000,750000
2020-03-12 12:57:13.850000,1.12189,1.12183,190000,750000
2020-03-12 12:57:13.951000,1.12189,1.12184,750000,940000
2020-03-12 12:57:14.002000,1.12193,1.12185,190000,750000
2020-03-12 12:57:14.053000,1.12189,1.12184,750000,750000
2020-03-12 12:57:14.154000,1.12187,1.12185,750000,750000
2020-03-12 12:57:14.205000,1.1219,1.12184,750000,750000
2020-03-12 12:57:14.256000,1.12193,1.12184,750000,750000
2020-03-12 12:57:14.306000,1.12188,1.12183,750000,750000
2020-03-12 12:57:14.357000,1.1219,1.12183,750000,750000
2020-03-12 12:57:14.509000,1.1219,1.12184,750000,750000
2020-03-12 12:57:14.560000,1.12186,1.1218,820000,940000
2020-03-12 12:57:14.863000,1.12187,1.1218,750000,190000
2020-03-12 12:57:15.014000,1.12185,1.12181,750000,750000
2020-03-12 12:57:15.065000,1.12187,1.12181,750000,1120000
2020-03-12 12:57:15.116000,1.12187,1.12183,750000,750000
2020-03-12 12:57:15.217000,1.12194,1.12193,750000,750000
2020-03-12 12:57:15.268000,1.12198,1.12195,2250000,750000
2020-03-12 12:57:15.319000,1.12215,1.12212,1500000,2250000
2020-03-12 12:57:15.369000,1.12221,1.1222,370000,750000
2020-03-12 12:57:15.471000,1.12231,1.12226,750000,940000
2020-03-12 12:57:15.521000,1.1223,1.12228,750000,750000
2020-03-12 12:57:15.572000,1.12226,1.12225,750000,750000
2020-03-12 12:57:15.623000,1.12224,1.12223,1500000,750000
2020-03-12 12:57:15.673000,1.12224,1.12218,2620000,940000
2020-03-12 12:57:15.724000,1.1222,1.12218,300000,750000
2020-03-12 12:57:15.825000,1.12224,1.1222,190000,750000
2020-03-12 12:57:15.876000,1.12222,1.12216,750000,750000
2020-03-12 12:57:15.927000,1.1222,1.12215,300000,940000
2020-03-12 12:57:16.028000,1.1222,1.12214,300000,1120000
2020-03-12 12:57:16.130000,1.12225,1.1222,1050000,750000
2020-03-12 12:57:16.231000,1.12225,1.12221,300000,750000
2020-03-12 12:57:16.382000,1.12225,1.12216,300000,190000
2020-03-12 12:57:16.433000,1.1222,1.12214,750000,750000
2020-03-12 12:57:16.484000,1.12223,1.12214,750000,750000
2020-03-12 12:57:16.535000,1.1222,1.12214,300000,750000
2020-03-12 12:57:16.636000,1.1222,1.12216,300000,750000
2020-03-12 12:57:16.737000,1.12225,1.12216,300000,2250000
2020-03-12 12:57:17.204000,1.12225,1.12215,300000,750000
2020-03-12 12:57:17.356000,1.12225,1.12219,300000,1500000
2020-03-12 12:57:17.457000,1.12225,1.1222,300000,750000
2020-03-12 12:57:18.261000,1.12227,1.12224,300000,940000
2020-03-12 12:57:18.312000,1.12237,1.12232,190000,750000
2020-03-12 12:57:18.363000,1.1224,1.12233,370000,750000
2020-03-12 12:57:18.414000,1.12236,1.12232,1500000,750000
2020-03-12 12:57:18.464000,1.12235,1.1223,300000,1500000
2020-03-12 12:57:18.667000,1.12235,1.12232,300000,750000
2020-03-12 12:57:18.768000,1.12244,1.12243,750000,750000
2020-03-12 12:57:18.870000,1.12258,1.12253,1690000,750000
2020-03-12 12:57:18.940000,1.1226,1.12258,1500000,750000
2020-03-12 12:57:19.042000,1.12265,1.1226,1120000,750000
2020-03-12 12:57:19.194000,1.12267,1.12264,1120000,750000
2020-03-12 12:57:19.245000,1.1227,1.12265,300000,750000
2020-03-12 12:57:19.663000,1.12276,1.1227,750000,1500000
2020-03-12 12:57:19.764000,1.12276,1.12271,1500000,750000
2020-03-12 12:57:19.866000,1.12279,1.12269,1500000,750000
2020-03-12 12:57:19.983000,1.12277,1.12269,750000,1500000
2020-03-12 12:57:20.084000,1.12277,1.12271,750000,750000
2020-03-12 12:57:20.186000,1.1228,1.12271,3370000,750000
2020-03-12 12:57:20.237000,1.12276,1.1227,750000,1500000
2020-03-12 12:57:20.288000,1.12274,1.12267,750000,750000
2020-03-12 12:57:20.338000,1.12271,1.12266,750000,1500000
2020-03-12 12:57:20.389000,1.12273,1.12266,260000,750000
2020-03-12 12:57:20.490000,1.12272,1.12266,100000,750000
2020-03-12 12:57:20.591000,1.12273,1.12266,190000,750000
2020-03-12 12:57:20.844000,1.12273,1.12264,260000,1690000
2020-03-12 12:57:20.895000,1.12269,1.12261,820000,1500000
2020-03-12 12:57:20.996000,1.12265,1.1226,1200000,750000
2020-03-12 12:57:21.098000,1.12265,1.12259,450000,1690000
2020-03-12 12:57:21.200000,1.12267,1.12264,450000,750000
2020-03-12 12:57:21.302000,1.1227,1.12265,300000,750000
2020-03-12 12:57:21.596000,1.1227,1.12266,300000,940000
2020-03-12 12:57:21.697000,1.12275,1.12266,1050000,940000
2020-03-12 12:57:21.799000,1.12275,1.12267,1050000,940000
2020-03-12 12:57:21.850000,1.12275,1.12269,300000,750000
2020-03-12 12:57:21.951000,1.12275,1.1227,300000,750000
2020-03-12 12:57:22.002000,1.12277,1.1227,750000,940000
2020-03-12 12:57:22.204000,1.12278,1.12273,100000,750000
2020-03-12 12:57:22.306000,1.12275,1.12272,300000,940000
2020-03-12 12:57:22.408000,1.12275,1.12273,300000,940000
2020-03-12 12:57:22.712000,1.1228,1.12273,710000,940000
2020-03-12 12:57:22.969000,1.1228,1.12274,900000,940000
2020-03-12 12:57:23.115000,1.1228,1.12276,450000,1120000
2020-03-12 12:57:23.217000,1.12278,1.12276,190000,750000
2020-03-12 12:57:23.269000,1.12279,1.12274,190000,1690000
2020-03-12 12:57:23.371000,1.12279,1.12273,190000,1690000
2020-03-12 12:57:23.574000,1.12279,1.12275,190000,750000
2020-03-12 12:57:23.675000,1.1228,1.12275,640000,750000
2020-03-12 12:57:23.827000,1.1228,1.12274,640000,940000
2020-03-12 12:57:23.928000,1.1228,1.12273,640000,1120000
2020-03-12 12:57:24.079000,1.1228,1.12276,450000,940000
2020-03-12 12:57:24.180000,1.1228,1.12278,190000,940000
2020-03-12 12:57:24.283000,1.12281,1.12277,370000,940000
2020-03-12 12:57:24.847000,1.12281,1.12276,370000,1690000
2020-03-12 12:57:25.030000,1.12281,1.12278,370000,750000
2020-03-12 12:57:25.131000,1.12284,1.12282,3000000,190000
2020-03-12 12:57:25.182000,1.12281,1.12277,190000,190000
2020-03-12 12:57:25.283000,1.1228,1.12277,2250000,750000
2020-03-12 12:57:25.485000,1.12281,1.12278,190000,940000
2020-03-12 12:57:25.637000,1.12281,1.12277,190000,940000
2020-03-12 12:57:25.891000,1.12281,1.12276,370000,1690000
2020-03-12 12:57:25.942000,1.12279,1.12274,750000,1690000
2020-03-12 12:57:26.093000,1.12279,1.12273,940000,940000
2020-03-12 12:57:26.195000,1.12279,1.12274,640000,370000
2020-03-12 12:57:26.447000,1.12279,1.12273,190000,1390000
2020-03-12 12:57:26.633000,1.12279,1.12273,190000,1390000
2020-03-12 12:57:26.735000,1.12279,1.12274,190000,370000
2020-03-12 12:57:26.937000,1.12279,1.12273,190000,1390000
2020-03-12 12:57:27.182000,1.12279,1.12273,190000,1390000
2020-03-12 12:57:28.586000,1.12276,1.12268,1870000,3000000
2020-03-12 12:57:28.687000,1.12276,1.12268,2180000,1390000
2020-03-12 12:57:28.789000,1.12277,1.12271,940000,450000
2020-03-12 12:57:28.890000,1.12276,1.1227,750000,450000
2020-03-12 12:57:28.992000,1.12276,1.12272,2620000,1200000
2020-03-12 12:57:29.093000,1.12276,1.12271,940000,370000
2020-03-12 12:57:29.194000,1.12274,1.12269,750000,1200000
2020-03-12 12:57:29.245000,1.1227,1.12268,300000,750000
2020-03-12 12:57:29.410000,1.1227,1.12266,300000,450000
2020-03-12 12:57:29.794000,1.1227,1.12265,1690000,1200000
2020-03-12 12:57:29.996000,1.12268,1.12264,190000,450000
2020-03-12 12:57:30.097000,1.12268,1.12263,190000,1200000
2020-03-12 12:57:30.249000,1.12267,1.12263,750000,450000
2020-03-12 12:57:30.300000,1.1226,1.12256,750000,3750000
2020-03-12 12:57:30.351000,1.12258,1.12251,2250000,1500000
2020-03-12 12:57:30.401000,1.12256,1.12251,750000,750000
2020-03-12 12:57:30.503000,1.12261,1.12259,1800000,1500000
2020-03-12 12:57:30.554000,1.12266,1.12259,450000,3000000
2020-03-12 12:57:30.604000,1.12276,1.12269,1120000,1870000
2020-03-12 12:57:30.706000,1.12283,1.12275,750000,1500000
2020-03-12 12:57:30.756000,1.12285,1.12279,1500000,1500000
2020-03-12 12:57:30.858000,1.12274,1.12272,2250000,190000
2020-03-12 12:57:30.908000,1.12266,1.1226,750000,750000
2020-03-12 12:57:30.959000,1.12264,1.12261,750000,750000
2020-03-12 12:57:31.010000,1.12257,1.12252,750000,190000
2020-03-12 12:57:31.061000,1.12257,1.12249,940000,750000
2020-03-12 12:57:31.112000,1.1226,1.12253,940000,1690000
2020-03-12 12:57:31.213000,1.12254,1.12252,750000,1500000
2020-03-12 12:57:31.264000,1.12249,1.12246,750000,1500000
2020-03-12 12:57:31.365000,1.12244,1.12238,190000,2250000
2020-03-12 12:57:31.416000,1.12249,1.1224,1500000,750000
2020-03-12 12:57:31.517000,1.12251,1.1224,640000,940000
2020-03-12 12:57:31.568000,1.12251,1.12243,640000,750000
2020-03-12 12:57:31.669000,1.12255,1.12252,370000,190000
2020-03-12 12:57:31.771000,1.1226,1.12252,750000,190000
2020-03-12 12:57:31.822000,1.1226,1.12255,750000,1120000
2020-03-12 12:57:31.923000,1.12263,1.12259,450000,750000
2020-03-12 12:57:31.974000,1.12267,1.12265,300000,1500000
2020-03-12 12:57:32.075000,1.12273,1.12264,1500000,190000
2020-03-12 12:57:32.126000,1.12273,1.12269,750000,750000
2020-03-12 12:57:32.184000,1.12276,1.12267,450000,750000
2020-03-12 12:57:32.235000,1.12278,1.12269,2250000,750000
2020-03-12 12:57:32.286000,1.12278,1.12267,750000,750000
2020-03-12 12:57:32.336000,1.12269,1.12263,750000,190000
2020-03-12 12:57:32.387000,1.12272,1.12262,750000,2250000
2020-03-12 12:57:32.489000,1.12271,1.12267,750000,750000
2020-03-12 12:57:32.539000,1.12273,1.12267,190000,750000
2020-03-12 12:57:32.590000,1.12272,1.12269,190000,750000
2020-03-12 12:57:32.641000,1.12277,1.12267,750000,940000
2020-03-12 12:57:32.692000,1.12279,1.12267,190000,940000
2020-03-12 12:57:32.743000,1.12277,1.12267,940000,940000
2020-03-12 12:57:32.844000,1.12276,1.12266,750000,940000
2020-03-12 12:57:32.945000,1.12277,1.12266,1500000,940000
2020-03-12 12:57:33.248000,1.12278,1.12268,370000,940000
2020-03-12 12:57:33.349000,1.1228,1.12269,190000,750000
2020-03-12 12:57:33.400000,1.12277,1.12269,750000,750000
2020-03-12 12:57:33.451000,1.12281,1.1227,2170000,750000
2020-03-12 12:57:33.552000,1.12277,1.1227,940000,750000
2020-03-12 12:57:33.654000,1.12278,1.12269,1120000,750000
2020-03-12 12:57:33.755000,1.1228,1.12269,1310000,750000
2020-03-12 12:57:33.856000,1.1228,1.1227,190000,940000
2020-03-12 12:57:33.958000,1.12281,1.1227,1420000,940000
2020-03-12 12:57:34.241000,1.12272,1.12267,300000,940000
2020-03-12 12:57:34.544000,1.12281,1.12269,300000,3000000
2020-03-12 12:57:34.645000,1.12278,1.12269,750000,750000
2020-03-12 12:57:34.746000,1.12277,1.12268,750000,940000
2020-03-12 12:57:34.848000,1.12278,1.12267,750000,1690000
2020-03-12 12:57:34.949000,1.12279,1.12268,750000,190000
2020-03-12 12:57:35.050000,1.12281,1.12269,300000,3000000
2020-03-12 12:57:35.101000,1.12276,1.1227,750000,2250000
2020-03-12 12:57:35.202000,1.12276,1.1227,190000,1500000
2020-03-12 12:57:35.253000,1.12276,1.12266,1690000,1690000
2020-03-12 12:57:35.354000,1.12276,1.12267,1500000,4690000
2020-03-12 12:57:35.686000,1.12276,1.12268,1500000,750000
2020-03-12 12:57:35.788000,1.12274,1.12266,750000,750000
2020-03-12 12:57:35.892000,1.12274,1.12266,750000,1200000
2020-03-12 12:57:35.994000,1.12273,1.12266,940000,1200000
2020-03-12 12:57:36.044000,1.12271,1.12264,1200000,940000
2020-03-12 12:57:36.247000,1.12271,1.12263,450000,1390000
2020-03-12 12:57:36.500000,1.12268,1.12263,190000,450000
2020-03-12 12:57:36.601000,1.12266,1.12262,300000,1200000
2020-03-12 12:57:37.007000,1.12266,1.12262,300000,1200000
2020-03-12 12:57:37.265000,1.12266,1.12262,1240000,1200000
2020-03-12 12:57:37.366000,1.12259,1.12257,750000,940000
2020-03-12 12:57:37.417000,1.12256,1.12254,750000,750000
2020-03-12 12:57:37.468000,1.12254,1.12246,750000,2440000
2020-03-12 12:57:37.519000,1.12251,1.12246,750000,1690000
2020-03-12 12:57:37.620000,1.12248,1.12242,750000,750000
2020-03-12 12:57:37.671000,1.12242,1.12236,750000,2250000
2020-03-12 12:57:37.722000,1.12235,1.12233,750000,750000
2020-03-12 12:57:37.773000,1.12229,1.12227,750000,940000
2020-03-12 12:57:37.824000,1.12227,1.12224,750000,750000
2020-03-12 12:57:37.875000,1.12224,1.12217,1840000,3000000
2020-03-12 12:57:37.976000,1.12225,1.12223,750000,190000
2020-03-12 12:57:38.078000,1.12229,1.12226,750000,750000
2020-03-12 12:57:38.129000,1.12226,1.12223,190000,2250000
2020-03-12 12:57:38.230000,1.12228,1.12222,190000,3000000
2020-03-12 12:57:38.393000,1.12229,1.12222,940000,3750000
2020-03-12 12:57:38.747000,1.1223,1.12223,750000,560000
2020-03-12 12:57:38.849000,1.1223,1.12223,750000,750000
2020-03-12 12:57:39.052000,1.12231,1.12227,1120000,1120000
2020-03-12 12:57:39.205000,1.12228,1.12223,750000,750000
2020-03-12 12:57:39.256000,1.1223,1.12222,1310000,750000
2020-03-12 12:57:39.306000,1.12225,1.12219,1500000,750000
2020-03-12 12:57:39.407000,1.12225,1.12217,750000,1500000
2020-03-12 12:57:39.559000,1.12226,1.12217,3000000,750000
2020-03-12 12:57:39.812000,1.12226,1.12216,2250000,750000
2020-03-12 12:57:40.014000,1.12226,1.12217,1500000,750000
2020-03-12 12:57:40.516000,1.12226,1.12225,1500000,190000
2020-03-12 12:57:40.567000,1.12221,1.12218,750000,1500000
2020-03-12 12:57:40.668000,1.12221,1.12213,1500000,750000
2020-03-12 12:57:40.719000,1.12219,1.12212,750000,450000
2020-03-12 12:57:40.820000,1.12211,1.12209,750000,190000
2020-03-12 12:57:40.871000,1.12212,1.12207,750000,1800000
2020-03-12 12:57:40.922000,1.1221,1.12207,750000,1050000
2020-03-12 12:57:41.023000,1.12216,1.12208,750000,750000
2020-03-12 12:57:41.124000,1.12211,1.12207,750000,750000
2020-03-12 12:57:41.226000,1.12209,1.12206,750000,370000
2020-03-12 12:57:41.276000,1.12209,1.12203,1500000,1870000
2020-03-12 12:57:41.327000,1.12207,1.12203,750000,1310000
2020-03-12 12:57:41.521000,1.12207,1.12204,750000,750000
2020-03-12 12:57:41.622000,1.12208,1.12204,750000,750000
2020-03-12 12:57:41.723000,1.12204,1.12202,1500000,750000
2020-03-12 12:57:41.774000,1.12202,1.12193,2250000,1870000
2020-03-12 12:57:41.825000,1.12202,1.12196,1690000,190000
2020-03-12 12:57:42.027000,1.12196,1.12192,750000,450000
2020-03-12 12:57:42.129000,1.12196,1.12189,750000,750000
2020-03-12 12:57:42.230000,1.12194,1.12188,750000,750000
2020-03-12 12:57:42.281000,1.12196,1.12188,750000,750000
2020-03-12 12:57:42.382000,1.1219,1.12184,750000,750000
2020-03-12 12:57:42.483000,1.12189,1.12182,820000,1050000
2020-03-12 12:57:42.534000,1.12187,1.12179,190000,750000
2020-03-12 12:57:42.635000,1.12185,1.12178,190000,750000
2020-03-12 12:57:42.686000,1.12188,1.12178,1690000,940000
2020-03-12 12:57:42.737000,1.12186,1.12178,190000,750000
2020-03-12 12:57:42.787000,1.12188,1.12179,940000,190000
2020-03-12 12:57:42.838000,1.12185,1.12178,190000,750000
2020-03-12 12:57:42.889000,1.12183,1.12175,190000,1500000
2020-03-12 12:57:42.991000,1.12185,1.12176,1500000,190000
2020-03-12 12:57:43.092000,1.12176,1.12174,750000,750000
2020-03-12 12:57:43.193000,1.12177,1.12175,940000,750000
2020-03-12 12:57:43.244000,1.12172,1.12167,750000,2550000
2020-03-12 12:57:43.295000,1.12167,1.12162,750000,450000
2020-03-12 12:57:43.396000,1.12162,1.12153,750000,940000
2020-03-12 12:57:43.447000,1.12161,1.12156,190000,750000
2020-03-12 12:57:43.498000,1.12163,1.12157,750000,940000
2020-03-12 12:57:43.600000,1.12161,1.12154,190000,750000
2020-03-12 12:57:43.701000,1.12159,1.12154,750000,750000
2020-03-12 12:57:43.802000,1.1216,1.12155,750000,190000
2020-03-12 12:57:44.004000,1.12163,1.12156,750000,190000
2020-03-12 12:57:44.156000,1.12162,1.12153,750000,750000
2020-03-12 12:57:44.258000,1.1216,1.12152,750000,750000
2020-03-12 12:57:44.308000,1.12161,1.12152,750000,750000
2020-03-12 12:57:44.410000,1.12156,1.1215,750000,750000
2020-03-12 12:57:44.460000,1.12157,1.12147,1500000,750000
2020-03-12 12:57:44.562000,1.12157,1.12146,750000,750000
2020-03-12 12:57:44.663000,1.12153,1.12142,750000,300000
2020-03-12 12:57:44.800000,1.12153,1.12145,850000,370000
2020-03-12 12:57:44.853000,1.12146,1.12143,370000,750000
2020-03-12 12:57:44.904000,1.12144,1.12135,1500000,760000
2020-03-12 12:57:44.954000,1.12135,1.1213,750000,370000
2020-03-12 12:57:45.005000,1.12134,1.12128,750000,370000
2020-03-12 12:57:45.056000,1.12133,1.12123,750000,750000
2020-03-12 12:57:45.106000,1.12134,1.12131,750000,750000
2020-03-12 12:57:45.157000,1.12142,1.12141,750000,750000
2020-03-12 12:57:45.208000,1.12151,1.12149,820000,750000
2020-03-12 12:57:45.259000,1.12161,1.12159,750000,750000
2020-03-12 12:57:45.360000,1.12166,1.1216,750000,6370000
2020-03-12 12:57:45.411000,1.12172,1.12166,750000,370000
2020-03-12 12:57:45.462000,1.12175,1.12166,2250000,750000
2020-03-12 12:57:45.563000,1.12174,1.12166,750000,740000
2020-03-12 12:57:45.614000,1.12174,1.12164,1200000,370000
2020-03-12 12:57:45.766000,1.12164,1.1216,8320000,1120000
2020-03-12 12:57:45.817000,1.1216,1.12154,750000,370000
2020-03-12 12:57:45.867000,1.1216,1.12154,750000,370000
2020-03-12 12:57:45.919000,1.12155,1.1215,1500000,750000
2020-03-12 12:57:45.970000,1.12147,1.12144,370000,750000
2020-03-12 12:57:46.021000,1.12155,1.12146,190000,370000
2020-03-12 12:57:46.071000,1.12156,1.12152,1120000,750000
2020-03-12 12:57:46.123000,1.1216,1.12152,1500000,2060000
2020-03-12 12:57:46.173000,1.12151,1.12146,750000,190000
2020-03-12 12:57:46.275000,1.12143,1.12141,750000,1500000
2020-03-12 12:57:46.325000,1.12139,1.12135,370000,1500000
2020-03-12 12:57:46.376000,1.12141,1.12136,750000,750000
2020-03-12 12:57:46.427000,1.12148,1.12143,370000,750000
2020-03-12 12:57:46.528000,1.12156,1.12148,1500000,750000
2020-03-12 12:57:46.579000,1.12157,1.12149,1500000,750000
2020-03-12 12:57:46.680000,1.1216,1.12157,1500000,750000
2020-03-12 12:57:46.731000,1.12162,1.12158,750000,750000
2020-03-12 12:57:46.782000,1.12162,1.12156,1500000,190000
2020-03-12 12:57:46.832000,1.1216,1.12149,1500000,750000
2020-03-12 12:57:46.883000,1.12153,1.12148,370000,750000
2020-03-12 12:57:46.934000,1.12151,1.12143,750000,750000
2020-03-12 12:57:46.984000,1.12148,1.12142,750000,750000
2020-03-12 12:57:47.035000,1.12148,1.12139,750000,750000
2020-03-12 12:57:47.086000,1.12148,1.12136,750000,750000
2020-03-12 12:57:47.137000,1.12147,1.12136,750000,750000
2020-03-12 12:57:47.238000,1.12147,1.12134,750000,750000
2020-03-12 12:57:47.339000,1.12151,1.12134,2700000,750000
2020-03-12 12:57:47.390000,1.12151,1.12134,2700000,750000
2020-03-12 12:57:47.440000,1.1215,1.12132,750000,300000
2020-03-12 12:57:47.661000,1.12151,1.12137,1200000,750000
2020-03-12 12:57:47.763000,1.12152,1.12137,750000,750000
2020-03-12 12:57:47.814000,1.12155,1.12137,750000,2250000
2020-03-12 12:57:47.864000,1.12153,1.12137,750000,750000
2020-03-12 12:57:47.915000,1.12152,1.12137,750000,300000
2020-03-12 12:57:48.016000,1.12153,1.12137,750000,300000
2020-03-12 12:57:48.117000,1.12153,1.12137,1500000,300000
2020-03-12 12:57:48.402000,1.12148,1.12137,750000,1050000
2020-03-12 12:57:48.553000,1.12153,1.12137,1500000,1500000
2020-03-12 12:57:48.655000,1.12153,1.12137,750000,750000
2020-03-12 12:57:48.815000,1.12151,1.12137,750000,750000
2020-03-12 12:57:48.970000,1.12151,1.12137,750000,750000
2020-03-12 12:57:49.071000,1.1215,1.12137,750000,750000
2020-03-12 12:57:49.172000,1.12151,1.12139,1310000,940000
2020-03-12 12:57:49.223000,1.12149,1.12139,750000,940000
2020-03-12 12:57:49.274000,1.12151,1.12139,3560000,940000
2020-03-12 12:57:49.324000,1.12147,1.12139,750000,750000
2020-03-12 12:57:49.375000,1.12149,1.12138,1500000,750000
2020-03-12 12:57:49.477000,1.12147,1.12138,750000,750000
2020-03-12 12:57:49.578000,1.12137,1.1213,750000,750000
2020-03-12 12:57:49.731000,1.12137,1.12129,750000,1120000
2020-03-12 12:57:49.832000,1.12137,1.1213,750000,750000
2020-03-12 12:57:50.062000,1.12128,1.12126,750000,1870000
2020-03-12 12:57:50.163000,1.12124,1.12121,750000,750000
2020-03-12 12:57:50.214000,1.12128,1.12121,190000,750000
2020-03-12 12:57:50.265000,1.12128,1.12119,750000,750000
2020-03-12 12:57:50.388000,1.12128,1.12118,750000,750000
2020-03-12 12:57:50.489000,1.12124,1.12118,750000,750000
2020-03-12 12:57:50.590000,1.12124,1.12117,750000,300000
2020-03-12 12:57:50.641000,1.1212,1.1211,1500000,750000
2020-03-12 12:57:50.692000,1.12118,1.12108,750000,1500000
2020-03-12 12:57:50.844000,1.12113,1.12106,100000,940000
2020-03-12 12:57:50.945000,1.12116,1.12109,1200000,750000
2020-03-12 12:57:51.046000,1.12119,1.12111,940000,750000
2020-03-12 12:57:51.147000,1.12119,1.1211,1690000,750000
2020-03-12 12:57:51.532000,1.12119,1.12108,750000,100000
2020-03-12 12:57:51.633000,1.12119,1.12107,750000,1120000
2020-03-12 12:57:51.785000,1.12117,1.1211,100000,190000
2020-03-12 12:57:51.937000,1.12111,1.12107,100000,190000
2020-03-12 12:57:51.988000,1.12111,1.12105,260000,750000
2020-03-12 12:57:52.039000,1.12109,1.12102,750000,190000
2020-03-12 12:57:52.140000,1.12111,1.12102,1990000,190000
2020-03-12 12:57:52.191000,1.12108,1.12099,190000,190000
2020-03-12 12:57:52.292000,1.12105,1.12096,190000,1690000
2020-03-12 12:57:52.393000,1.12108,1.12102,750000,750000
2020-03-12 12:57:52.495000,1.12115,1.12107,750000,750000
2020-03-12 12:57:52.598000,1.12115,1.12106,750000,190000
2020-03-12 12:57:52.700000,1.12116,1.12107,720000,560000
2020-03-12 12:57:52.801000,1.12116,1.12108,720000,190000
2020-03-12 12:57:52.902000,1.12112,1.12107,720000,750000
2020-03-12 12:57:52.953000,1.12115,1.12105,720000,750000
2020-03-12 12:57:53.004000,1.1211,1.12101,750000,750000
2020-03-12 12:57:53.843000,1.12115,1.12112,370000,370000
2020-03-12 12:57:53.945000,1.12121,1.12119,100000,750000
2020-03-12 12:57:54.046000,1.12121,1.12118,100000,750000
2020-03-12 12:57:54.097000,1.1213,1.12126,820000,190000
2020-03-12 12:57:54.147000,1.12133,1.12129,340000,370000
2020-03-12 12:57:54.198000,1.12136,1.12134,1500000,370000
2020-03-12 12:57:54.249000,1.12141,1.12136,2250000,370000
2020-03-12 12:57:54.300000,1.12142,1.12139,750000,1120000
2020-03-12 12:57:54.402000,1.12143,1.12141,300000,1120000
2020-03-12 12:57:54.454000,1.12146,1.12141,450000,1500000
2020-03-12 12:57:54.505000,1.12146,1.12143,450000,370000
2020-03-12 12:57:54.557000,1.12149,1.12143,190000,1500000
2020-03-12 12:57:54.608000,1.1215,1.12145,750000,370000
2020-03-12 12:57:54.659000,1.1215,1.12143,750000,1500000
2020-03-12 12:57:54.760000,1.12151,1.12141,750000,560000
2020-03-12 12:57:54.912000,1.12151,1.12143,750000,1120000
2020-03-12 12:57:55.013000,1.12151,1.12145,1500000,370000
2020-03-12 12:57:55.315000,1.12157,1.12155,1500000,370000
2020-03-12 12:57:55.366000,1.12159,1.12155,100000,370000
2020-03-12 12:57:55.518000,1.12159,1.12153,100000,560000
2020-03-12 12:57:55.619000,1.12159,1.12155,100000,190000
2020-03-12 12:57:55.720000,1.12159,1.12154,100000,190000
2020-03-12 12:57:55.821000,1.12157,1.12153,750000,750000
2020-03-12 12:57:55.872000,1.12159,1.12154,100000,190000
2020-03-12 12:57:55.923000,1.12161,1.12155,750000,190000
2020-03-12 12:57:55.974000,1.12165,1.12158,750000,560000
2020-03-12 12:57:56.075000,1.12166,1.1216,300000,1120000
2020-03-12 12:57:56.357000,1.12166,1.12159,300000,750000
2020-03-12 12:57:56.458000,1.12166,1.1216,300000,940000
2020-03-12 12:57:56.672000,1.12166,1.12161,300000,1310000
2020-03-12 12:57:58.129000,1.12166,1.12158,300000,750000
2020-03-12 12:57:58.230000,1.12165,1.12158,300000,1120000
2020-03-12 12:57:58.331000,1.12165,1.12159,300000,1310000
2020-03-12 12:57:58.433000,1.12166,1.12159,300000,1310000
2020-03-12 12:57:59.032000,1.12166,1.1216,1050000,940000
2020-03-12 12:57:59.135000,1.12166,1.12159,300000,1310000
2020-03-12 12:57:59.237000,1.12166,1.12162,300000,940000
2020-03-12 12:57:59.288000,1.12173,1.12165,750000,940000
2020-03-12 12:57:59.390000,1.12175,1.12165,190000,1310000
2020-03-12 12:57:59.543000,1.12175,1.12167,190000,940000
2020-03-12 12:57:59.646000,1.12179,1.12176,1050000,370000
2020-03-12 12:57:59.697000,1.12185,1.12179,750000,370000
2020-03-12 12:57:59.748000,1.12185,1.12182,750000,1500000
2020-03-12 12:57:59.798000,1.12191,1.12185,1200000,1120000
2020-03-12 12:57:59.900000,1.12192,1.1219,450000,750000
2020-03-12 12:57:59.950000,1.12199,1.12195,940000,750000
2020-03-12 12:58:00.001000,1.12201,1.12194,1050000,1500000
2020-03-12 12:58:00.102000,1.12204,1.12197,750000,750000
2020-03-12 12:58:00.204000,1.12206,1.12196,1120000,750000
2020-03-12 12:58:00.254000,1.12203,1.12196,750000,750000
2020-03-12 12:58:00.356000,1.12203,1.12198,750000,750000
2020-03-12 12:58:00.406000,1.12192,1.1219,1500000,940000
2020-03-12 12:58:00.457000,1.12195,1.1219,1690000,750000
2020-03-12 12:58:00.710000,1.12192,1.12187,1500000,370000
2020-03-12 12:58:00.811000,1.12194,1.1219,370000,3190000
2020-03-12 12:58:00.912000,1.12196,1.12189,450000,940000
2020-03-12 12:58:01.013000,1.12196,1.1219,450000,370000
2020-03-12 12:58:01.064000,1.12197,1.12193,450000,750000
2020-03-12 12:58:01.115000,1.12201,1.12194,1500000,940000
2020-03-12 12:58:01.413000,1.12201,1.12195,1500000,940000
2020-03-12 12:58:01.464000,1.12201,1.12193,1500000,940000
2020-03-12 12:58:01.616000,1.122,1.12193,370000,940000
2020-03-12 12:58:01.768000,1.122,1.12194,370000,940000
2020-03-12 12:58:01.820000,1.12205,1.12197,750000,1690000
2020-03-12 12:58:01.871000,1.12205,1.12199,750000,940000
2020-03-12 12:58:01.973000,1.12206,1.12199,300000,940000
2020-03-12 12:58:02.023000,1.12206,1.12197,300000,1870000
2020-03-12 12:58:02.125000,1.12207,1.12204,300000,190000
2020-03-12 12:58:02.226000,1.12213,1.12207,1460000,750000
2020-03-12 12:58:02.327000,1.12216,1.12208,300000,370000
2020-03-12 12:58:02.479000,1.12216,1.12206,1050000,1500000
2020-03-12 12:58:02.580000,1.12216,1.12207,1050000,370000
2020-03-12 12:58:02.682000,1.12215,1.12207,750000,370000
2020-03-12 12:58:02.785000,1.12215,1.12206,750000,1120000
2020-03-12 12:58:02.836000,1.12216,1.12208,300000,370000
2020-03-12 12:58:02.989000,1.12216,1.12211,300000,560000
2020-03-12 12:58:03.041000,1.12221,1.12213,300000,940000
2020-03-12 12:58:03.265000,1.12221,1.12212,300000,940000
2020-03-12 12:58:03.625000,1.12221,1.12213,300000,940000
2020-03-12 12:58:03.726000,1.12221,1.12216,300000,1870000
2020-03-12 12:58:03.827000,1.12221,1.12213,750000,1120000
2020-03-12 12:58:03.929000,1.12219,1.12213,100000,190000
2020-03-12 12:58:03.980000,1.12221,1.12213,2620000,190000
2020-03-12 12:58:04.081000,1.1222,1.12215,300000,750000
2020-03-12 12:58:04.132000,1.12225,1.12219,750000,940000
2020-03-12 12:58:04.233000,1.12227,1.12222,1500000,750000
2020-03-12 12:58:04.487000,1.12228,1.12222,2250000,750000
2020-03-12 12:58:04.589000,1.12219,1.12217,750000,750000
2020-03-12 12:58:04.639000,1.12218,1.1221,100000,940000
2020-03-12 12:58:04.690000,1.12216,1.12207,940000,3190000
2020-03-12 12:58:04.791000,1.12214,1.12208,750000,750000
2020-03-12 12:58:04.842000,1.12207,1.12204,300000,1570000
2020-03-12 12:58:04.943000,1.12214,1.12204,2510000,940000
2020-03-12 12:58:05.045000,1.12214,1.12205,1870000,940000
2020-03-12 12:58:05.199000,1.12213,1.12203,750000,940000
2020-03-12 12:58:05.301000,1.122,1.12196,370000,2250000
2020-03-12 12:58:05.351000,1.12199,1.12195,370000,750000
2020-03-12 12:58:05.453000,1.122,1.12195,750000,1500000
2020-03-12 12:58:05.655000,1.12198,1.12194,190000,750000
2020-03-12 12:58:05.706000,1.12197,1.12189,2700000,1500000
2020-03-12 12:58:05.757000,1.12192,1.12186,750000,750000
2020-03-12 12:58:05.807000,1.12193,1.12186,190000,750000
2020-03-12 12:58:05.858000,1.12193,1.12184,490000,1310000
2020-03-12 12:58:05.963000,1.12193,1.12184,490000,1310000
2020-03-12 12:58:06.350000,1.12191,1.12183,300000,750000
2020-03-12 12:58:06.452000,1.12189,1.12181,1690000,2140000
2020-03-12 12:58:06.553000,1.12189,1.12185,1390000,190000
2020-03-12 12:58:06.654000,1.12196,1.12187,3000000,370000
2020-03-12 12:58:06.957000,1.12197,1.12195,750000,940000
2020-03-12 12:58:07.008000,1.12202,1.12199,750000,190000
2020-03-12 12:58:07.059000,1.12206,1.12204,640000,940000
2020-03-12 12:58:07.160000,1.12207,1.12204,370000,750000
2020-03-12 12:58:07.262000,1.12205,1.122,750000,190000
2020-03-12 12:58:07.490000,1.12205,1.12201,750000,190000
2020-03-12 12:58:07.592000,1.12206,1.12204,1500000,750000
2020-03-12 12:58:07.694000,1.12207,1.12204,940000,750000
2020-03-12 12:58:07.797000,1.12207,1.12205,190000,370000
2020-03-12 12:58:07.848000,1.12211,1.12204,640000,1120000
2020-03-12 12:58:07.898000,1.12211,1.12207,450000,940000
2020-03-12 12:58:07.949000,1.12209,1.12204,1500000,750000
2020-03-12 12:58:08,1.12209,1.12202,1690000,190000
2020-03-12 12:58:08.050000,1.12207,1.12204,300000,1120000
2020-03-12 12:58:08.152000,1.12211,1.12205,1120000,190000
2020-03-12 12:58:08.354000,1.1221,1.12205,750000,190000
2020-03-12 12:58:08.861000,1.1221,1.12205,1500000,190000
2020-03-12 12:58:08.912000,1.12199,1.12197,750000,1870000
2020-03-12 12:58:09.039000,1.12199,1.12193,1460000,940000
2020-03-12 12:58:09.091000,1.12198,1.1219,190000,940000
2020-03-12 12:58:09.192000,1.12198,1.1219,450000,940000
2020-03-12 12:58:09.293000,1.12198,1.12189,450000,940000
2020-03-12 12:58:10.009000,1.12198,1.1219,1090000,1690000
2020-03-12 12:58:10.060000,1.12202,1.12197,1500000,190000
2020-03-12 12:58:10.161000,1.12203,1.12198,190000,750000
2020-03-12 12:58:10.263000,1.12203,1.12197,190000,750000
2020-03-12 12:58:10.364000,1.12203,1.12198,190000,750000
2020-03-12 12:58:10.516000,1.12203,1.12199,190000,750000
2020-03-12 12:58:10.617000,1.12203,1.12198,190000,750000
2020-03-12 12:58:10.718000,1.12204,1.12199,1460000,750000
2020-03-12 12:58:10.769000,1.12206,1.12199,300000,750000
2020-03-12 12:58:10.972000,1.12206,1.12199,960000,940000
2020-03-12 12:58:11.073000,1.12206,1.12198,670000,940000
2020-03-12 12:58:11.326000,1.12203,1.12196,1570000,940000
2020-03-12 12:58:11.376000,1.12197,1.1219,2250000,1690000
2020-03-12 12:58:11.427000,1.12191,1.12187,2250000,1500000
2020-03-12 12:58:11.478000,1.12188,1.12182,2440000,2440000
2020-03-12 12:58:11.529000,1.12186,1.1218,490000,750000
2020-03-12 12:58:11.579000,1.12186,1.12177,3750000,940000
2020-03-12 12:58:11.630000,1.12182,1.12175,190000,750000
2020-03-12 12:58:11.731000,1.12182,1.12174,450000,750000
2020-03-12 12:58:11.883000,1.12182,1.12175,450000,940000
2020-03-12 12:58:12.035000,1.12182,1.12176,450000,940000
2020-03-12 12:58:12.136000,1.12182,1.12175,450000,940000
2020-03-12 12:58:12.649000,1.12181,1.12177,450000,940000
2020-03-12 12:58:12.699000,1.12184,1.12177,190000,940000
2020-03-12 12:58:12.750000,1.12185,1.12183,1500000,750000
2020-03-12 12:58:12.801000,1.12187,1.12186,2620000,6750000
2020-03-12 12:58:12.852000,1.12195,1.12187,750000,750000
2020-03-12 12:58:13.004000,1.12198,1.1219,1460000,1120000
2020-03-12 12:58:13.054000,1.12203,1.12196,750000,750000
2020-03-12 12:58:13.156000,1.12201,1.12196,1690000,940000
2020-03-12 12:58:13.257000,1.12205,1.12196,560000,2060000
2020-03-12 12:58:13.358000,1.12211,1.122,4270000,1120000
2020-03-12 12:58:13.560000,1.12211,1.122,1310000,1120000
2020-03-12 12:58:13.763000,1.1221,1.122,1120000,1120000
2020-03-12 12:58:14.193000,1.12211,1.122,1120000,1120000
2020-03-12 12:58:14.897000,1.12206,1.12199,1500000,750000
2020-03-12 12:58:15.150000,1.12205,1.12199,2250000,750000
2020-03-12 12:58:15.252000,1.122,1.12196,2250000,900000
2020-03-12 12:58:15.303000,1.12198,1.12192,190000,750000
2020-03-12 12:58:15.354000,1.12201,1.12192,3070000,750000
2020-03-12 12:58:15.455000,1.12201,1.12192,1970000,750000
2020-03-12 12:58:15.505000,1.12202,1.12192,3000000,1500000
2020-03-12 12:58:15.607000,1.12201,1.12193,190000,1500000
2020-03-12 12:58:15.708000,1.12199,1.12193,750000,3150000
2020-03-12 12:58:15.822000,1.122,1.12198,190000,1500000
2020-03-12 12:58:15.873000,1.122,1.12197,940000,750000
2020-03-12 12:58:15.974000,1.122,1.12192,940000,750000
2020-03-12 12:58:16.439000,1.12196,1.12188,940000,750000
2020-03-12 12:58:16.541000,1.12195,1.12187,1120000,750000
2020-03-12 12:58:16.642000,1.12195,1.12186,2250000,1120000
2020-03-12 12:58:16.743000,1.12195,1.12186,940000,1120000
2020-03-12 12:58:16.844000,1.12195,1.12186,190000,1120000
2020-03-12 12:58:16.946000,1.12195,1.12186,190000,750000
2020-03-12 12:58:17.338000,1.12196,1.12189,750000,750000
2020-03-12 12:58:17.823000,1.12196,1.1219,300000,1120000
2020-03-12 12:58:17.925000,1.12197,1.1219,100000,1120000
2020-03-12 12:58:18.076000,1.122,1.12192,750000,370000
2020-03-12 12:58:18.178000,1.12198,1.12195,100000,750000
2020-03-12 12:58:18.279000,1.12197,1.12193,450000,750000
2020-03-12 12:58:18.593000,1.12196,1.12192,100000,750000
2020-03-12 12:58:18.695000,1.12196,1.12191,190000,940000
2020-03-12 12:58:18.796000,1.12196,1.12189,190000,750000
2020-03-12 12:58:18.897000,1.12185,1.12183,750000,1650000
2020-03-12 12:58:18.948000,1.12177,1.12174,3000000,3900000
2020-03-12 12:58:18.999000,1.12165,1.12163,1500000,190000
2020-03-12 12:58:19.050000,1.12158,1.12156,2250000,190000
2020-03-12 12:58:19.103000,1.1215,1.12147,1500000,2620000
2020-03-12 12:58:19.154000,1.12145,1.12142,750000,370000
2020-03-12 12:58:19.255000,1.1214,1.12138,750000,370000
2020-03-12 12:58:19.306000,1.1214,1.12136,1500000,2250000
2020-03-12 12:58:19.356000,1.12126,1.12124,750000,370000
2020-03-12 12:58:19.407000,1.12116,1.12114,450000,370000
2020-03-12 12:58:19.458000,1.12115,1.12109,750000,900000
2020-03-12 12:58:19.559000,1.12113,1.12104,940000,940000
2020-03-12 12:58:19.661000,1.12111,1.12104,190000,370000
2020-03-12 12:58:19.762000,1.12112,1.12103,190000,370000
2020-03-12 12:58:19.863000,1.1211,1.12104,750000,370000
2020-03-12 12:58:20.071000,1.1211,1.12102,750000,370000
2020-03-12 12:58:20.173000,1.12114,1.12104,1690000,2060000
2020-03-12 12:58:20.275000,1.12114,1.12105,1690000,370000
2020-03-12 12:58:20.591000,1.12106,1.12104,190000,370000
2020-03-12 12:58:20.642000,1.12107,1.121,940000,750000
2020-03-12 12:58:20.743000,1.12106,1.12095,750000,750000
2020-03-12 12:58:20.845000,1.12106,1.12096,750000,750000
2020-03-12 12:58:21.002000,1.12108,1.12096,190000,750000
2020-03-12 12:58:21.154000,1.12105,1.12093,750000,820000
2020-03-12 12:58:21.306000,1.12106,1.12098,1050000,750000
2020-03-12 12:58:21.407000,1.1211,1.12097,940000,370000
2020-03-12 12:58:21.514000,1.12105,1.12096,750000,370000
2020-03-12 12:58:21.615000,1.12109,1.121,1500000,750000
2020-03-12 12:58:21.716000,1.1211,1.12099,2250000,750000
2020-03-12 12:58:22.041000,1.1211,1.121,2440000,750000
2020-03-12 12:58:22.142000,1.12111,1.12101,1050000,1500000
2020-03-12 12:58:22.243000,1.12111,1.12102,300000,750000
2020-03-12 12:58:22.445000,1.12111,1.12103,300000,940000
2020-03-12 12:58:22.647000,1.12111,1.12105,300000,750000
2020-03-12 12:58:22.698000,1.12111,1.12102,300000,1690000
2020-03-12 12:58:23.104000,1.12111,1.12106,300000,750000
2020-03-12 12:58:23.155000,1.12115,1.12106,750000,750000
2020-03-12 12:58:23.206000,1.12117,1.12106,1120000,750000
2020-03-12 12:58:23.307000,1.12118,1.12113,450000,370000
2020-03-12 12:58:23.358000,1.12126,1.12113,750000,1870000
2020-03-12 12:58:23.409000,1.12126,1.12116,750000,750000
2020-03-12 12:58:23.510000,1.12126,1.12116,750000,370000
2020-03-12 12:58:23.611000,1.12124,1.12115,750000,1690000
2020-03-12 12:58:23.713000,1.12124,1.12115,750000,2440000
2020-03-12 12:58:23.815000,1.12126,1.12118,1500000,750000
2020-03-12 12:58:23.917000,1.12128,1.12118,750000,750000
2020-03-12 12:58:23.968000,1.12126,1.12117,300000,1500000
2020-03-12 12:58:24.076000,1.12126,1.12117,300000,2250000
2020-03-12 12:58:24.177000,1.12126,1.12121,300000,370000
2020-03-12 12:58:24.278000,1.12131,1.12121,450000,1120000
2020-03-12 12:58:24.380000,1.12131,1.12124,450000,750000
2020-03-12 12:58:24.430000,1.12136,1.12125,750000,750000
2020-03-12 12:58:24.552000,1.12136,1.12127,750000,750000
2020-03-12 12:58:24.653000,1.1214,1.12128,1500000,750000
2020-03-12 12:58:24.857000,1.12138,1.12128,750000,1310000
2020-03-12 12:58:24.908000,1.1214,1.12128,750000,1310000
2020-03-12 12:58:25.126000,1.12141,1.12135,1610000,750000
2020-03-12 12:58:25.177000,1.12143,1.12135,370000,370000
2020-03-12 12:58:25.228000,1.12146,1.12137,450000,1120000
2020-03-12 12:58:25.279000,1.12146,1.1214,450000,750000
2020-03-12 12:58:25.380000,1.12148,1.12143,190000,750000
2020-03-12 12:58:25.431000,1.12155,1.12143,3190000,1120000
2020-03-12 12:58:25.642000,1.12155,1.12143,2440000,940000
2020-03-12 12:58:25.743000,1.12155,1.12143,2440000,940000
2020-03-12 12:58:25.844000,1.12156,1.12146,1870000,750000
2020-03-12 12:58:25.946000,1.12156,1.1215,750000,1500000
2020-03-12 12:58:26.047000,1.12163,1.12152,370000,2250000
2020-03-12 12:58:26.148000,1.12165,1.12152,3190000,750000
2020-03-12 12:58:26.551000,1.12165,1.12154,1870000,1690000
2020-03-12 12:58:26.653000,1.1217,1.12161,750000,750000
2020-03-12 12:58:26.754000,1.12164,1.12161,1500000,1120000
2020-03-12 12:58:26.805000,1.12175,1.12167,1500000,750000
2020-03-12 12:58:26.856000,1.12171,1.12167,750000,1120000
2020-03-12 12:58:26.957000,1.12176,1.12167,450000,3370000
2020-03-12 12:58:27.222000,1.12176,1.12167,450000,370000
2020-03-12 12:58:27.444000,1.12164,1.12162,750000,750000
2020-03-12 12:58:27.495000,1.12163,1.12159,750000,750000
2020-03-12 12:58:27.546000,1.12163,1.12157,100000,1500000
2020-03-12 12:58:27.597000,1.12165,1.12157,1500000,1500000
2020-03-12 12:58:28.020000,1.12164,1.12157,750000,1500000
2020-03-12 12:58:28.121000,1.12165,1.12157,1500000,1500000
2020-03-12 12:58:28.172000,1.12166,1.12159,1870000,750000
2020-03-12 12:58:28.626000,1.12164,1.12159,750000,1120000
2020-03-12 12:58:28.727000,1.12165,1.12159,750000,750000
2020-03-12 12:58:28.829000,1.12163,1.12157,100000,2250000
2020-03-12 12:58:29.031000,1.12162,1.12157,260000,1120000
2020-03-12 12:58:29.132000,1.12156,1.1215,940000,750000
2020-03-12 12:58:29.234000,1.12153,1.12147,820000,750000
2020-03-12 12:58:29.285000,1.12151,1.12143,640000,370000
2020-03-12 12:58:29.337000,1.12148,1.12141,750000,2250000
2020-03-12 12:58:29.388000,1.12148,1.12138,940000,1500000
2020-03-12 12:58:29.490000,1.12146,1.12135,450000,370000
2020-03-12 12:58:29.541000,1.12146,1.12143,450000,750000
2020-03-12 12:58:29.593000,1.12147,1.12141,190000,820000
2020-03-12 12:58:29.695000,1.1215,1.1214,190000,260000
2020-03-12 12:58:29.746000,1.12148,1.12141,190000,100000
2020-03-12 12:58:29.848000,1.12149,1.12141,190000,370000
2020-03-12 12:58:29.949000,1.1215,1.12141,190000,260000
2020-03-12 12:58:30.153000,1.1215,1.12142,190000,100000
2020-03-12 12:58:30.255000,1.1215,1.12141,190000,1010000
2020-03-12 12:58:30.924000,1.12151,1.12142,1500000,370000
2020-03-12 12:58:31.025000,1.12151,1.12143,1690000,450000
2020-03-12 12:58:31.177000,1.12151,1.12144,1500000,100000
2020-03-12 12:58:31.799000,1.12151,1.12145,750000,370000
2020-03-12 12:58:31.900000,1.12164,1.12159,750000,750000
2020-03-12 12:58:31.951000,1.1217,1.1216,3900000,750000
2020-03-12 12:58:32.002000,1.1217,1.12163,750000,750000
2020-03-12 12:58:32.053000,1.12174,1.12164,1690000,190000
2020-03-12 12:58:32.154000,1.12174,1.12165,750000,370000
2020-03-12 12:58:32.205000,1.12175,1.12163,9340000,370000
2020-03-12 12:58:32.306000,1.12175,1.12165,190000,370000
2020-03-12 12:58:32.458000,1.12175,1.12166,190000,370000
2020-03-12 12:58:32.610000,1.12176,1.12166,750000,560000
2020-03-12 12:58:32.711000,1.12176,1.12167,1500000,370000
2020-03-12 12:58:32.814000,1.1218,1.12168,190000,370000
2020-03-12 12:58:32.916000,1.12181,1.12169,25950001,370000
2020-03-12 12:58:33.017000,1.1218,1.12167,750000,640000
2020-03-12 12:58:33.068000,1.12178,1.12166,750000,1690000
2020-03-12 12:58:33.170000,1.12181,1.12171,190000,560000
2020-03-12 12:58:33.272000,1.12181,1.12172,190000,370000
2020-03-12 12:58:33.526000,1.12179,1.12172,750000,370000
2020-03-12 12:58:33.577000,1.12182,1.12172,940000,560000
2020-03-12 12:58:33.678000,1.12185,1.12177,190000,370000
2020-03-12 12:58:33.730000,1.12189,1.12178,750000,1120000
2020-03-12 12:58:33.781000,1.12185,1.12176,1500000,640000
2020-03-12 12:58:33.883000,1.12188,1.12177,750000,640000
2020-03-12 12:58:33.934000,1.12185,1.12177,750000,370000
2020-03-12 12:58:34.037000,1.12186,1.12177,300000,100000
2020-03-12 12:58:34.534000,1.12185,1.12176,1500000,370000
2020-03-12 12:58:34.651000,1.12186,1.12178,1050000,370000
2020-03-12 12:58:34.702000,1.12186,1.12176,1050000,560000
2020-03-12 12:58:34.803000,1.12185,1.12176,1500000,370000
2020-03-12 12:58:34.955000,1.12183,1.12176,750000,370000
2020-03-12 12:58:35.006000,1.12186,1.12175,1800000,190000
2020-03-12 12:58:35.108000,1.12185,1.12175,1050000,370000
2020-03-12 12:58:35.209000,1.12185,1.12177,300000,370000
2020-03-12 12:58:35.310000,1.12186,1.12177,1050000,560000
2020-03-12 12:58:36.256000,1.12186,1.12183,300000,750000
2020-03-12 12:58:36.307000,1.1219,1.12185,750000,750000
2020-03-12 12:58:36.357000,1.12192,1.1219,750000,750000
2020-03-12 12:58:36.408000,1.12198,1.12191,750000,190000
2020-03-12 12:58:36.509000,1.122,1.12192,1050000,940000
2020-03-12 12:58:36.661000,1.12191,1.1219,940000,750000
2020-03-12 12:58:36.712000,1.1218,1.12179,100000,190000
2020-03-12 12:58:36.763000,1.12172,1.1217,750000,370000
2020-03-12 12:58:36.813000,1.12169,1.12167,8170000,750000
2020-03-12 12:58:36.864000,1.12163,1.1216,750000,940000
2020-03-12 12:58:36.915000,1.1216,1.12154,750000,190000
2020-03-12 12:58:36.965000,1.12156,1.12153,12070000,190000
2020-03-12 12:58:37.016000,1.12144,1.12143,750000,750000
2020-03-12 12:58:37.067000,1.12146,1.12141,5550000,750000
2020-03-12 12:58:37.117000,1.12138,1.12133,750000,750000
2020-03-12 12:58:37.168000,1.12133,1.12132,750000,750000
2020-03-12 12:58:37.269000,1.12133,1.12128,750000,370000
2020-03-12 12:58:37.320000,1.12136,1.12126,1120000,750000
2020-03-12 12:58:37.623000,1.12136,1.12133,370000,190000
2020-03-12 12:58:37.724000,1.12138,1.1213,2620000,1310000
2020-03-12 12:58:37.775000,1.12138,1.12133,2620000,940000
2020-03-12 12:58:37.826000,1.12142,1.12133,370000,940000
2020-03-12 12:58:37.927000,1.12143,1.12133,3370000,940000
2020-03-12 12:58:37.978000,1.1214,1.12132,750000,1500000
2020-03-12 12:58:38.079000,1.1214,1.12131,750000,190000
2020-03-12 12:58:38.248000,1.1214,1.1213,750000,190000
2020-03-12 12:58:38.351000,1.12141,1.12131,1120000,190000
2020-03-12 12:58:38.453000,1.12143,1.12131,4870000,370000
2020-03-12 12:58:38.606000,1.12143,1.12134,2620000,190000
2020-03-12 12:58:38.709000,1.12145,1.12136,750000,370000
2020-03-12 12:58:38.811000,1.12148,1.12137,750000,370000
2020-03-12 12:58:38.963000,1.12149,1.12137,750000,560000
2020-03-12 12:58:39.013000,1.1215,1.12139,1500000,560000
2020-03-12 12:58:39.313000,1.12151,1.12139,3370000,560000
2020-03-12 12:58:39.597000,1.12147,1.12138,750000,190000
2020-03-12 12:58:39.648000,1.1215,1.12138,1500000,190000
2020-03-12 12:58:39.958000,1.1215,1.1214,750000,370000
2020-03-12 12:58:40.062000,1.12151,1.12141,1500000,190000
2020-03-12 12:58:40.164000,1.12151,1.12144,1500000,100000
2020-03-12 12:58:40.265000,1.12151,1.12145,1500000,100000
2020-03-12 12:58:40.366000,1.12154,1.12149,750000,190000
2020-03-12 12:58:40.417000,1.12156,1.12149,1570000,190000
2020-03-12 12:58:41.075000,1.12156,1.1215,450000,370000
2020-03-12 12:58:41.126000,1.12161,1.12151,2250000,190000
2020-03-12 12:58:41.229000,1.12164,1.12152,750000,190000
2020-03-12 12:58:41.330000,1.12162,1.12152,750000,190000
2020-03-12 12:58:41.432000,1.1216,1.12151,750000,560000
2020-03-12 12:58:41.534000,1.12162,1.12151,1500000,560000
2020-03-12 12:58:41.636000,1.1216,1.12151,750000,560000
2020-03-12 12:58:41.738000,1.12161,1.12151,750000,560000
2020-03-12 12:58:41.840000,1.12162,1.12151,940000,370000
2020-03-12 12:58:41.941000,1.1216,1.12153,750000,940000
2020-03-12 12:58:42.042000,1.12166,1.12157,750000,190000
2020-03-12 12:58:42.143000,1.12166,1.12159,750000,750000
2020-03-12 12:58:42.462000,1.12166,1.12158,1050000,750000
2020-03-12 12:58:42.705000,1.12166,1.1216,300000,750000
2020-03-12 12:58:43.028000,1.1216,1.12156,1500000,750000
2020-03-12 12:58:43.129000,1.12156,1.12152,300000,750000
2020-03-12 12:58:43.230000,1.12156,1.12149,820000,750000
2020-03-12 12:58:43.332000,1.12156,1.1215,450000,1390000
2020-03-12 12:58:43.483000,1.12156,1.12149,820000,940000
2020-03-12 12:58:43.635000,1.12156,1.1215,450000,450000
2020-03-12 12:58:43.837000,1.12156,1.12151,450000,100000
2020-03-12 12:58:44.041000,1.1216,1.12153,750000,750000
2020-03-12 12:58:44.193000,1.12159,1.12153,750000,750000
2020-03-12 12:58:44.344000,1.1216,1.12153,750000,940000
2020-03-12 12:58:44.576000,1.12153,1.12149,750000,750000
2020-03-12 12:58:44.677000,1.12143,1.12141,1500000,1200000
2020-03-12 12:58:44.728000,1.1214,1.12136,2250000,750000
2020-03-12 12:58:44.830000,1.12139,1.12135,1500000,750000
2020-03-12 12:58:44.931000,1.12139,1.12133,1500000,750000
2020-03-12 12:58:45.032000,1.1214,1.12133,1500000,750000
2020-03-12 12:58:45.133000,1.12138,1.12132,750000,750000
2020-03-12 12:58:45.235000,1.1214,1.12131,750000,750000
2020-03-12 12:58:45.336000,1.12139,1.12131,750000,750000
2020-03-12 12:58:45.487000,1.1214,1.12131,750000,940000
2020-03-12 12:58:45.601000,1.1213,1.12129,750000,370000
2020-03-12 12:58:45.651000,1.1213,1.12126,750000,3000000
2020-03-12 12:58:45.803000,1.12131,1.12126,2250000,450000
2020-03-12 12:58:45.904000,1.12132,1.12129,1500000,940000
2020-03-12 12:58:45.955000,1.12136,1.1213,1500000,940000
2020-03-12 12:58:46.057000,1.12137,1.12131,750000,260000
2020-03-12 12:58:46.158000,1.12137,1.12132,750000,750000
2020-03-12 12:58:46.260000,1.12139,1.12132,750000,190000
2020-03-12 12:58:46.361000,1.12141,1.12134,670000,750000
2020-03-12 12:58:46.462000,1.1214,1.12135,750000,940000
2020-03-12 12:58:46.563000,1.12141,1.12134,300000,750000
2020-03-12 12:58:46.665000,1.12136,1.12132,2620000,750000
2020-03-12 12:58:46.716000,1.12136,1.1213,2620000,750000
2020-03-12 12:58:46.767000,1.12134,1.1213,750000,750000
2020-03-12 12:58:46.818000,1.12129,1.12127,750000,1500000
2020-03-12 12:58:46.869000,1.12131,1.12126,2620000,190000
2020-03-12 12:58:47.020000,1.1213,1.12125,190000,1500000
2020-03-12 12:58:47.122000,1.1213,1.12126,190000,750000
2020-03-12 12:58:47.277000,1.1213,1.12125,190000,1500000
2020-03-12 12:58:47.378000,1.1213,1.12126,190000,750000
2020-03-12 12:58:47.479000,1.12131,1.12125,2250000,1690000
2020-03-12 12:58:48.087000,1.12132,1.12129,1500000,940000
2020-03-12 12:58:48.188000,1.12138,1.12134,750000,190000
2020-03-12 12:58:48.239000,1.12142,1.12134,370000,750000
2020-03-12 12:58:48.340000,1.12139,1.12134,750000,750000
2020-03-12 12:58:48.396000,1.12141,1.12134,750000,750000
2020-03-12 12:58:48.502000,1.12141,1.12133,750000,1120000
2020-03-12 12:58:48.552000,1.12139,1.12133,750000,190000
2020-03-12 12:58:48.654000,1.12135,1.12131,750000,190000
2020-03-12 12:58:48.755000,1.12134,1.12128,1500000,190000
2020-03-12 12:58:48.857000,1.12135,1.12129,2250000,190000
2020-03-12 12:58:49.008000,1.12135,1.12131,750000,190000
2020-03-12 12:58:49.110000,1.12138,1.12132,1500000,190000
2020-03-12 12:58:49.261000,1.12139,1.12132,750000,190000
2020-03-12 12:58:49.363000,1.12139,1.1213,1500000,190000
2020-03-12 12:58:49.413000,1.12136,1.1213,750000,190000
2020-03-12 12:58:49.666000,1.12139,1.1213,370000,190000
2020-03-12 12:58:49.717000,1.12139,1.12132,370000,1120000
2020-03-12 12:58:49.963000,1.1214,1.12132,750000,940000
2020-03-12 12:58:50.181000,1.12142,1.12137,710000,190000
2020-03-12 12:58:50.282000,1.12145,1.12137,370000,750000
2020-03-12 12:58:50.333000,1.12143,1.12137,1120000,940000
2020-03-12 12:58:50.384000,1.12142,1.12135,750000,190000
2020-03-12 12:58:50.485000,1.1214,1.12135,750000,190000
2020-03-12 12:58:50.587000,1.12136,1.12134,750000,190000
2020-03-12 12:58:50.689000,1.12133,1.12129,750000,940000
2020-03-12 12:58:50.791000,1.12134,1.12129,750000,940000
2020-03-12 12:58:50.893000,1.12135,1.12129,2250000,940000
2020-03-12 12:58:51.299000,1.12135,1.12127,1500000,940000
2020-03-12 12:58:51.401000,1.12134,1.12127,750000,940000
2020-03-12 12:58:51.506000,1.12135,1.12127,1500000,940000
2020-03-12 12:58:52.458000,1.12135,1.12128,750000,750000
2020-03-12 12:58:52.560000,1.12136,1.12128,1870000,940000
2020-03-12 12:58:52.840000,1.12136,1.1213,1950000,750000
2020-03-12 12:58:52.942000,1.12135,1.1213,750000,1760000
2020-03-12 12:58:52.993000,1.12138,1.1213,750000,940000
2020-03-12 12:58:53.094000,1.12136,1.1213,750000,190000
2020-03-12 12:58:53.145000,1.12135,1.12128,750000,1200000
2020-03-12 12:58:53.332000,1.12135,1.12127,750000,1010000
2020-03-12 12:58:53.383000,1.12147,1.12144,750000,750000
2020-03-12 12:58:53.434000,1.12151,1.12148,3190000,750000
2020-03-12 12:58:53.485000,1.12158,1.12154,190000,750000
2020-03-12 12:58:53.535000,1.12165,1.12161,190000,6370000
2020-03-12 12:58:53.586000,1.12176,1.1217,3190000,1500000
2020-03-12 12:58:53.637000,1.12178,1.12175,190000,1500000
2020-03-12 12:58:53.689000,1.12181,1.12175,190000,3000000
2020-03-12 12:58:53.740000,1.12185,1.12177,750000,750000
2020-03-12 12:58:53.893000,1.12185,1.12181,750000,750000
2020-03-12 12:58:53.944000,1.12187,1.12182,750000,750000
2020-03-12 12:58:53.994000,1.12188,1.12186,750000,190000
2020-03-12 12:58:54.045000,1.12192,1.12186,750000,940000
2020-03-12 12:58:54.096000,1.1219,1.12186,750000,1690000
2020-03-12 12:58:54.147000,1.12193,1.12187,750000,750000
2020-03-12 12:58:54.198000,1.12196,1.12187,300000,750000
2020-03-12 12:58:54.249000,1.12196,1.12192,300000,750000
2020-03-12 12:58:54.350000,1.12197,1.1219,750000,1690000
2020-03-12 12:58:54.451000,1.12198,1.1219,750000,1500000
2020-03-12 12:58:54.553000,1.12195,1.1219,1500000,750000
2020-03-12 12:58:54.603000,1.12194,1.12185,1500000,1500000
2020-03-12 12:58:55.008000,1.12194,1.12186,4870000,750000
2020-03-12 12:58:55.109000,1.12194,1.12188,750000,750000
2020-03-12 12:58:55.210000,1.12192,1.12183,750000,190000
2020-03-12 12:58:55.261000,1.12193,1.12186,3340000,750000
2020-03-12 12:58:55.312000,1.12196,1.12186,300000,750000
2020-03-12 12:58:55.417000,1.12195,1.12185,750000,190000
2020-03-12 12:58:55.519000,1.12194,1.12184,1500000,1690000
2020-03-12 12:58:55.621000,1.12196,1.12185,1420000,750000
2020-03-12 12:58:55.723000,1.12194,1.12184,750000,2440000
2020-03-12 12:58:56.129000,1.12193,1.12185,750000,750000
2020-03-12 12:58:56.332000,1.12185,1.12183,750000,750000
2020-03-12 12:58:56.383000,1.12184,1.12175,1500000,1500000
2020-03-12 12:58:56.433000,1.12181,1.12176,300000,750000
2020-03-12 12:58:56.535000,1.12182,1.12174,750000,1500000
2020-03-12 12:58:56.586000,1.12183,1.12176,750000,750000
2020-03-12 12:58:56.636000,1.12185,1.12176,750000,750000
2020-03-12 12:58:56.738000,1.12186,1.12176,1050000,940000
2020-03-12 12:58:56.839000,1.12184,1.12176,750000,190000
2020-03-12 12:58:56.940000,1.12183,1.12178,940000,450000
2020-03-12 12:58:57.041000,1.12184,1.12177,750000,450000
2020-03-12 12:58:57.143000,1.12186,1.12179,300000,190000
2020-03-12 12:58:57.246000,1.12175,1.12172,8170000,750000
2020-03-12 12:58:57.297000,1.12163,1.1216,750000,2440000
2020-03-12 12:58:57.349000,1.1216,1.12158,750000,750000
2020-03-12 12:58:57.400000,1.12159,1.12155,1690000,750000
2020-03-12 12:58:57.501000,1.12156,1.12152,490000,100000
2020-03-12 12:58:57.552000,1.12156,1.12147,190000,190000
2020-03-12 12:58:57.653000,1.12157,1.12147,190000,190000
2020-03-12 12:58:57.956000,1.12155,1.12148,190000,190000
2020-03-12 12:58:58.057000,1.12156,1.12147,2250000,190000
2020-03-12 12:58:58.158000,1.12157,1.12148,190000,370000
2020-03-12 12:58:58.310000,1.12155,1.12146,190000,1120000
2020-03-12 12:58:58.411000,1.12152,1.12146,190000,100000
2020-03-12 12:58:58.512000,1.12146,1.12145,1690000,190000
2020-03-12 12:58:58.563000,1.12146,1.12143,1500000,370000
2020-03-12 12:58:58.614000,1.12148,1.12146,1500000,190000
2020-03-12 12:58:58.664000,1.12153,1.1215,1120000,370000
2020-03-12 12:58:58.715000,1.12154,1.12152,1120000,370000
2020-03-12 12:58:58.867000,1.12156,1.12152,1870000,190000
2020-03-12 12:58:59.019000,1.12154,1.12147,750000,370000
2020-03-12 12:58:59.120000,1.12156,1.12146,1870000,750000
2020-03-12 12:58:59.171000,1.12156,1.12148,1950000,750000
2020-03-12 12:58:59.273000,1.1216,1.12152,1870000,370000
2020-03-12 12:58:59.375000,1.12163,1.12154,750000,370000
2020-03-12 12:58:59.478000,1.12162,1.12161,370000,750000
2020-03-12 12:58:59.528000,1.12172,1.12165,750000,750000
2020-03-12 12:58:59.579000,1.12173,1.12169,2250000,370000
2020-03-12 12:58:59.630000,1.1218,1.12171,1120000,370000
2020-03-12 12:58:59.731000,1.12181,1.12171,490000,370000
2020-03-12 12:58:59.782000,1.12179,1.12171,750000,370000
2020-03-12 12:58:59.883000,1.1218,1.12171,750000,370000
2020-03-12 12:58:59.984000,1.12181,1.12171,2740000,370000
2020-03-12 12:59:00.136000,1.12177,1.12168,750000,1120000
2020-03-12 12:59:00.237000,1.12178,1.12169,940000,370000
2020-03-12 12:59:00.339000,1.12175,1.12167,750000,370000
2020-03-12 12:59:00.440000,1.1217,1.12162,940000,1500000
2020-03-12 12:59:00.542000,1.1217,1.12161,940000,750000
2020-03-12 12:59:00.780000,1.1217,1.12162,1500000,820000
2020-03-12 12:59:00.881000,1.1217,1.12164,750000,260000
2020-03-12 12:59:01.084000,1.12171,1.12166,300000,370000
2020-03-12 12:59:01.135000,1.12174,1.12166,1500000,370000
2020-03-12 12:59:01.236000,1.12175,1.12166,750000,370000
2020-03-12 12:59:01.337000,1.12174,1.12166,750000,370000
2020-03-12 12:59:01.590000,1.12172,1.12165,1500000,560000
2020-03-12 12:59:01.691000,1.12169,1.12162,1500000,190000
2020-03-12 12:59:01.792000,1.12167,1.12161,190000,1950000
2020-03-12 12:59:01.894000,1.12167,1.1216,190000,260000
2020-03-12 12:59:01.996000,1.12169,1.12163,1500000,190000
2020-03-12 12:59:02.199000,1.12169,1.12162,750000,100000
2020-03-12 12:59:02.300000,1.1217,1.12162,1690000,450000
2020-03-12 12:59:02.413000,1.1217,1.12163,1500000,100000
2020-03-12 12:59:02.515000,1.1217,1.12164,750000,100000
2020-03-12 12:59:02.616000,1.1217,1.12162,1690000,100000
2020-03-12 12:59:02.717000,1.12169,1.12162,940000,100000
2020-03-12 12:59:02.919000,1.12169,1.12161,1690000,450000
2020-03-12 12:59:03.020000,1.12169,1.12162,940000,100000
2020-03-12 12:59:03.362000,1.1217,1.12162,3940000,450000
2020-03-12 12:59:03.463000,1.1217,1.12163,3940000,100000
2020-03-12 12:59:03.564000,1.1217,1.12164,750000,190000
2020-03-12 12:59:03.737000,1.12171,1.12164,2250000,190000
2020-03-12 12:59:04.104000,1.12171,1.12165,750000,560000
2020-03-12 12:59:04.155000,1.12177,1.12169,750000,100000
2020-03-12 12:59:04.206000,1.12178,1.12175,6340000,100000
2020-03-12 12:59:04.257000,1.12183,1.12175,3750000,100000
2020-03-12 12:59:04.307000,1.12183,1.12179,750000,750000
2020-03-12 12:59:04.358000,1.1219,1.1218,3000000,1120000
2020-03-12 12:59:04.409000,1.1219,1.12186,750000,100000
2020-03-12 12:59:04.460000,1.12199,1.12198,1500000,190000
2020-03-12 12:59:04.511000,1.12207,1.12201,750000,750000
2020-03-12 12:59:04.562000,1.12209,1.12203,750000,750000
2020-03-12 12:59:04.663000,1.1221,1.12201,940000,1310000
2020-03-12 12:59:05.068000,1.12195,1.12194,1500000,1500000
2020-03-12 12:59:05.119000,1.12184,1.12183,750000,190000
2020-03-12 12:59:05.170000,1.1216,1.12157,750000,750000
2020-03-12 12:59:05.221000,1.12149,1.12145,750000,1690000
2020-03-12 12:59:05.272000,1.12158,1.12155,1500000,100000
2020-03-12 12:59:05.323000,1.12151,1.12149,750000,370000
2020-03-12 12:59:05.373000,1.1219,1.12188,370000,750000
2020-03-12 12:59:05.424000,1.12201,1.12191,6750000,750000
2020-03-12 12:59:05.475000,1.12196,1.12194,190000,750000
2020-03-12 12:59:05.576000,1.12197,1.12194,750000,750000
2020-03-12 12:59:05.677000,1.12193,1.12189,1120000,750000
2020-03-12 12:59:05.729000,1.12193,1.12186,1120000,1310000
2020-03-12 12:59:05.780000,1.12196,1.12193,750000,750000
2020-03-12 12:59:05.882000,1.12201,1.12198,1500000,750000
2020-03-12 12:59:05.983000,1.12206,1.12197,450000,750000
2020-03-12 12:59:06.085000,1.12202,1.12196,750000,750000
2020-03-12 12:59:06.187000,1.12196,1.12192,750000,750000
2020-03-12 12:59:06.238000,1.122,1.12194,3340000,190000
2020-03-12 12:59:06.289000,1.12196,1.12189,1050000,750000
2020-03-12 12:59:06.391000,1.12196,1.12186,1800000,190000
2020-03-12 12:59:06.492000,1.12195,1.12185,1500000,190000
2020-03-12 12:59:06.594000,1.12193,1.12183,750000,940000
2020-03-12 12:59:06.763000,1.12193,1.12184,750000,190000
2020-03-12 12:59:06.865000,1.12196,1.12185,300000,1500000
2020-03-12 12:59:06.915000,1.12193,1.12182,750000,750000
2020-03-12 12:59:07.017000,1.12196,1.12183,1990000,1500000
2020-03-12 12:59:07.067000,1.12195,1.12186,300000,750000
2020-03-12 12:59:07.118000,1.12195,1.12183,490000,1500000
2020-03-12 12:59:07.220000,1.12194,1.12186,100000,190000
2020-03-12 12:59:07.270000,1.12194,1.12184,100000,1500000
2020-03-12 12:59:07.422000,1.12194,1.12187,100000,190000
2020-03-12 12:59:07.594000,1.1219,1.12186,100000,190000
2020-03-12 12:59:07.696000,1.12194,1.12188,100000,190000
2020-03-12 12:59:07.800000,1.12195,1.12191,100000,190000
2020-03-12 12:59:07.901000,1.12193,1.12191,100000,190000
2020-03-12 12:59:07.952000,1.12192,1.12189,100000,190000
2020-03-12 12:59:08.053000,1.12192,1.12188,100000,190000
2020-03-12 12:59:08.155000,1.12192,1.12187,100000,190000
2020-03-12 12:59:08.346000,1.12187,1.12184,750000,820000
2020-03-12 12:59:08.448000,1.1219,1.12188,750000,750000
2020-03-12 12:59:08.499000,1.12195,1.12192,1120000,1120000
2020-03-12 12:59:08.550000,1.12195,1.1219,370000,1500000
2020-03-12 12:59:08.601000,1.12199,1.12193,100000,190000
2020-03-12 12:59:08.702000,1.122,1.12192,100000,190000
2020-03-12 12:59:08.855000,1.12198,1.12192,100000,190000
2020-03-12 12:59:08.956000,1.12199,1.12192,100000,940000
2020-03-12 12:59:09.107000,1.12199,1.12194,100000,190000
2020-03-12 12:59:09.208000,1.12198,1.12194,100000,190000
2020-03-12 12:59:09.416000,1.12195,1.12191,750000,750000
2020-03-12 12:59:09.518000,1.12195,1.12188,820000,3260000
2020-03-12 12:59:09.619000,1.12195,1.1219,820000,190000
2020-03-12 12:59:09.720000,1.12195,1.12191,820000,190000
2020-03-12 12:59:09.872000,1.12195,1.12189,750000,1760000
2020-03-12 12:59:09.973000,1.12195,1.1219,750000,820000
2020-03-12 12:59:10.024000,1.12197,1.12195,300000,190000
2020-03-12 12:59:10.125000,1.12201,1.12196,820000,190000
2020-03-12 12:59:10.226000,1.12199,1.12196,100000,190000
2020-03-12 12:59:10.328000,1.12196,1.12192,1500000,190000
2020-03-12 12:59:10.530000,1.12196,1.1219,1500000,750000
2020-03-12 12:59:11.389000,1.12196,1.12193,750000,190000
2020-03-12 12:59:11.541000,1.12196,1.12191,300000,190000
2020-03-12 12:59:11.643000,1.12196,1.1219,300000,100000
2020-03-12 12:59:11.744000,1.12196,1.12189,300000,260000
2020-03-12 12:59:11.795000,1.12196,1.12192,300000,190000
2020-03-12 12:59:11.993000,1.12196,1.1219,370000,750000
2020-03-12 12:59:12.044000,1.12196,1.12192,370000,190000
2020-03-12 12:59:12.995000,1.12196,1.12193,300000,940000
2020-03-12 12:59:13.046000,1.122,1.12193,820000,190000
2020-03-12 12:59:13.147000,1.12199,1.12191,100000,190000
2020-03-12 12:59:13.441000,1.12196,1.1219,300000,750000
2020-03-12 12:59:13.543000,1.12193,1.12191,450000,190000
2020-03-12 12:59:13.644000,1.12196,1.12192,300000,190000
2020-03-12 12:59:13.847000,1.122,1.12192,100000,190000
2020-03-12 12:59:14.197000,1.12197,1.12192,750000,190000
2020-03-12 12:59:14.248000,1.12197,1.1219,750000,750000
2020-03-12 12:59:14.299000,1.12199,1.1219,1010000,150000
2020-03-12 12:59:14.350000,1.12196,1.12189,300000,340000
2020-03-12 12:59:15.186000,1.12196,1.12189,300000,1160000
2020-03-12 12:59:15.287000,1.12196,1.1219,300000,820000
2020-03-12 12:59:16.303000,1.12196,1.12189,300000,220000
2020-03-12 12:59:16.404000,1.12196,1.1219,300000,1200000
2020-03-12 12:59:16.455000,1.12201,1.12191,750000,1570000
2020-03-12 12:59:16.556000,1.12201,1.12192,750000,820000
2020-03-12 12:59:16.809000,1.12201,1.12192,750000,2440000
2020-03-12 12:59:17.037000,1.12201,1.12193,750000,750000
2020-03-12 12:59:17.290000,1.12202,1.12198,750000,750000
2020-03-12 12:59:17.391000,1.12209,1.122,190000,190000
2020-03-12 12:59:17.492000,1.12217,1.12215,4050000,370000
2020-03-12 12:59:17.543000,1.12237,1.12232,370000,1500000
2020-03-12 12:59:17.594000,1.12242,1.12236,750000,1200000
2020-03-12 12:59:17.645000,1.12244,1.1224,190000,750000
2020-03-12 12:59:17.746000,1.12245,1.1224,370000,750000
2020-03-12 12:59:17.847000,1.12245,1.12238,1120000,750000
2020-03-12 12:59:17.949000,1.12245,1.12238,1310000,1500000
2020-03-12 12:59:18,1.12246,1.1224,300000,1690000
2020-03-12 12:59:18.051000,1.12246,1.12239,300000,750000
2020-03-12 12:59:18.153000,1.12247,1.12239,1500000,940000
2020-03-12 12:59:18.204000,1.12244,1.12239,750000,750000
2020-03-12 12:59:18.255000,1.12243,1.12233,2320000,750000
2020-03-12 12:59:18.307000,1.12241,1.12231,750000,750000
2020-03-12 12:59:18.408000,1.12245,1.12231,3070000,3190000
2020-03-12 12:59:18.459000,1.12238,1.12231,750000,2440000
2020-03-12 12:59:18.510000,1.12244,1.12231,1500000,2440000
2020-03-12 12:59:18.561000,1.12243,1.1223,750000,1690000
2020-03-12 12:59:18.662000,1.12237,1.12229,750000,750000
2020-03-12 12:59:18.763000,1.12236,1.12227,1500000,1690000
2020-03-12 12:59:18.865000,1.12235,1.12227,750000,2810000
2020-03-12 12:59:18.967000,1.12236,1.12228,2250000,1500000
2020-03-12 12:59:19.068000,1.12235,1.12228,750000,1690000
2020-03-12 12:59:19.304000,1.12235,1.12227,2440000,190000
2020-03-12 12:59:19.355000,1.12234,1.12226,2320000,2440000
2020-03-12 12:59:19.456000,1.12232,1.12225,940000,190000
2020-03-12 12:59:19.507000,1.12232,1.12222,2810000,190000
2020-03-12 12:59:19.558000,1.12225,1.12219,750000,900000
2020-03-12 12:59:19.659000,1.12223,1.12219,1570000,900000
2020-03-12 12:59:19.761000,1.12221,1.12219,1500000,150000
2020-03-12 12:59:19.812000,1.12224,1.1222,750000,750000
2020-03-12 12:59:19.914000,1.12229,1.12227,1690000,750000
2020-03-12 12:59:19.965000,1.12234,1.12233,560000,750000
2020-03-12 12:59:20.017000,1.12235,1.12232,750000,750000
2020-03-12 12:59:20.068000,1.12233,1.12227,1120000,190000
2020-03-12 12:59:20.120000,1.12232,1.12228,1870000,940000
2020-03-12 12:59:20.171000,1.12232,1.12227,370000,190000
2020-03-12 12:59:20.223000,1.1223,1.12227,750000,190000
2020-03-12 12:59:20.274000,1.12235,1.12232,370000,750000
2020-03-12 12:59:20.325000,1.12237,1.12233,190000,750000
2020-03-12 12:59:20.376000,1.12236,1.12227,750000,940000
2020-03-12 12:59:20.477000,1.12234,1.12227,750000,190000
2020-03-12 12:59:20.527000,1.12236,1.12227,1500000,190000
2020-03-12 12:59:20.629000,1.12236,1.12229,750000,750000
2020-03-12 12:59:20.679000,1.12238,1.12229,2250000,1500000
2020-03-12 12:59:20.730000,1.12236,1.1223,750000,750000
2020-03-12 12:59:21.510000,1.12236,1.12229,750000,2250000
2020-03-12 12:59:21.707000,1.12236,1.1223,750000,750000
2020-03-12 12:59:21.814000,1.12236,1.12229,750000,2250000
2020-03-12 12:59:21.915000,1.12237,1.1223,750000,750000
2020-03-12 12:59:22.117000,1.12238,1.12232,750000,1690000
2020-03-12 12:59:22.219000,1.12238,1.12233,1120000,1500000
2020-03-12 12:59:22.421000,1.12236,1.12233,750000,750000
2020-03-12 12:59:22.472000,1.12238,1.12233,940000,750000
2020-03-12 12:59:22.573000,1.12238,1.1223,190000,370000
2020-03-12 12:59:23.522000,1.12238,1.12229,190000,1500000
2020-03-12 12:59:23.725000,1.12239,1.12234,750000,750000
2020-03-12 12:59:23.775000,1.12243,1.12241,940000,1010000
2020-03-12 12:59:23.826000,1.12249,1.12243,2810000,2060000
2020-03-12 12:59:23.877000,1.12246,1.12243,190000,1500000
2020-03-12 12:59:23.979000,1.1225,1.12244,750000,750000
2020-03-12 12:59:24.080000,1.1225,1.1224,2440000,2140000
2020-03-12 12:59:24.182000,1.12249,1.1224,190000,1570000
2020-03-12 12:59:24.349000,1.12246,1.1224,750000,750000
2020-03-12 12:59:24.399000,1.12249,1.12239,940000,1760000
2020-03-12 12:59:24.500000,1.12249,1.1224,940000,820000
2020-03-12 12:59:24.551000,1.12249,1.12242,190000,450000
2020-03-12 12:59:24.652000,1.1225,1.12244,940000,820000
2020-03-12 12:59:24.753000,1.12249,1.12243,750000,560000
2020-03-12 12:59:24.958000,1.12249,1.12244,750000,750000
2020-03-12 12:59:25.059000,1.12254,1.12247,710000,370000
2020-03-12 12:59:25.110000,1.12256,1.12247,750000,560000
2020-03-12 12:59:25.339000,1.12257,1.12251,2620000,100000
2020-03-12 12:59:25.440000,1.12257,1.1225,450000,940000
2020-03-12 12:59:25.542000,1.12258,1.12256,450000,750000
2020-03-12 12:59:25.592000,1.12266,1.12262,1390000,1120000
2020-03-12 12:59:25.643000,1.1227,1.12264,190000,370000
2020-03-12 12:59:25.694000,1.12272,1.12262,2250000,560000
2020-03-12 12:59:25.745000,1.12272,1.12264,1950000,370000
2020-03-12 12:59:25.796000,1.12272,1.12262,450000,560000
2020-03-12 12:59:25.897000,1.1227,1.12263,750000,750000
2020-03-12 12:59:25.998000,1.12271,1.12263,1500000,370000
2020-03-12 12:59:26.100000,1.12272,1.12265,450000,370000
2020-03-12 12:59:26.302000,1.12272,1.12263,450000,1310000
2020-03-12 12:59:26.504000,1.12266,1.12263,750000,370000
2020-03-12 12:59:26.606000,1.12259,1.12252,750000,370000
2020-03-12 12:59:26.657000,1.12258,1.12254,750000,1120000
2020-03-12 12:59:26.758000,1.12262,1.12254,3000000,370000
2020-03-12 12:59:26.859000,1.12261,1.12254,750000,1120000
2020-03-12 12:59:27.126000,1.12266,1.12259,3750000,750000
2020-03-12 12:59:27.177000,1.12266,1.12257,3750000,560000
2020-03-12 12:59:27.329000,1.12267,1.1226,2250000,370000
2020-03-12 12:59:27.482000,1.12267,1.12258,300000,940000
2020-03-12 12:59:27.533000,1.12269,1.12262,940000,450000
2020-03-12 12:59:27.634000,1.12269,1.12261,750000,190000
2020-03-12 12:59:27.836000,1.12269,1.12262,750000,190000
2020-03-12 12:59:27.937000,1.12269,1.12261,750000,190000
2020-03-12 12:59:28.039000,1.12271,1.12262,940000,1310000
2020-03-12 12:59:28.089000,1.12269,1.12262,1690000,1120000
2020-03-12 12:59:28.242000,1.12269,1.1226,750000,560000
2020-03-12 12:59:28.494000,1.12269,1.12261,750000,370000
2020-03-12 12:59:28.646000,1.12269,1.1226,750000,560000
2020-03-12 12:59:29.083000,1.12271,1.12261,940000,190000
2020-03-12 12:59:29.184000,1.12273,1.12263,710000,190000
2020-03-12 12:59:29.286000,1.12272,1.12263,1500000,190000
2020-03-12 12:59:29.336000,1.12273,1.12263,750000,190000
2020-03-12 12:59:29.629000,1.12271,1.12262,1500000,370000
2020-03-12 12:59:29.680000,1.12272,1.12262,750000,560000
2020-03-12 12:59:29.831000,1.12273,1.12262,750000,940000
2020-03-12 12:59:30.004000,1.12273,1.12262,750000,750000
2020-03-12 12:59:30.105000,1.12272,1.1226,450000,750000
2020-03-12 12:59:30.156000,1.12272,1.12263,450000,370000
2020-03-12 12:59:30.358000,1.12272,1.12263,1390000,370000
2020-03-12 12:59:30.459000,1.12272,1.12263,1390000,370000
2020-03-12 12:59:30.813000,1.12272,1.12263,1200000,370000
2020-03-12 12:59:30.914000,1.12272,1.12262,1200000,370000
2020-03-12 12:59:31.229000,1.12272,1.12264,1200000,100000
2020-03-12 12:59:31.384000,1.12272,1.12265,1200000,100000
2020-03-12 12:59:31.537000,1.12272,1.12264,450000,820000
2020-03-12 12:59:31.806000,1.12272,1.12265,450000,370000
2020-03-12 12:59:31.908000,1.12272,1.12263,1200000,450000
2020-03-12 12:59:32.436000,1.12265,1.12261,1690000,750000
2020-03-12 12:59:32.488000,1.12265,1.12256,750000,370000
2020-03-12 12:59:32.640000,1.12266,1.12256,1500000,370000
2020-03-12 12:59:33.094000,1.12265,1.12256,1500000,100000
2020-03-12 12:59:33.196000,1.12265,1.12256,1500000,100000
2020-03-12 12:59:33.297000,1.12265,1.12255,2250000,450000
2020-03-12 12:59:33.449000,1.12258,1.12254,1500000,750000
2020-03-12 12:59:33.500000,1.12257,1.12249,190000,3450000
2020-03-12 12:59:33.602000,1.12257,1.12247,450000,1310000
2020-03-12 12:59:33.754000,1.1225,1.12247,750000,750000
2020-03-12 12:59:33.805000,1.1225,1.12242,190000,370000
2020-03-12 12:59:33.856000,1.1225,1.12244,190000,370000
2020-03-12 12:59:33.957000,1.12252,1.12245,2250000,370000
2020-03-12 12:59:34.008000,1.12255,1.12245,2440000,1120000
2020-03-12 12:59:34.109000,1.12256,1.12248,2250000,370000
2020-03-12 12:59:34.160000,1.12256,1.12246,2250000,370000
2020-03-12 12:59:34.211000,1.12252,1.12245,1500000,1500000
2020-03-12 12:59:34.312000,1.12252,1.12246,2250000,370000
2020-03-12 12:59:34.414000,1.12255,1.12246,190000,370000
2020-03-12 12:59:34.515000,1.12252,1.12243,1050000,370000
2020-03-12 12:59:34.616000,1.12252,1.12244,1050000,370000
2020-03-12 12:59:34.733000,1.12252,1.12243,300000,370000
2020-03-12 12:59:34.834000,1.12249,1.12243,750000,370000
2020-03-12 12:59:34.885000,1.12248,1.1224,750000,370000
2020-03-12 12:59:34.986000,1.12247,1.12243,750000,370000
2020-03-12 12:59:35.037000,1.12246,1.12239,940000,370000
2020-03-12 12:59:35.340000,1.12246,1.1224,750000,370000
2020-03-12 12:59:35.441000,1.12247,1.1224,3190000,370000
2020-03-12 12:59:35.543000,1.12243,1.12238,2440000,100000
2020-03-12 12:59:35.593000,1.12239,1.12232,750000,560000
2020-03-12 12:59:35.644000,1.12235,1.12232,1500000,190000
2020-03-12 12:59:35.695000,1.12234,1.12228,750000,190000
2020-03-12 12:59:35.746000,1.12236,1.12226,750000,370000
2020-03-12 12:59:35.847000,1.12237,1.12226,1240000,370000
2020-03-12 12:59:35.982000,1.12236,1.12226,940000,370000
2020-03-12 12:59:36.083000,1.12236,1.12225,940000,370000
2020-03-12 12:59:36.236000,1.12233,1.12224,750000,370000
2020-03-12 12:59:36.337000,1.12232,1.12228,750000,370000
2020-03-12 12:59:36.438000,1.12236,1.12227,1050000,1120000
2020-03-12 12:59:36.489000,1.12234,1.12227,750000,750000
2020-03-12 12:59:36.590000,1.12228,1.12224,750000,370000
2020-03-12 12:59:36.691000,1.12229,1.12223,750000,370000
2020-03-12 12:59:36.793000,1.12228,1.12223,750000,370000
2020-03-12 12:59:36.894000,1.12228,1.12221,750000,370000
2020-03-12 12:59:36.995000,1.12228,1.12222,750000,370000
2020-03-12 12:59:37.248000,1.12228,1.12224,750000,450000
2020-03-12 12:59:37.748000,1.12231,1.12225,750000,560000
2020-03-12 12:59:37.849000,1.1223,1.12225,750000,560000
2020-03-12 12:59:37.950000,1.12231,1.12225,750000,370000
2020-03-12 12:59:38.103000,1.1223,1.12224,750000,820000
2020-03-12 12:59:38.255000,1.12232,1.12229,750000,820000
2020-03-12 12:59:38.356000,1.12232,1.12231,750000,100000
2020-03-12 12:59:38.407000,1.12233,1.12231,750000,100000
2020-03-12 12:59:38.458000,1.12237,1.12234,750000,190000
2020-03-12 12:59:38.509000,1.12237,1.12232,750000,260000
2020-03-12 12:59:38.610000,1.12235,1.12233,750000,100000
2020-03-12 12:59:38.661000,1.12235,1.12229,750000,1310000
2020-03-12 12:59:38.762000,1.12234,1.12229,750000,1010000
2020-03-12 12:59:38.864000,1.12234,1.1223,750000,100000
2020-03-12 12:59:39.149000,1.12237,1.12234,1500000,450000
2020-03-12 12:59:39.250000,1.12238,1.12232,750000,820000
2020-03-12 12:59:39.352000,1.12239,1.12232,190000,370000
2020-03-12 12:59:39.562000,1.1224,1.12232,190000,820000
2020-03-12 12:59:39.714000,1.1224,1.12233,190000,370000
2020-03-12 12:59:39.831000,1.1224,1.12234,750000,450000
2020-03-12 12:59:39.983000,1.1224,1.12232,750000,370000
2020-03-12 12:59:40.088000,1.12241,1.12232,750000,370000
2020-03-12 12:59:40.366000,1.12241,1.1223,750000,1690000
2020-03-12 12:59:40.417000,1.12229,1.12227,1690000,3750000
2020-03-12 12:59:40.468000,1.12218,1.12217,1500000,750000
2020-03-12 12:59:40.519000,1.12218,1.12209,750000,940000
2020-03-12 12:59:40.570000,1.12209,1.12208,750000,750000
2020-03-12 12:59:40.621000,1.12209,1.12205,750000,190000
2020-03-12 12:59:40.722000,1.12205,1.12197,190000,750000
2020-03-12 12:59:40.823000,1.12204,1.12197,190000,820000
2020-03-12 12:59:40.925000,1.12205,1.12197,190000,450000
2020-03-12 12:59:41.097000,1.12203,1.12197,190000,100000
2020-03-12 12:59:41.249000,1.12205,1.12197,190000,260000
2020-03-12 12:59:41.602000,1.12205,1.12198,190000,750000
2020-03-12 12:59:41.704000,1.12205,1.12197,940000,1120000
2020-03-12 12:59:42.104000,1.12198,1.12196,1500000,1690000
2020-03-12 12:59:42.155000,1.12197,1.12193,750000,190000
2020-03-12 12:59:42.206000,1.12197,1.12188,940000,370000
2020-03-12 12:59:42.257000,1.12194,1.12188,750000,370000
2020-03-12 12:59:42.308000,1.12193,1.12187,190000,100000
2020-03-12 12:59:42.358000,1.12184,1.12182,750000,750000
2020-03-12 12:59:42.409000,1.12183,1.12179,750000,3000000
2020-03-12 12:59:42.460000,1.12176,1.1217,750000,750000
2020-03-12 12:59:42.561000,1.12171,1.12165,100000,2550000
2020-03-12 12:59:42.663000,1.12172,1.12165,100000,300000
2020-03-12 12:59:42.764000,1.12169,1.12159,750000,300000
2020-03-12 12:59:42.865000,1.12168,1.12159,100000,1050000
2020-03-12 12:59:42.967000,1.1217,1.12159,750000,1050000
2020-03-12 12:59:43.068000,1.12169,1.12159,100000,300000
2020-03-12 12:59:43.657000,1.12168,1.12154,1500000,1690000
2020-03-12 12:59:43.859000,1.12165,1.12154,100000,1690000
2020-03-12 12:59:43.960000,1.12166,1.12154,750000,1690000
2020-03-12 12:59:44.062000,1.12165,1.12154,100000,1690000
2020-03-12 12:59:44.163000,1.12154,1.12148,1500000,750000
2020-03-12 12:59:44.214000,1.12155,1.12146,750000,750000
2020-03-12 12:59:44.265000,1.12158,1.12145,750000,750000
2020-03-12 12:59:44.366000,1.12159,1.12145,1500000,750000
2020-03-12 12:59:44.541000,1.12156,1.12145,750000,750000
2020-03-12 12:59:44.592000,1.12158,1.12145,750000,750000
2020-03-12 12:59:44.794000,1.12159,1.12145,750000,750000
2020-03-12 12:59:44.844000,1.12156,1.12145,750000,750000
2020-03-12 12:59:44.945000,1.12161,1.12156,1500000,2250000
2020-03-12 12:59:44.996000,1.12167,1.12157,750000,750000
2020-03-12 12:59:45.097000,1.12168,1.12157,1120000,3560000
2020-03-12 12:59:45.148000,1.1217,1.12159,1120000,2810000
2020-03-12 12:59:45.300000,1.12171,1.12159,2250000,2060000
2020-03-12 12:59:45.350000,1.12168,1.12159,750000,2060000
2020-03-12 12:59:45.452000,1.12166,1.12159,100000,1870000
2020-03-12 12:59:45.877000,1.12171,1.1216,1500000,190000
2020-03-12 12:59:45.927000,1.12164,1.12159,750000,1120000
2020-03-12 12:59:46.028000,1.12166,1.12157,2210000,750000
2020-03-12 12:59:46.079000,1.12168,1.12159,1500000,450000
2020-03-12 12:59:46.281000,1.12167,1.12155,1120000,300000
2020-03-12 12:59:46.332000,1.12165,1.12158,370000,750000
2020-03-12 12:59:46.383000,1.12167,1.12154,750000,1690000
2020-03-12 12:59:46.484000,1.12168,1.12154,1500000,1500000
2020-03-12 12:59:46.535000,1.12166,1.12157,750000,750000
2020-03-12 12:59:46.586000,1.12172,1.12159,1870000,2060000
2020-03-12 12:59:46.687000,1.12171,1.1216,750000,1120000
2020-03-12 12:59:46.739000,1.12168,1.1216,750000,1120000
2020-03-12 12:59:46.790000,1.12169,1.12157,750000,190000
2020-03-12 12:59:46.992000,1.12169,1.1216,750000,750000
2020-03-12 12:59:47.093000,1.12172,1.12159,750000,3750000
2020-03-12 12:59:47.194000,1.12173,1.12159,750000,3940000
2020-03-12 12:59:47.969000,1.12173,1.1216,750000,750000
2020-03-12 12:59:48.070000,1.12176,1.1216,2250000,1690000
2020-03-12 12:59:48.121000,1.12176,1.1217,1500000,750000
2020-03-12 12:59:48.222000,1.1218,1.12174,370000,2620000
2020-03-12 12:59:48.273000,1.12188,1.12175,750000,750000
2020-03-12 12:59:48.374000,1.12189,1.12174,750000,1500000
2020-03-12 12:59:48.576000,1.1219,1.12174,370000,1500000
2020-03-12 12:59:48.677000,1.12192,1.12174,750000,750000
2020-03-12 12:59:48.778000,1.12196,1.12179,370000,750000
2020-03-12 12:59:48.879000,1.12196,1.1218,1120000,750000
2020-03-12 12:59:48.980000,1.12198,1.12179,750000,1500000
2020-03-12 12:59:49.081000,1.12198,1.1218,750000,750000
2020-03-12 12:59:49.132000,1.12199,1.12183,1870000,300000
2020-03-12 12:59:49.234000,1.12194,1.1218,1120000,100000
2020-03-12 12:59:49.285000,1.12194,1.12178,1120000,1050000
2020-03-12 12:59:49.437000,1.12195,1.12179,1120000,750000
2020-03-12 12:59:49.488000,1.12197,1.12184,750000,300000
2020-03-12 12:59:49.589000,1.12195,1.12184,750000,300000
2020-03-12 12:59:49.692000,1.12195,1.1218,750000,1500000
2020-03-12 12:59:49.793000,1.12196,1.12181,750000,750000
2020-03-12 12:59:49.894000,1.12196,1.1218,750000,1500000
2020-03-12 12:59:49.945000,1.12196,1.12178,750000,1500000
2020-03-12 12:59:50.046000,1.12195,1.12179,370000,750000
2020-03-12 12:59:50.747000,1.12191,1.12179,750000,750000
2020-03-12 12:59:51.126000,1.12188,1.12178,750000,750000
2020-03-12 12:59:51.228000,1.12183,1.12178,750000,750000
2020-03-12 12:59:51.279000,1.12176,1.12165,750000,1500000
2020-03-12 12:59:51.330000,1.12169,1.12161,750000,370000
2020-03-12 12:59:51.434000,1.1217,1.12158,750000,2250000
2020-03-12 12:59:51.485000,1.12172,1.12159,750000,1500000
2020-03-12 12:59:51.535000,1.12172,1.12163,750000,300000
2020-03-12 12:59:51.687000,1.12173,1.12163,750000,300000
2020-03-12 12:59:51.889000,1.12172,1.12163,750000,300000
2020-03-12 12:59:51.991000,1.12167,1.12163,750000,300000
2020-03-12 12:59:52.042000,1.12167,1.12158,750000,2250000
2020-03-12 12:59:52.092000,1.1216,1.12158,940000,1500000
2020-03-12 12:59:52.143000,1.12157,1.12151,750000,1500000
2020-03-12 12:59:52.245000,1.12157,1.12149,750000,750000
2020-03-12 12:59:52.346000,1.12158,1.12149,750000,750000
2020-03-12 12:59:52.447000,1.12157,1.12149,750000,750000
2020-03-12 12:59:52.739000,1.12156,1.12149,750000,750000
2020-03-12 12:59:52.891000,1.12154,1.12149,750000,750000
2020-03-12 12:59:52.992000,1.12155,1.12149,750000,750000
2020-03-12 12:59:53.396000,1.12158,1.12151,750000,750000
2020-03-12 12:59:53.497000,1.12158,1.12149,750000,750000
2020-03-12 12:59:53.548000,1.12156,1.12149,750000,750000
2020-03-12 12:59:53.763000,1.12155,1.12149,750000,750000
2020-03-12 12:59:53.966000,1.12153,1.12149,750000,750000
2020-03-12 12:59:54.067000,1.12148,1.12139,750000,100000
2020-03-12 12:59:54.168000,1.12148,1.12141,750000,750000
2020-03-12 12:59:54.269000,1.12146,1.12139,1200000,100000
2020-03-12 12:59:54.471000,1.12145,1.12139,750000,100000
2020-03-12 12:59:55.018000,1.1215,1.12144,1500000,750000
2020-03-12 12:59:55.068000,1.12149,1.12139,750000,450000
2020-03-12 12:59:55.170000,1.1215,1.12139,2440000,450000
2020-03-12 12:59:55.603000,1.12149,1.12139,750000,450000
2020-03-12 12:59:56.022000,1.12149,1.12141,750000,370000
2020-03-12 12:59:56.123000,1.1215,1.1214,1500000,370000
2020-03-12 12:59:56.225000,1.12152,1.12143,1870000,560000
2020-03-12 12:59:56.326000,1.12152,1.12144,370000,190000
2020-03-12 12:59:56.477000,1.12153,1.12144,1120000,190000
2020-03-12 12:59:56.629000,1.12153,1.12146,750000,370000
2020-03-12 12:59:56.730000,1.12157,1.12145,750000,560000
2020-03-12 12:59:57.086000,1.12156,1.12145,750000,560000
2020-03-12 12:59:57.303000,1.12157,1.12147,260000,750000
2020-03-12 12:59:57.405000,1.12158,1.1215,750000,370000
2020-03-12 12:59:57.507000,1.12159,1.1215,750000,370000
2020-03-12 12:59:58.113000,1.1216,1.12151,750000,370000
2020-03-12 12:59:58.214000,1.1216,1.1215,750000,370000
2020-03-12 12:59:58.315000,1.12161,1.12151,1500000,370000
2020-03-12 12:59:58.466000,1.1216,1.12148,750000,370000
2020-03-12 12:59:58.517000,1.12157,1.12146,750000,750000
2020-03-12 12:59:58.669000,1.12158,1.12148,750000,370000
2020-03-12 12:59:58.820000,1.12158,1.12145,750000,370000
2020-03-12 12:59:58.871000,1.12159,1.12149,750000,750000
2020-03-12 12:59:58.973000,1.1216,1.12147,750000,190000
2020-03-12 12:59:59.074000,1.1216,1.12148,1500000,370000
2020-03-12 12:59:59.354000,1.1216,1.12148,2250000,370000
2020-03-12 12:59:59.708000,1.1216,1.1215,750000,750000
2020-03-12 12:59:59.809000,1.12161,1.1215,750000,1120000
2020-03-12 12:59:59.911000,1.12162,1.1215,1500000,1120000
2020-03-12 13:00:00.077000,1.1216,1.12147,750000,1690000
