time,ask,bid,ask_volume,bid_volume
2023-02-08 15:25:00.130000,1.07217,1.07213,3600000,1350000
2023-02-08 15:25:00.232000,1.07218,1.07213,670000,4500000
2023-02-08 15:25:00.873000,1.07218,1.07214,4270000,900000
2023-02-08 15:25:01.230000,1.07216,1.07211,3600000,1350000
2023-02-08 15:25:01.332000,1.07217,1.07211,4050000,4950000
2023-02-08 15:25:01.434000,1.07217,1.07212,3600000,450000
2023-02-08 15:25:01.537000,1.07217,1.07213,3600000,450000
2023-02-08 15:25:02.462000,1.07217,1.07212,3600000,1800000
2023-02-08 15:25:03.126000,1.0722,1.07216,7560000,3600000
2023-02-08 15:25:03.178000,1.07222,1.07216,14310000,5620000
2023-02-08 15:25:03.229000,1.07222,1.07218,9360000,900000
2023-02-08 15:25:04.251000,1.07222,1.07217,4050000,450000
2023-02-08 15:25:05.128000,1.0722,1.07217,450000,900000
2023-02-08 15:25:05.231000,1.07219,1.07214,4950000,3420000
2023-02-08 15:25:05.333000,1.07219,1.07213,4950000,6070000
2023-02-08 15:25:05.456000,1.07218,1.07213,450000,5620000
2023-02-08 15:25:05.755000,1.07219,1.07214,3600000,450000
2023-02-08 15:25:05.857000,1.0722,1.07214,9670000,4950000
2023-02-08 15:25:06.513000,1.0722,1.07215,1120000,3600000
2023-02-08 15:25:06.716000,1.0722,1.07216,220000,1350000
2023-02-08 15:25:06.819000,1.07222,1.07217,4950000,1350000
2023-02-08 15:25:06.921000,1.07222,1.07218,4950000,900000
2023-02-08 15:25:07.464000,1.07223,1.07218,4050000,900000
2023-02-08 15:25:07.515000,1.07224,1.0722,5940000,900000
2023-02-08 15:25:07.617000,1.07223,1.07219,4050000,900000
2023-02-08 15:25:07.719000,1.07222,1.07219,3600000,900000
2023-02-08 15:25:07.822000,1.07223,1.07219,4050000,900000
2023-02-08 15:25:10.343000,1.07222,1.07219,450000,900000
2023-02-08 15:25:11.082000,1.07224,1.07221,4860000,1350000
2023-02-08 15:25:11.235000,1.07223,1.0722,450000,900000
2023-02-08 15:25:11.388000,1.07223,1.07219,4050000,900000
2023-02-08 15:25:17.611000,1.07222,1.07219,450000,900000
2023-02-08 15:25:18.548000,1.07221,1.07217,1350000,900000
2023-02-08 15:25:18.650000,1.0722,1.07216,4500000,1350000
2023-02-08 15:25:19.108000,1.07219,1.07216,450000,900000
2023-02-08 15:25:19.560000,1.0722,1.07216,4270000,900000
2023-02-08 15:25:19.662000,1.07219,1.07216,450000,900000
2023-02-08 15:25:19.764000,1.0722,1.07217,220000,1800000
2023-02-08 15:25:19.866000,1.07221,1.07217,1570000,1800000
2023-02-08 15:25:20.070000,1.0722,1.07217,3600000,900000
2023-02-08 15:25:20.640000,1.0722,1.07216,3600000,900000
2023-02-08 15:25:20.894000,1.07221,1.07216,6070000,900000
2023-02-08 15:25:21.725000,1.07219,1.07214,900000,4720000
2023-02-08 15:25:21.828000,1.07218,1.07213,450000,4500000
2023-02-08 15:25:22.235000,1.07219,1.07214,4270000,900000
2023-02-08 15:25:22.337000,1.07218,1.07214,450000,900000
2023-02-08 15:25:23.037000,1.07219,1.07214,4050000,900000
2023-02-08 15:25:24.195000,1.0722,1.07214,7420000,4950000
2023-02-08 15:25:24.297000,1.0722,1.07216,450000,900000
2023-02-08 15:25:24.501000,1.07219,1.07216,450000,900000
2023-02-08 15:25:24.604000,1.07218,1.07215,450000,900000
2023-02-08 15:25:24.655000,1.07218,1.07213,1350000,4500000
2023-02-08 15:25:24.879000,1.07215,1.07213,3600000,900000
2023-02-08 15:25:25.083000,1.07216,1.07211,4950000,900000
2023-02-08 15:25:25.185000,1.07215,1.0721,450000,4720000
2023-02-08 15:25:25.287000,1.07216,1.07211,4950000,900000
2023-02-08 15:25:25.643000,1.07217,1.07211,4050000,4950000
2023-02-08 15:25:25.745000,1.07216,1.07211,3600000,1800000
2023-02-08 15:25:26.051000,1.07215,1.07211,3600000,900000
2023-02-08 15:25:26.720000,1.07216,1.07211,5400000,900000
2023-02-08 15:25:27.467000,1.07214,1.07212,4950000,900000
2023-02-08 15:25:27.954000,1.07215,1.07213,1800000,900000
2023-02-08 15:25:28.006000,1.07218,1.07213,13630000,900000
2023-02-08 15:25:28.362000,1.07218,1.07214,4050000,900000
2023-02-08 15:25:28.464000,1.07219,1.07214,4050000,900000
2023-02-08 15:25:28.578000,1.07218,1.07214,450000,900000
2023-02-08 15:25:28.680000,1.07219,1.07214,4050000,900000
2023-02-08 15:25:28.884000,1.07217,1.07215,450000,900000
2023-02-08 15:25:29.340000,1.07218,1.07213,4050000,900000
2023-02-08 15:25:30.027000,1.07218,1.07214,4050000,900000
2023-02-08 15:25:30.333000,1.07218,1.07213,4050000,900000
2023-02-08 15:25:30.435000,1.07217,1.07213,3600000,900000
2023-02-08 15:25:31.042000,1.07218,1.07213,4050000,900000
2023-02-08 15:25:31.539000,1.07218,1.07214,4050000,900000
2023-02-08 15:25:32.798000,1.07217,1.07214,4500000,900000
2023-02-08 15:25:33.911000,1.07217,1.07212,4950000,900000
2023-02-08 15:25:34.014000,1.07215,1.07211,4050000,900000
2023-02-08 15:25:34.167000,1.07215,1.0721,8100000,1120000
2023-02-08 15:25:34.270000,1.07214,1.0721,3600000,900000
2023-02-08 15:25:34.372000,1.07215,1.07211,4500000,450000
2023-02-08 15:25:34.474000,1.07214,1.07211,4500000,900000
2023-02-08 15:25:34.729000,1.07215,1.07211,5850000,1800000
2023-02-08 15:25:34.831000,1.07213,1.07208,450000,9720000
2023-02-08 15:25:35.238000,1.07213,1.0721,4860000,900000
2023-02-08 15:25:35.341000,1.07215,1.0721,4050000,900000
2023-02-08 15:25:35.595000,1.07215,1.07212,3600000,900000
2023-02-08 15:25:35.737000,1.07217,1.07212,4050000,900000
2023-02-08 15:25:36.245000,1.07218,1.07213,4050000,900000
2023-02-08 15:25:36.920000,1.0722,1.07215,6970000,900000
2023-02-08 15:25:37.022000,1.07219,1.07215,3600000,900000
2023-02-08 15:25:37.124000,1.0722,1.07215,4860000,5850000
2023-02-08 15:25:37.645000,1.07219,1.07215,450000,1800000
2023-02-08 15:25:37.747000,1.0722,1.07217,900000,900000
2023-02-08 15:25:37.849000,1.07221,1.07217,4050000,900000
2023-02-08 15:25:37.952000,1.07222,1.07217,3600000,1350000
2023-02-08 15:25:39.644000,1.07221,1.07217,3600000,2250000
2023-02-08 15:25:39.746000,1.07222,1.07217,3600000,2250000
2023-02-08 15:25:39.913000,1.07223,1.07217,1350000,5850000
2023-02-08 15:25:40.015000,1.07222,1.07217,3600000,2250000
2023-02-08 15:25:40.866000,1.07223,1.07217,10120000,1350000
2023-02-08 15:25:40.968000,1.0722,1.07218,3600000,1350000
2023-02-08 15:25:41.019000,1.07223,1.07217,10210000,1350000
2023-02-08 15:25:41.070000,1.07221,1.07217,3600000,900000
2023-02-08 15:25:41.426000,1.07219,1.07217,450000,900000
2023-02-08 15:25:41.477000,1.07217,1.07215,4050000,450000
2023-02-08 15:25:41.580000,1.07218,1.07215,4050000,900000
2023-02-08 15:25:42.307000,1.07216,1.07215,3600000,900000
2023-02-08 15:25:42.663000,1.07214,1.07213,450000,1120000
2023-02-08 15:25:42.765000,1.07216,1.07211,5170000,900000
2023-02-08 15:25:42.969000,1.07214,1.0721,900000,900000
2023-02-08 15:25:43.072000,1.07212,1.07211,3600000,900000
2023-02-08 15:25:43.174000,1.07213,1.07209,450000,900000
2023-02-08 15:25:43.276000,1.07212,1.07209,450000,900000
2023-02-08 15:25:44.347000,1.0721,1.07208,4050000,900000
2023-02-08 15:25:44.449000,1.07209,1.07206,450000,900000
2023-02-08 15:25:44.552000,1.07209,1.07206,8100000,4320000
2023-02-08 15:25:44.654000,1.07209,1.07205,4500000,900000
2023-02-08 15:25:44.807000,1.07205,1.07204,450000,900000
2023-02-08 15:25:44.858000,1.07205,1.07202,1800000,5260000
2023-02-08 15:25:44.961000,1.07204,1.07202,1350000,3420000
2023-02-08 15:25:45.012000,1.07203,1.07199,3600000,5400000
2023-02-08 15:25:45.165000,1.07201,1.07198,5170000,900000
2023-02-08 15:25:45.267000,1.07202,1.07196,5620000,7200000
2023-02-08 15:25:45.370000,1.072,1.07196,450000,1350000
2023-02-08 15:25:45.634000,1.07201,1.07196,3820000,900000
2023-02-08 15:25:46.105000,1.07202,1.072,4860000,450000
2023-02-08 15:25:46.207000,1.07206,1.07203,4500000,4950000
2023-02-08 15:25:46.310000,1.07207,1.07203,4500000,900000
2023-02-08 15:25:46.361000,1.07209,1.07203,8680000,8190000
2023-02-08 15:25:46.413000,1.07209,1.07205,5080000,900000
2023-02-08 15:25:46.515000,1.07212,1.07207,5980000,4500000
2023-02-08 15:25:46.770000,1.07212,1.07208,10120000,4500000
2023-02-08 15:25:46.922000,1.07213,1.07208,5260000,900000
2023-02-08 15:25:48.752000,1.07211,1.07206,5490000,4320000
2023-02-08 15:25:48.854000,1.07208,1.07207,3600000,3420000
2023-02-08 15:25:48.987000,1.07207,1.07205,3600000,5850000
2023-02-08 15:25:49.499000,1.07207,1.07203,450000,900000
2023-02-08 15:25:50.042000,1.07206,1.07202,450000,5170000
2023-02-08 15:25:50.144000,1.07206,1.07201,450000,4950000
2023-02-08 15:25:50.247000,1.07205,1.072,450000,7920000
2023-02-08 15:25:50.507000,1.07204,1.072,3600000,900000
2023-02-08 15:25:50.609000,1.07206,1.07202,4860000,4500000
2023-02-08 15:25:50.813000,1.07207,1.07202,4050000,900000
2023-02-08 15:25:50.966000,1.07207,1.07203,11020000,4950000
2023-02-08 15:25:51.068000,1.07206,1.07203,4050000,900000
2023-02-08 15:25:51.221000,1.07208,1.07202,11160000,4950000
2023-02-08 15:25:51.340000,1.07207,1.07202,3600000,1350000
2023-02-08 15:25:51.471000,1.07208,1.07202,10260000,4950000
2023-02-08 15:25:51.871000,1.07207,1.07202,4050000,1350000
2023-02-08 15:25:52.582000,1.07208,1.07202,10260000,4950000
2023-02-08 15:25:54.053000,1.07208,1.07203,1350000,3600000
2023-02-08 15:25:54.155000,1.07209,1.07204,10120000,900000
2023-02-08 15:25:54.257000,1.07208,1.07204,4050000,900000
2023-02-08 15:25:54.511000,1.07209,1.07205,8460000,1350000
2023-02-08 15:25:54.614000,1.07209,1.07206,4720000,900000
2023-02-08 15:25:54.970000,1.07209,1.07205,3600000,900000
2023-02-08 15:25:55.462000,1.07209,1.07203,5400000,6160000
2023-02-08 15:25:55.798000,1.07207,1.07204,3600000,2470000
2023-02-08 15:25:56.514000,1.07207,1.07203,10480000,4950000
2023-02-08 15:25:56.616000,1.07207,1.07202,450000,4950000
2023-02-08 15:25:57.348000,1.07205,1.07202,1350000,900000
2023-02-08 15:25:57.451000,1.07204,1.07201,3600000,900000
2023-02-08 15:25:57.858000,1.07202,1.072,450000,900000
2023-02-08 15:25:57.959000,1.07202,1.07197,8910000,900000
2023-02-08 15:25:58.315000,1.07202,1.07199,3600000,900000
2023-02-08 15:25:58.367000,1.07205,1.07203,1120000,1350000
2023-02-08 15:25:58.418000,1.07209,1.07207,220000,900000
2023-02-08 15:25:58.521000,1.07211,1.07207,220000,900000
2023-02-08 15:25:58.623000,1.07212,1.07207,10480000,900000
2023-02-08 15:25:59.149000,1.07211,1.07207,4050000,900000
2023-02-08 15:25:59.454000,1.07212,1.07207,9130000,900000
2023-02-08 15:25:59.607000,1.07212,1.07208,220000,3600000
2023-02-08 15:25:59.770000,1.07212,1.07207,3820000,1800000
2023-02-08 15:25:59.872000,1.07212,1.07208,670000,3600000
2023-02-08 15:26:00.432000,1.07212,1.07207,3820000,1350000
2023-02-08 15:26:01.990000,1.07211,1.07207,450000,4500000
2023-02-08 15:26:02.346000,1.07212,1.07207,4270000,900000
2023-02-08 15:26:02.525000,1.07209,1.07207,1350000,900000
2023-02-08 15:26:02.577000,1.07208,1.07203,4500000,4320000
2023-02-08 15:26:03.246000,1.07208,1.07202,900000,5850000
2023-02-08 15:26:03.348000,1.07207,1.07202,3600000,2250000
2023-02-08 15:26:03.665000,1.07208,1.07202,900000,5850000
2023-02-08 15:26:03.767000,1.07207,1.07202,4050000,2250000
2023-02-08 15:26:05.654000,1.07207,1.07203,4050000,450000
2023-02-08 15:26:05.858000,1.07207,1.07202,4500000,1350000
2023-02-08 15:26:07.156000,1.07207,1.07205,4270000,900000
2023-02-08 15:26:07.207000,1.0721,1.07208,7560000,990000
2023-02-08 15:26:07.259000,1.07215,1.07213,220000,1350000
2023-02-08 15:26:07.310000,1.0722,1.07216,3420000,900000
2023-02-08 15:26:07.413000,1.07221,1.07218,220000,900000
2023-02-08 15:26:07.515000,1.07222,1.07218,220000,900000
2023-02-08 15:26:07.617000,1.07223,1.07218,9130000,900000
2023-02-08 15:26:07.719000,1.07222,1.07218,3600000,900000
2023-02-08 15:26:09.208000,1.0722,1.07217,4950000,900000
2023-02-08 15:26:09.311000,1.07221,1.07215,4270000,5940000
2023-02-08 15:26:09.413000,1.07222,1.07216,10030000,4950000
2023-02-08 15:26:09.566000,1.07221,1.07218,3820000,450000
2023-02-08 15:26:10.136000,1.07222,1.07218,3820000,900000
2023-02-08 15:26:11.513000,1.07225,1.0722,8680000,1350000
2023-02-08 15:26:11.564000,1.07223,1.07219,4050000,900000
2023-02-08 15:26:11.718000,1.07224,1.07219,4270000,4320000
2023-02-08 15:26:11.921000,1.07223,1.07219,3600000,900000
2023-02-08 15:26:12.531000,1.07223,1.0722,3600000,450000
2023-02-08 15:26:12.633000,1.07227,1.07222,8770000,900000
2023-02-08 15:26:12.735000,1.07228,1.07222,10030000,4950000
2023-02-08 15:26:12.838000,1.07227,1.07224,4270000,900000
2023-02-08 15:26:13.666000,1.07228,1.07222,670000,4950000
2023-02-08 15:26:13.819000,1.07228,1.07223,450000,3600000
2023-02-08 15:26:14.805000,1.07228,1.07222,4050000,5850000
2023-02-08 15:26:17.405000,1.07228,1.07223,450000,3600000
2023-02-08 15:26:17.659000,1.07228,1.07222,4050000,5040000
2023-02-08 15:26:17.862000,1.07227,1.07222,3600000,1350000
2023-02-08 15:26:17.970000,1.07228,1.07222,4050000,4950000
2023-02-08 15:26:18.103000,1.0723,1.07224,3820000,4140000
2023-02-08 15:26:18.206000,1.07231,1.07226,8680000,1350000
2023-02-08 15:26:18.308000,1.0723,1.07226,900000,900000
2023-02-08 15:26:18.411000,1.07228,1.07224,450000,3420000
2023-02-08 15:26:18.513000,1.07228,1.07223,4360000,900000
2023-02-08 15:26:20.546000,1.07227,1.07223,3600000,900000
2023-02-08 15:26:21.218000,1.07227,1.07222,9360000,900000
2023-02-08 15:26:21.765000,1.07228,1.07222,9130000,4950000
2023-02-08 15:26:21.867000,1.07228,1.07223,670000,4050000
2023-02-08 15:26:22.577000,1.07229,1.07223,10930000,4950000
2023-02-08 15:26:22.739000,1.07228,1.07223,450000,4500000
2023-02-08 15:26:24.138000,1.07229,1.07225,9810000,1350000
2023-02-08 15:26:24.240000,1.07232,1.0723,900000,900000
2023-02-08 15:26:24.292000,1.07237,1.07231,6970000,4050000
2023-02-08 15:26:24.394000,1.07237,1.07232,3820000,450000
2023-02-08 15:26:24.497000,1.07238,1.07232,10030000,4500000
2023-02-08 15:26:24.751000,1.07238,1.07234,3600000,1800000
2023-02-08 15:26:24.854000,1.0724,1.07236,5980000,4050000
2023-02-08 15:26:24.956000,1.07241,1.07236,1570000,4050000
2023-02-08 15:26:25.480000,1.0724,1.07238,670000,4500000
2023-02-08 15:26:25.583000,1.07242,1.07241,4860000,450000
2023-02-08 15:26:25.634000,1.07243,1.07242,4860000,4500000
2023-02-08 15:26:25.787000,1.07247,1.07243,8770000,4500000
2023-02-08 15:26:25.889000,1.07248,1.07243,4270000,900000
2023-02-08 15:26:27.969000,1.07249,1.07246,8680000,900000
2023-02-08 15:26:28.071000,1.07249,1.07248,4860000,900000
2023-02-08 15:26:28.122000,1.07251,1.07247,220000,4500000
2023-02-08 15:26:28.224000,1.07252,1.07247,670000,4500000
2023-02-08 15:26:28.817000,1.07251,1.07249,670000,900000
2023-02-08 15:26:28.919000,1.07252,1.07247,670000,4500000
2023-02-08 15:26:29.644000,1.07251,1.07247,3600000,900000
2023-02-08 15:26:29.884000,1.07252,1.07247,670000,900000
2023-02-08 15:26:30.087000,1.07252,1.07248,220000,900000
2023-02-08 15:26:30.190000,1.0725,1.07246,1350000,3600000
2023-02-08 15:26:30.292000,1.0725,1.07245,4050000,900000
2023-02-08 15:26:30.395000,1.07248,1.07245,4270000,900000
2023-02-08 15:26:30.599000,1.07248,1.07244,450000,900000
2023-02-08 15:26:30.701000,1.07248,1.07243,450000,4500000
2023-02-08 15:26:31.562000,1.07248,1.07242,4050000,4950000
2023-02-08 15:26:31.664000,1.07247,1.07242,3600000,1350000
2023-02-08 15:26:31.817000,1.07248,1.07242,4950000,4950000
2023-02-08 15:26:31.970000,1.07245,1.07243,540000,900000
2023-02-08 15:26:32.073000,1.07244,1.07239,3600000,4770000
2023-02-08 15:26:32.175000,1.07243,1.07239,4050000,900000
2023-02-08 15:26:32.277000,1.07244,1.07239,4050000,900000
2023-02-08 15:26:32.380000,1.07243,1.07238,5040000,220000
2023-02-08 15:26:32.482000,1.07242,1.07237,4950000,900000
2023-02-08 15:26:33.202000,1.07243,1.07237,10030000,4950000
2023-02-08 15:26:33.621000,1.07243,1.07238,4050000,450000
2023-02-08 15:26:33.723000,1.07243,1.07237,4050000,5850000
2023-02-08 15:26:33.927000,1.07243,1.07238,4050000,450000
2023-02-08 15:26:34.875000,1.07243,1.07237,4050000,8370000
2023-02-08 15:26:34.978000,1.07242,1.07237,3600000,4770000
2023-02-08 15:26:35.283000,1.07243,1.07237,4050000,4950000
2023-02-08 15:26:35.436000,1.07242,1.07237,3600000,2250000
2023-02-08 15:26:36.072000,1.07238,1.07236,450000,3870000
2023-02-08 15:26:36.174000,1.07238,1.07235,4270000,3420000
2023-02-08 15:26:36.327000,1.07238,1.07233,4050000,1350000
2023-02-08 15:26:36.955000,1.07238,1.07232,4050000,6070000
2023-02-08 15:26:38.037000,1.07236,1.07233,3600000,2250000
2023-02-08 15:26:38.905000,1.07237,1.07234,900000,4050000
2023-02-08 15:26:39.007000,1.07239,1.07233,8910000,4950000
2023-02-08 15:26:39.109000,1.07239,1.07234,450000,4050000
2023-02-08 15:26:39.313000,1.07238,1.07233,3600000,5670000
2023-02-08 15:26:39.517000,1.07237,1.07233,3600000,900000
2023-02-08 15:26:39.670000,1.07238,1.07232,5260000,4050000
2023-02-08 15:26:39.900000,1.07237,1.07232,3600000,450000
2023-02-08 15:26:40.002000,1.07238,1.07232,9810000,4050000
2023-02-08 15:26:40.155000,1.07236,1.07233,3600000,450000
2023-02-08 15:26:40.257000,1.07237,1.07233,4950000,4050000
2023-02-08 15:26:41.215000,1.07236,1.07233,4050000,450000
2023-02-08 15:26:41.704000,1.07236,1.07232,3600000,450000
2023-02-08 15:26:41.807000,1.07236,1.07233,4050000,450000
2023-02-08 15:26:41.959000,1.07236,1.07232,3600000,450000
2023-02-08 15:26:42.062000,1.07233,1.07231,450000,3420000
2023-02-08 15:26:42.215000,1.07234,1.0723,4500000,450000
2023-02-08 15:26:42.340000,1.07233,1.0723,450000,450000
2023-02-08 15:26:42.442000,1.07234,1.07231,12730000,450000
2023-02-08 15:26:42.595000,1.07235,1.07229,1350000,4950000
2023-02-08 15:26:42.697000,1.07234,1.07229,3600000,1350000
2023-02-08 15:26:42.799000,1.07234,1.0723,3600000,900000
2023-02-08 15:26:43.310000,1.07235,1.0723,3600000,1350000
2023-02-08 15:26:44.053000,1.07235,1.07229,4950000,5850000
2023-02-08 15:26:44.207000,1.07234,1.07229,4050000,900000
2023-02-08 15:26:44.361000,1.07233,1.07228,1350000,3600000
2023-02-08 15:26:44.463000,1.07233,1.07227,4950000,8370000
2023-02-08 15:26:44.874000,1.07232,1.07226,4050000,6300000
2023-02-08 15:26:45.156000,1.07231,1.07228,450000,3600000
2023-02-08 15:26:45.258000,1.07233,1.07227,11920000,4050000
2023-02-08 15:26:46.287000,1.07232,1.07227,3600000,450000
2023-02-08 15:26:46.390000,1.0723,1.07225,900000,10840000
2023-02-08 15:26:46.806000,1.0723,1.07226,900000,900000
2023-02-08 15:26:47.192000,1.07228,1.07227,3600000,900000
2023-02-08 15:26:47.294000,1.07229,1.07225,4950000,450000
2023-02-08 15:26:47.609000,1.0723,1.07226,9360000,900000
2023-02-08 15:26:47.844000,1.0723,1.07225,4500000,2250000
2023-02-08 15:26:48.287000,1.07229,1.07224,4500000,2250000
2023-02-08 15:26:48.389000,1.07228,1.07223,5850000,3640000
2023-02-08 15:26:48.492000,1.07226,1.07222,1350000,900000
2023-02-08 15:26:48.594000,1.07226,1.07221,900000,4050000
2023-02-08 15:26:48.849000,1.07224,1.07222,1350000,3600000
2023-02-08 15:26:48.951000,1.07223,1.0722,3600000,900000
2023-02-08 15:26:49.054000,1.07222,1.07217,4950000,2020000
2023-02-08 15:26:49.157000,1.07222,1.07216,4950000,12190000
2023-02-08 15:26:49.259000,1.07221,1.07219,4950000,900000
2023-02-08 15:26:49.811000,1.07228,1.07226,4720000,900000
2023-02-08 15:26:49.913000,1.07229,1.07226,5400000,220000
2023-02-08 15:26:50.066000,1.07231,1.07226,3600000,1350000
2023-02-08 15:26:50.169000,1.07233,1.07227,12460000,3600000
2023-02-08 15:26:50.220000,1.0723,1.07227,3600000,1800000
2023-02-08 15:26:50.322000,1.07232,1.07227,3600000,1350000
2023-02-08 15:26:50.424000,1.07231,1.07227,3600000,1350000
2023-02-08 15:26:50.526000,1.07233,1.07227,11610000,4950000
2023-02-08 15:26:51.121000,1.07232,1.07227,3600000,1350000
2023-02-08 15:26:51.223000,1.07233,1.07227,10710000,4950000
2023-02-08 15:26:52.738000,1.07232,1.07229,5850000,900000
2023-02-08 15:26:53.269000,1.07233,1.07227,6750000,4050000
2023-02-08 15:26:53.574000,1.07232,1.07229,10710000,900000
2023-02-08 15:26:54.063000,1.07233,1.07227,5850000,4950000
2023-02-08 15:26:54.165000,1.07232,1.07227,3600000,1350000
2023-02-08 15:26:54.394000,1.07233,1.07227,10710000,4050000
2023-02-08 15:26:54.598000,1.0723,1.07226,3600000,1350000
2023-02-08 15:26:54.701000,1.07229,1.07224,3600000,1350000
2023-02-08 15:26:54.803000,1.0723,1.07226,6300000,1350000
2023-02-08 15:26:54.906000,1.07232,1.07228,9360000,900000
2023-02-08 15:26:55.008000,1.07231,1.07228,3600000,900000
2023-02-08 15:26:55.110000,1.07231,1.07227,3600000,450000
2023-02-08 15:26:55.383000,1.07232,1.07227,9360000,1350000
2023-02-08 15:26:55.535000,1.07231,1.07227,3600000,450000
2023-02-08 15:26:55.996000,1.07231,1.07226,3600000,3820000
2023-02-08 15:26:56.098000,1.0723,1.07226,3600000,1350000
2023-02-08 15:26:56.541000,1.0723,1.07225,4050000,900000
2023-02-08 15:26:56.643000,1.0723,1.07227,9360000,450000
2023-02-08 15:26:57.560000,1.07233,1.07227,10710000,4050000
2023-02-08 15:26:57.915000,1.07232,1.07227,3600000,1350000
2023-02-08 15:26:58.017000,1.07233,1.07227,10710000,4950000
2023-02-08 15:26:58.120000,1.07233,1.07228,8910000,900000
2023-02-08 15:26:58.323000,1.07233,1.07227,4050000,4950000
2023-02-08 15:26:58.958000,1.07233,1.07228,4050000,120000
2023-02-08 15:26:59.061000,1.07233,1.07227,4050000,7780000
2023-02-08 15:26:59.598000,1.07229,1.07226,3600000,1350000
2023-02-08 15:26:59.650000,1.07227,1.07225,4050000,5220000
2023-02-08 15:26:59.752000,1.07229,1.07224,4720000,900000
2023-02-08 15:26:59.854000,1.07228,1.07223,3600000,2250000
2023-02-08 15:27:00.412000,1.07228,1.07224,9580000,4050000
2023-02-08 15:27:00.616000,1.07227,1.07224,3600000,450000
2023-02-08 15:27:00.718000,1.07228,1.07222,4050000,9670000
2023-02-08 15:27:01.299000,1.07228,1.07223,3600000,1350000
2023-02-08 15:27:01.401000,1.07229,1.07223,9130000,6750000
2023-02-08 15:27:01.575000,1.07228,1.07223,3600000,1350000
2023-02-08 15:27:01.677000,1.07227,1.07222,450000,6070000
2023-02-08 15:27:01.882000,1.07227,1.07221,5620000,6300000
2023-02-08 15:27:01.934000,1.07224,1.07221,450000,3600000
2023-02-08 15:27:01.986000,1.07222,1.07219,900000,1820000
2023-02-08 15:27:02.139000,1.07223,1.07217,4500000,6750000
2023-02-08 15:27:02.241000,1.07222,1.07217,3600000,4050000
2023-02-08 15:27:02.343000,1.07223,1.07217,9360000,6750000
2023-02-08 15:27:02.445000,1.07222,1.07217,3600000,2250000
2023-02-08 15:27:02.984000,1.07222,1.07218,3600000,450000
2023-02-08 15:27:03.242000,1.07222,1.07217,3600000,1350000
2023-02-08 15:27:03.729000,1.07223,1.07217,1350000,4050000
2023-02-08 15:27:03.832000,1.07222,1.07217,3600000,450000
2023-02-08 15:27:04.595000,1.07222,1.07218,3600000,2250000
2023-02-08 15:27:04.647000,1.07224,1.0722,900000,4950000
2023-02-08 15:27:04.749000,1.07224,1.07222,4860000,900000
2023-02-08 15:27:04.851000,1.07226,1.07221,5310000,4500000
2023-02-08 15:27:05.572000,1.07227,1.07221,10930000,4950000
2023-02-08 15:27:05.674000,1.07226,1.07221,3600000,1350000
2023-02-08 15:27:06.257000,1.07226,1.0722,4050000,6750000
2023-02-08 15:27:06.573000,1.07226,1.07221,3600000,450000
2023-02-08 15:27:06.709000,1.07223,1.07219,450000,7020000
2023-02-08 15:27:06.812000,1.07222,1.07219,3600000,3420000
2023-02-08 15:27:06.914000,1.07222,1.07217,3600000,1350000
2023-02-08 15:27:07.575000,1.07221,1.07216,5400000,450000
2023-02-08 15:27:07.677000,1.0722,1.07215,6750000,3420000
2023-02-08 15:27:07.780000,1.07219,1.07214,4860000,4050000
2023-02-08 15:27:07.933000,1.0722,1.07214,8910000,4950000
2023-02-08 15:27:08.136000,1.07217,1.07213,900000,900000
2023-02-08 15:27:08.239000,1.07217,1.07212,4500000,1350000
2023-02-08 15:27:08.740000,1.07216,1.07212,3600000,900000
2023-02-08 15:27:08.842000,1.07216,1.07211,4050000,450000
2023-02-08 15:27:08.944000,1.07217,1.07212,9360000,900000
2023-02-08 15:27:09.098000,1.07217,1.07214,4500000,450000
2023-02-08 15:27:09.403000,1.07217,1.07212,4500000,900000
2023-02-08 15:27:09.454000,1.07218,1.07214,8460000,1350000
2023-02-08 15:27:09.608000,1.07219,1.07214,900000,6070000
2023-02-08 15:27:10.015000,1.07219,1.07215,900000,3600000
2023-02-08 15:27:10.128000,1.07219,1.07214,900000,6070000
2023-02-08 15:27:10.299000,1.07219,1.07215,900000,3600000
2023-02-08 15:27:10.401000,1.07219,1.07214,900000,6070000
2023-02-08 15:27:10.538000,1.07219,1.07215,900000,3600000
2023-02-08 15:27:10.669000,1.07219,1.07214,900000,6070000
2023-02-08 15:27:10.772000,1.07219,1.07215,900000,3600000
2023-02-08 15:27:10.874000,1.07221,1.07216,9810000,450000
2023-02-08 15:27:11.129000,1.0722,1.07215,5490000,450000
2023-02-08 15:27:11.231000,1.07219,1.07214,4050000,3420000
2023-02-08 15:27:11.333000,1.07218,1.07214,8910000,6970000
2023-02-08 15:27:11.558000,1.07218,1.07213,5400000,900000
2023-02-08 15:27:11.660000,1.07218,1.07212,5400000,5620000
2023-02-08 15:27:11.946000,1.07217,1.07212,4860000,6520000
2023-02-08 15:27:12.150000,1.07218,1.07212,11160000,6520000
2023-02-08 15:27:12.252000,1.07217,1.07212,3600000,2020000
2023-02-08 15:27:14.354000,1.07217,1.07214,6430000,3600000
2023-02-08 15:27:14.457000,1.07214,1.07211,450000,450000
2023-02-08 15:27:14.560000,1.07212,1.0721,450000,3420000
2023-02-08 15:27:14.662000,1.07212,1.07207,450000,4270000
2023-02-08 15:27:15.232000,1.07213,1.07208,10710000,450000
2023-02-08 15:27:15.284000,1.07214,1.0721,1120000,450000
2023-02-08 15:27:15.387000,1.07215,1.07212,4860000,900000
2023-02-08 15:27:15.499000,1.07216,1.07212,9810000,900000
2023-02-08 15:27:15.855000,1.07217,1.07212,5760000,6750000
2023-02-08 15:27:16.943000,1.07219,1.07213,11830000,1800000
2023-02-08 15:27:17.045000,1.07218,1.07213,4050000,450000
2023-02-08 15:27:17.147000,1.07218,1.07212,4050000,7870000
2023-02-08 15:27:17.300000,1.07217,1.07212,3600000,1570000
2023-02-08 15:27:17.402000,1.07214,1.07211,450000,1800000
2023-02-08 15:27:17.505000,1.07213,1.07209,450000,7020000
2023-02-08 15:27:17.556000,1.07209,1.07205,3600000,5170000
2023-02-08 15:27:17.709000,1.07209,1.07204,3600000,1350000
2023-02-08 15:27:18.314000,1.07206,1.07203,1570000,900000
2023-02-08 15:27:18.417000,1.07204,1.07201,900000,3420000
2023-02-08 15:27:18.468000,1.07203,1.07197,3600000,5850000
2023-02-08 15:27:18.570000,1.07204,1.07197,12730000,1350000
2023-02-08 15:27:18.672000,1.07203,1.07197,4050000,4950000
2023-02-08 15:27:18.774000,1.07202,1.07197,4050000,1350000
2023-02-08 15:27:19.283000,1.07204,1.07199,8680000,450000
2023-02-08 15:27:19.792000,1.07205,1.07201,8680000,450000
2023-02-08 15:27:19.945000,1.07206,1.07201,7330000,4050000
2023-02-08 15:27:20.149000,1.07205,1.07201,220000,4410000
2023-02-08 15:27:20.251000,1.07206,1.07203,220000,450000
2023-02-08 15:27:20.353000,1.07207,1.07203,4500000,450000
2023-02-08 15:27:20.456000,1.07207,1.07202,3600000,1350000
2023-02-08 15:27:20.574000,1.07208,1.07202,6070000,4950000
2023-02-08 15:27:20.980000,1.07208,1.07203,5170000,900000
2023-02-08 15:27:21.082000,1.07208,1.07202,5170000,900000
2023-02-08 15:27:21.185000,1.07207,1.07204,5170000,450000
2023-02-08 15:27:21.287000,1.07208,1.07204,4050000,2700000
2023-02-08 15:27:21.338000,1.07207,1.07203,4950000,5850000
2023-02-08 15:27:21.441000,1.07208,1.07203,3600000,450000
2023-02-08 15:27:21.593000,1.07209,1.07203,5710000,450000
2023-02-08 15:27:21.696000,1.07208,1.07203,3600000,450000
2023-02-08 15:27:22.224000,1.0721,1.07205,900000,8550000
2023-02-08 15:27:22.327000,1.0721,1.07204,4050000,450000
2023-02-08 15:27:22.429000,1.07209,1.07204,3600000,450000
2023-02-08 15:27:23.233000,1.07208,1.07203,450000,4500000
2023-02-08 15:27:23.336000,1.07206,1.07204,3600000,900000
2023-02-08 15:27:23.438000,1.07207,1.07202,3600000,4050000
2023-02-08 15:27:24.076000,1.07208,1.07202,4270000,6750000
2023-02-08 15:27:24.178000,1.07207,1.07202,3600000,3150000
2023-02-08 15:27:25.246000,1.07208,1.07202,5620000,5850000
2023-02-08 15:27:25.399000,1.07208,1.07203,4270000,450000
2023-02-08 15:27:25.501000,1.07209,1.07204,3600000,1350000
2023-02-08 15:27:25.603000,1.0721,1.07204,5620000,450000
2023-02-08 15:27:26.011000,1.07207,1.07204,4270000,900000
2023-02-08 15:27:26.113000,1.07208,1.07202,5170000,6750000
2023-02-08 15:27:26.572000,1.07208,1.07203,220000,4950000
2023-02-08 15:27:26.706000,1.07209,1.07204,4050000,450000
2023-02-08 15:27:26.811000,1.07212,1.07207,9810000,450000
2023-02-08 15:27:27.065000,1.07213,1.07207,10030000,4950000
2023-02-08 15:27:27.723000,1.07212,1.07207,3600000,1350000
2023-02-08 15:27:29.717000,1.07213,1.07207,9130000,1350000
2023-02-08 15:27:29.870000,1.07212,1.07207,3600000,450000
2023-02-08 15:27:30.501000,1.07212,1.07208,3600000,900000
2023-02-08 15:27:30.603000,1.07213,1.07207,8910000,4950000
2023-02-08 15:27:32.068000,1.07213,1.07208,9130000,900000
2023-02-08 15:27:32.170000,1.07213,1.07207,9130000,5400000
2023-02-08 15:27:32.373000,1.07213,1.07208,4270000,900000
2023-02-08 15:27:33.248000,1.07214,1.07208,4950000,4950000
2023-02-08 15:27:33.593000,1.07215,1.07211,5980000,450000
2023-02-08 15:27:33.696000,1.07216,1.07212,4500000,450000
2023-02-08 15:27:33.798000,1.07216,1.07213,9580000,450000
2023-02-08 15:27:35.036000,1.07218,1.07212,4950000,5400000
2023-02-08 15:27:35.341000,1.07217,1.07212,4500000,450000
2023-02-08 15:27:35.758000,1.07217,1.07211,5850000,4500000
2023-02-08 15:27:35.860000,1.07214,1.07211,900000,450000
2023-02-08 15:27:35.912000,1.07212,1.07209,450000,4500000
2023-02-08 15:27:36.166000,1.07213,1.07207,4050000,1350000
2023-02-08 15:27:36.820000,1.07213,1.07208,4500000,1800000
2023-02-08 15:27:36.974000,1.07213,1.07209,900000,450000
2023-02-08 15:27:38.171000,1.07214,1.07209,4720000,450000
2023-02-08 15:27:38.274000,1.07215,1.0721,900000,4950000
2023-02-08 15:27:38.376000,1.07215,1.07211,900000,450000
2023-02-08 15:27:38.478000,1.07215,1.0721,900000,4950000
2023-02-08 15:27:38.651000,1.07215,1.07211,900000,450000
2023-02-08 15:27:39.119000,1.07215,1.0721,4500000,450000
2023-02-08 15:27:40.048000,1.07215,1.07211,900000,450000
2023-02-08 15:27:40.223000,1.07214,1.07211,4500000,900000
2023-02-08 15:27:42.949000,1.07215,1.07211,900000,450000
2023-02-08 15:27:43.051000,1.07216,1.07211,5170000,450000
2023-02-08 15:27:43.153000,1.07216,1.0721,5170000,4140000
2023-02-08 15:27:43.780000,1.07216,1.07211,4500000,450000
2023-02-08 15:27:43.883000,1.07215,1.07211,900000,450000
2023-02-08 15:27:45.306000,1.07217,1.07215,900000,450000
2023-02-08 15:27:45.409000,1.07218,1.07215,4860000,4950000
2023-02-08 15:27:45.562000,1.0722,1.07214,6520000,5850000
2023-02-08 15:27:45.947000,1.0722,1.07215,7330000,3600000
2023-02-08 15:27:46.100000,1.07221,1.07216,5980000,4050000
2023-02-08 15:27:46.202000,1.0722,1.07216,220000,450000
2023-02-08 15:27:46.559000,1.07221,1.07216,5980000,4050000
2023-02-08 15:27:47.718000,1.0722,1.07215,3600000,900000
2023-02-08 15:27:47.824000,1.07221,1.07215,7870000,5040000
2023-02-08 15:27:47.926000,1.07221,1.07216,1120000,5850000
2023-02-08 15:27:50.189000,1.07219,1.07217,7060000,900000
2023-02-08 15:27:50.241000,1.07218,1.07214,900000,3420000
2023-02-08 15:27:50.343000,1.07217,1.07214,4050000,3420000
2023-02-08 15:27:50.395000,1.07217,1.07211,9810000,11790000
2023-02-08 15:27:50.507000,1.07217,1.07212,6210000,3600000
2023-02-08 15:27:50.609000,1.07217,1.07211,9810000,4950000
2023-02-08 15:27:51.329000,1.07216,1.07211,3600000,1440000
2023-02-08 15:27:51.431000,1.07217,1.07212,4050000,450000
2023-02-08 15:27:51.635000,1.07217,1.07211,4050000,8190000
2023-02-08 15:27:51.751000,1.07217,1.07212,3600000,450000
2023-02-08 15:27:52.859000,1.07218,1.07212,5620000,4950000
2023-02-08 15:27:53.705000,1.07215,1.07212,3600000,900000
2023-02-08 15:27:53.807000,1.07214,1.0721,1350000,900000
2023-02-08 15:27:53.910000,1.07213,1.07208,8910000,450000
2023-02-08 15:27:54.332000,1.07214,1.07209,4050000,900000
2023-02-08 15:27:54.539000,1.07215,1.07209,5620000,1350000
2023-02-08 15:27:55.125000,1.07213,1.07207,4500000,5940000
2023-02-08 15:27:58.207000,1.07212,1.07207,3600000,1350000
2023-02-08 15:27:58.309000,1.07213,1.07207,5620000,5850000
2023-02-08 15:27:58.411000,1.07214,1.0721,900000,4050000
2023-02-08 15:27:58.514000,1.07214,1.07211,9360000,1350000
2023-02-08 15:27:58.646000,1.07216,1.07211,3600000,1800000
2023-02-08 15:27:59.077000,1.07217,1.07212,4500000,2250000
2023-02-08 15:27:59.685000,1.07218,1.07212,4270000,5850000
2023-02-08 15:27:59.939000,1.07217,1.07212,3600000,2250000
2023-02-08 15:28:00.042000,1.07218,1.07213,670000,4050000
2023-02-08 15:28:00.245000,1.07217,1.07212,3600000,2250000
2023-02-08 15:28:01.765000,1.07218,1.07213,4270000,450000
2023-02-08 15:28:02.149000,1.07218,1.07212,4270000,4950000
2023-02-08 15:28:02.304000,1.07217,1.07212,3600000,1350000
2023-02-08 15:28:03.304000,1.07216,1.07212,3600000,1350000
2023-02-08 15:28:03.477000,1.07217,1.07212,4270000,1350000
2023-02-08 15:28:03.629000,1.07216,1.07212,3600000,900000
2023-02-08 15:28:03.731000,1.07216,1.07211,3600000,900000
2023-02-08 15:28:03.884000,1.07217,1.07211,6070000,4500000
2023-02-08 15:28:03.986000,1.07217,1.07212,450000,4500000
2023-02-08 15:28:04.495000,1.07218,1.07212,4950000,5400000
2023-02-08 15:28:04.961000,1.07218,1.07213,4950000,450000
2023-02-08 15:28:05.603000,1.07217,1.07212,3600000,1350000
2023-02-08 15:28:05.994000,1.07217,1.07213,3600000,450000
2023-02-08 15:28:06.198000,1.07217,1.07212,4500000,2250000
2023-02-08 15:28:06.301000,1.07213,1.07209,4950000,7920000
2023-02-08 15:28:06.403000,1.07212,1.07209,4500000,3420000
2023-02-08 15:28:06.454000,1.07211,1.07207,450000,4050000
2023-02-08 15:28:06.607000,1.0721,1.07206,900000,900000
2023-02-08 15:28:06.710000,1.07208,1.07206,900000,450000
2023-02-08 15:28:06.761000,1.07207,1.07204,3600000,4500000
2023-02-08 15:28:06.864000,1.07207,1.07202,3600000,1800000
2023-02-08 15:28:07.169000,1.07207,1.07201,5620000,8100000
2023-02-08 15:28:07.322000,1.07207,1.07202,5400000,450000
2023-02-08 15:28:07.830000,1.07207,1.07201,5710000,4950000
2023-02-08 15:28:07.933000,1.07206,1.07201,1350000,4050000
2023-02-08 15:28:08.035000,1.07207,1.07202,4950000,450000
2023-02-08 15:28:09.255000,1.07207,1.07201,5400000,5400000
2023-02-08 15:28:09.357000,1.07205,1.072,1660000,3600000
2023-02-08 15:28:09.460000,1.07204,1.07199,3600000,900000
2023-02-08 15:28:09.562000,1.07205,1.072,4500000,450000
2023-02-08 15:28:09.715000,1.07205,1.07199,670000,5400000
2023-02-08 15:28:10.072000,1.07206,1.07202,1120000,4050000
2023-02-08 15:28:10.174000,1.07208,1.07202,15430000,4050000
2023-02-08 15:28:11.842000,1.07207,1.07202,3600000,450000
2023-02-08 15:28:11.944000,1.07206,1.07201,4950000,450000
2023-02-08 15:28:12.046000,1.07204,1.072,990000,3420000
2023-02-08 15:28:12.149000,1.07203,1.07198,4050000,900000
2023-02-08 15:28:12.555000,1.07203,1.07197,4500000,5850000
2023-02-08 15:28:12.983000,1.07202,1.07197,3600000,450000
2023-02-08 15:28:13.542000,1.07202,1.07196,5400000,5850000
2023-02-08 15:28:13.849000,1.07202,1.07197,4050000,450000
2023-02-08 15:28:14.154000,1.07202,1.07196,6970000,4500000
2023-02-08 15:28:14.585000,1.07201,1.07196,3600000,900000
2023-02-08 15:28:15.060000,1.07198,1.07196,450000,450000
2023-02-08 15:28:15.162000,1.07197,1.07195,5400000,3420000
2023-02-08 15:28:15.265000,1.07198,1.07192,4050000,5490000
2023-02-08 15:28:15.574000,1.07197,1.07192,3600000,1890000
2023-02-08 15:28:15.905000,1.07198,1.07192,4500000,4590000
2023-02-08 15:28:16.058000,1.07197,1.07192,3600000,990000
2023-02-08 15:28:16.419000,1.07198,1.07192,4500000,4140000
2023-02-08 15:28:16.633000,1.07198,1.07193,3600000,540000
2023-02-08 15:28:16.684000,1.07199,1.07195,6210000,4050000
2023-02-08 15:28:16.736000,1.07201,1.07196,4500000,900000
2023-02-08 15:28:16.838000,1.07199,1.07195,450000,1350000
2023-02-08 15:28:16.940000,1.07198,1.07193,5850000,900000
2023-02-08 15:28:17.043000,1.07198,1.07192,5850000,9090000
2023-02-08 15:28:17.247000,1.07197,1.07192,900000,4140000
2023-02-08 15:28:17.552000,1.07198,1.07192,7200000,4140000
2023-02-08 15:28:17.682000,1.07197,1.07192,3600000,540000
2023-02-08 15:28:17.784000,1.07198,1.07192,7200000,4140000
2023-02-08 15:28:17.988000,1.07197,1.07192,4500000,540000
2023-02-08 15:28:18.090000,1.07197,1.07193,6300000,4140000
2023-02-08 15:28:18.469000,1.07197,1.07192,4500000,1350000
2023-02-08 15:28:22.552000,1.07195,1.07193,3600000,900000
2023-02-08 15:28:22.654000,1.07197,1.07192,1800000,450000
2023-02-08 15:28:22.756000,1.07196,1.07192,3600000,450000
2023-02-08 15:28:23.623000,1.07193,1.0719,1350000,3600000
2023-02-08 15:28:23.677000,1.07191,1.07189,1350000,5670000
2023-02-08 15:28:23.779000,1.07192,1.07189,2470000,3600000
2023-02-08 15:28:23.881000,1.07192,1.07187,2470000,4050000
2023-02-08 15:28:24.085000,1.07192,1.07186,6970000,5850000
2023-02-08 15:28:24.187000,1.07189,1.07186,1890000,4500000
2023-02-08 15:28:24.238000,1.07187,1.07182,900000,900000
2023-02-08 15:28:24.696000,1.07185,1.07182,900000,4500000
2023-02-08 15:28:25.205000,1.07185,1.07181,900000,5850000
2023-02-08 15:28:25.713000,1.07186,1.07182,1350000,450000
2023-02-08 15:28:25.968000,1.07186,1.07181,1350000,5400000
2023-02-08 15:28:26.222000,1.07187,1.07181,10260000,6390000
2023-02-08 15:28:26.783000,1.07187,1.07183,4050000,450000
2023-02-08 15:28:26.886000,1.07188,1.07185,4860000,450000
2023-02-08 15:28:26.988000,1.07189,1.07184,4050000,450000
2023-02-08 15:28:27.141000,1.07189,1.07185,450000,4950000
2023-02-08 15:28:27.243000,1.0719,1.07187,5980000,5400000
2023-02-08 15:28:27.396000,1.07191,1.07188,1120000,450000
2023-02-08 15:28:27.681000,1.07193,1.07187,4270000,1350000
2023-02-08 15:28:27.783000,1.07195,1.07191,6660000,450000
2023-02-08 15:28:27.937000,1.07195,1.0719,3600000,3010000
2023-02-08 15:28:28.039000,1.07196,1.07191,4050000,2250000
2023-02-08 15:28:28.245000,1.07197,1.07191,4050000,6750000
2023-02-08 15:28:28.354000,1.07197,1.07192,3600000,450000
2023-02-08 15:28:28.632000,1.07196,1.07194,3600000,450000
2023-02-08 15:28:28.835000,1.07198,1.07193,670000,3600000
2023-02-08 15:28:29.145000,1.07197,1.07192,3600000,900000
2023-02-08 15:28:30.048000,1.07198,1.07192,4050000,4810000
2023-02-08 15:28:30.150000,1.07198,1.07193,450000,3600000
2023-02-08 15:28:30.354000,1.07197,1.07192,3600000,1440000
2023-02-08 15:28:30.766000,1.07198,1.07193,1350000,3600000
2023-02-08 15:28:30.868000,1.07198,1.07192,4950000,4590000
2023-02-08 15:28:30.970000,1.07198,1.07193,4950000,900000
2023-02-08 15:28:31.971000,1.072,1.07196,1800000,900000
2023-02-08 15:28:32.074000,1.07202,1.07196,1350000,6750000
2023-02-08 15:28:32.176000,1.07201,1.07197,4950000,900000
2023-02-08 15:28:32.228000,1.072,1.07195,450000,3600000
2023-02-08 15:28:32.998000,1.072,1.07194,4050000,4140000
2023-02-08 15:28:33.253000,1.07198,1.07195,900000,4050000
2023-02-08 15:28:33.609000,1.07199,1.07195,1350000,3600000
2023-02-08 15:28:33.712000,1.07199,1.07194,450000,4950000
2023-02-08 15:28:33.814000,1.07199,1.07196,900000,900000
2023-02-08 15:28:33.916000,1.07201,1.07196,3910000,900000
2023-02-08 15:28:34.729000,1.07201,1.07195,5620000,4950000
2023-02-08 15:28:34.959000,1.07201,1.07196,3820000,450000
2023-02-08 15:28:36.072000,1.07202,1.07197,670000,3600000
2023-02-08 15:28:36.174000,1.07202,1.07196,5620000,5400000
2023-02-08 15:28:36.276000,1.07201,1.07196,450000,4050000
2023-02-08 15:28:36.949000,1.07202,1.07197,4500000,900000
2023-02-08 15:28:37.052000,1.07204,1.07199,3600000,450000
2023-02-08 15:28:37.608000,1.07204,1.07198,4050000,5400000
2023-02-08 15:28:37.982000,1.07203,1.07198,3600000,2700000
2023-02-08 15:28:38.135000,1.07204,1.07198,4500000,4950000
2023-02-08 15:28:38.237000,1.07203,1.07198,4050000,900000
2023-02-08 15:28:39.068000,1.07202,1.07197,450000,4050000
2023-02-08 15:28:40.245000,1.07201,1.07197,450000,450000
2023-02-08 15:28:41.062000,1.07202,1.07197,450000,4050000
2023-02-08 15:28:42.437000,1.07202,1.07196,4500000,7650000
2023-02-08 15:28:42.539000,1.07201,1.07196,450000,6300000
2023-02-08 15:28:42.996000,1.07203,1.07197,7420000,4950000
2023-02-08 15:28:43.656000,1.07203,1.07198,900000,5850000
2023-02-08 15:28:43.758000,1.07203,1.072,5170000,900000
2023-02-08 15:28:43.860000,1.07204,1.07198,5170000,7650000
2023-02-08 15:28:43.962000,1.07204,1.07199,670000,3600000
2023-02-08 15:28:44.166000,1.07204,1.07198,4270000,7650000
2023-02-08 15:28:44.268000,1.07203,1.07198,4050000,1800000
2023-02-08 15:28:44.370000,1.07202,1.07197,450000,8370000
2023-02-08 15:28:45.284000,1.07202,1.07196,4500000,7290000
2023-02-08 15:28:45.691000,1.07199,1.07196,1350000,4050000
2023-02-08 15:28:45.742000,1.07198,1.07194,1350000,3420000
2023-02-08 15:28:45.793000,1.07199,1.07196,2470000,3600000
2023-02-08 15:28:45.844000,1.07199,1.07194,2470000,7920000
2023-02-08 15:28:45.946000,1.07198,1.07194,450000,900000
2023-02-08 15:28:46.114000,1.07198,1.07193,450000,4950000
2023-02-08 15:28:46.242000,1.072,1.07196,900000,450000
2023-02-08 15:28:46.344000,1.07202,1.07196,8190000,4500000
2023-02-08 15:28:46.497000,1.07201,1.07196,3600000,450000
2023-02-08 15:28:46.600000,1.072,1.07195,7200000,900000
2023-02-08 15:28:48.206000,1.07201,1.07196,220000,4050000
2023-02-08 15:28:48.309000,1.07202,1.07196,6070000,4050000
2023-02-08 15:28:49.178000,1.07202,1.07197,4720000,450000
2023-02-08 15:28:49.331000,1.07203,1.07197,4050000,4950000
2023-02-08 15:28:50.539000,1.07202,1.07197,3600000,1350000
2023-02-08 15:28:51.475000,1.07203,1.07197,4050000,4950000
2023-02-08 15:28:51.577000,1.07202,1.07196,4720000,7200000
2023-02-08 15:28:51.680000,1.07201,1.07196,450000,4500000
2023-02-08 15:28:51.782000,1.072,1.07195,450000,8370000
2023-02-08 15:28:52.771000,1.07201,1.07195,4500000,5850000
2023-02-08 15:28:52.873000,1.07199,1.07196,3600000,2250000
2023-02-08 15:28:52.975000,1.07201,1.07195,4500000,5850000
2023-02-08 15:28:53.077000,1.072,1.07195,3600000,1350000
2023-02-08 15:28:53.186000,1.07201,1.07195,5400000,4950000
2023-02-08 15:28:53.288000,1.07199,1.07196,3600000,1350000
2023-02-08 15:28:53.390000,1.07201,1.07195,5400000,4950000
2023-02-08 15:28:53.575000,1.072,1.07195,450000,4950000
2023-02-08 15:28:54.029000,1.07201,1.07198,3820000,450000
2023-02-08 15:28:54.182000,1.07202,1.07198,6070000,4050000
2023-02-08 15:28:55.085000,1.07202,1.07197,3600000,2250000
2023-02-08 15:28:55.187000,1.07202,1.07199,2470000,3600000
2023-02-08 15:28:55.289000,1.07203,1.07197,6070000,4950000
2023-02-08 15:28:55.496000,1.07204,1.07198,5170000,5400000
2023-02-08 15:28:55.598000,1.07203,1.07198,3600000,2700000
2023-02-08 15:28:56.212000,1.07204,1.07199,5170000,3420000
2023-02-08 15:28:56.314000,1.07205,1.07202,900000,4950000
2023-02-08 15:28:56.416000,1.07206,1.07201,450000,4500000
2023-02-08 15:28:56.569000,1.07207,1.07201,5170000,4950000
2023-02-08 15:28:57.375000,1.07207,1.07202,1120000,3600000
2023-02-08 15:28:57.477000,1.07207,1.07201,5620000,4050000
2023-02-08 15:28:57.621000,1.07204,1.07199,4050000,7020000
2023-02-08 15:28:57.825000,1.07203,1.07198,450000,7470000
2023-02-08 15:28:57.927000,1.07204,1.07198,4500000,4050000
2023-02-08 15:28:58.029000,1.07204,1.07199,4050000,900000
2023-02-08 15:28:58.233000,1.07203,1.07197,4050000,7060000
2023-02-08 15:28:58.335000,1.07204,1.07198,5850000,4050000
2023-02-08 15:28:58.488000,1.07203,1.07197,4050000,6970000
2023-02-08 15:28:58.664000,1.07202,1.07197,900000,4050000
2023-02-08 15:29:00.093000,1.07203,1.07197,4500000,4050000
2023-02-08 15:29:00.144000,1.07203,1.07199,3600000,2250000
2023-02-08 15:29:00.196000,1.07205,1.072,1570000,3600000
2023-02-08 15:29:00.298000,1.07204,1.07199,450000,8370000
2023-02-08 15:29:00.552000,1.07206,1.072,4270000,4050000
2023-02-08 15:29:00.654000,1.07206,1.07203,450000,4050000
2023-02-08 15:29:00.757000,1.07208,1.07202,4050000,4950000
2023-02-08 15:29:00.859000,1.07207,1.07204,450000,3600000
2023-02-08 15:29:00.961000,1.07208,1.07202,4050000,4950000
2023-02-08 15:29:01.114000,1.07207,1.07202,900000,3600000
2023-02-08 15:29:01.216000,1.07207,1.07201,5710000,4050000
2023-02-08 15:29:01.318000,1.07205,1.072,450000,4050000
2023-02-08 15:29:01.420000,1.07204,1.072,4500000,8370000
2023-02-08 15:29:01.523000,1.07204,1.07199,3600000,450000
2023-02-08 15:29:01.625000,1.07205,1.07199,4950000,4050000
2023-02-08 15:29:01.755000,1.07203,1.072,3600000,450000
2023-02-08 15:29:01.857000,1.07205,1.07199,4050000,4050000
2023-02-08 15:29:02.162000,1.07204,1.07199,3600000,450000
2023-02-08 15:29:02.264000,1.07202,1.072,1350000,900000
2023-02-08 15:29:02.316000,1.07203,1.07197,4950000,4950000
2023-02-08 15:29:02.621000,1.07201,1.07197,450000,4500000
2023-02-08 15:29:02.977000,1.07199,1.07196,450000,4050000
2023-02-08 15:29:03.080000,1.072,1.07197,450000,3600000
2023-02-08 15:29:03.131000,1.072,1.07194,450000,4770000
2023-02-08 15:29:03.747000,1.07198,1.07194,450000,4500000
2023-02-08 15:29:03.900000,1.07199,1.07196,3600000,450000
2023-02-08 15:29:03.952000,1.07202,1.07196,9130000,5400000
2023-02-08 15:29:04.054000,1.07201,1.07197,450000,3420000
2023-02-08 15:29:04.207000,1.07201,1.07195,4050000,9270000
2023-02-08 15:29:04.617000,1.07201,1.07196,3600000,450000
2023-02-08 15:29:04.756000,1.07202,1.07196,6070000,4050000
2023-02-08 15:29:05.163000,1.07201,1.07196,450000,4050000
2023-02-08 15:29:05.502000,1.07202,1.07196,6070000,4050000
2023-02-08 15:29:05.604000,1.07202,1.07197,1120000,4050000
2023-02-08 15:29:05.757000,1.07203,1.07197,4270000,4950000
2023-02-08 15:29:07.132000,1.07201,1.07196,3600000,2250000
2023-02-08 15:29:07.235000,1.07199,1.07195,4050000,3420000
2023-02-08 15:29:07.337000,1.07199,1.07194,450000,7470000
2023-02-08 15:29:07.439000,1.072,1.07194,4810000,7470000
2023-02-08 15:29:07.952000,1.07199,1.07194,450000,7470000
2023-02-08 15:29:08.105000,1.072,1.07196,6070000,4050000
2023-02-08 15:29:08.207000,1.072,1.07195,450000,4500000
2023-02-08 15:29:08.309000,1.072,1.07194,4050000,4950000
2023-02-08 15:29:08.891000,1.07197,1.07194,450000,3600000
2023-02-08 15:29:08.993000,1.07196,1.07194,1120000,3420000
2023-02-08 15:29:09.095000,1.07197,1.07192,1120000,3600000
2023-02-08 15:29:11.260000,1.07196,1.07192,900000,4050000
2023-02-08 15:29:11.363000,1.07193,1.07191,670000,900000
2023-02-08 15:29:11.414000,1.07192,1.07189,4360000,3420000
2023-02-08 15:29:11.517000,1.07191,1.07187,4270000,4500000
2023-02-08 15:29:11.568000,1.07189,1.07186,4950000,900000
2023-02-08 15:29:11.671000,1.07188,1.07185,4050000,3420000
2023-02-08 15:29:11.722000,1.07185,1.07182,900000,7920000
2023-02-08 15:29:11.825000,1.07183,1.07179,450000,220000
2023-02-08 15:29:11.927000,1.07183,1.07178,4050000,900000
2023-02-08 15:29:12.247000,1.07182,1.07178,450000,900000
2023-02-08 15:29:12.350000,1.07181,1.07178,4270000,1350000
2023-02-08 15:29:12.989000,1.07181,1.07177,4720000,5400000
2023-02-08 15:29:13.107000,1.07182,1.07177,4720000,450000
2023-02-08 15:29:13.362000,1.07183,1.07177,5170000,4950000
2023-02-08 15:29:14.380000,1.07185,1.07181,2020000,4050000
2023-02-08 15:29:14.482000,1.07186,1.07181,4860000,4500000
2023-02-08 15:29:14.585000,1.07187,1.07181,4500000,4500000
2023-02-08 15:29:14.687000,1.07186,1.07181,900000,4500000
2023-02-08 15:29:14.789000,1.07187,1.07181,9360000,4500000
2023-02-08 15:29:15.095000,1.07187,1.07182,450000,4500000
2023-02-08 15:29:15.197000,1.07187,1.07181,5940000,5400000
2023-02-08 15:29:15.350000,1.07187,1.07182,450000,3600000
2023-02-08 15:29:15.452000,1.07188,1.07182,4050000,4050000
2023-02-08 15:29:15.605000,1.07188,1.07183,450000,3600000
2023-02-08 15:29:15.758000,1.07188,1.07184,4360000,4050000
2023-02-08 15:29:15.861000,1.07192,1.07186,4050000,4500000
2023-02-08 15:29:15.963000,1.07189,1.07183,4050000,5850000
2023-02-08 15:29:16.065000,1.0719,1.07184,1440000,4050000
2023-02-08 15:29:16.284000,1.0719,1.07185,3600000,450000
2023-02-08 15:29:16.386000,1.07191,1.07186,670000,3600000
2023-02-08 15:29:16.489000,1.0719,1.07186,4270000,4950000
2023-02-08 15:29:16.591000,1.0719,1.07184,4050000,8370000
2023-02-08 15:29:17.523000,1.07188,1.07185,4050000,900000
2023-02-08 15:29:17.625000,1.07189,1.07183,4270000,4950000
2023-02-08 15:29:17.778000,1.07189,1.07184,4050000,450000
2023-02-08 15:29:18.944000,1.07189,1.07183,4050000,5400000
2023-02-08 15:29:19.250000,1.07188,1.07183,4050000,1350000
2023-02-08 15:29:19.352000,1.07189,1.07183,6160000,5400000
2023-02-08 15:29:19.833000,1.07188,1.07183,450000,4950000
2023-02-08 15:29:20.088000,1.0719,1.07184,5850000,4050000
2023-02-08 15:29:20.190000,1.07189,1.07184,3600000,1350000
2023-02-08 15:29:20.344000,1.07188,1.07182,4950000,8820000
2023-02-08 15:29:20.497000,1.07187,1.07182,450000,4950000
2023-02-08 15:29:21.274000,1.07186,1.07182,900000,3600000
2023-02-08 15:29:21.376000,1.07185,1.07181,2020000,900000
2023-02-08 15:29:21.530000,1.07186,1.0718,5620000,4950000
2023-02-08 15:29:22.344000,1.07185,1.0718,450000,4950000
2023-02-08 15:29:22.446000,1.07186,1.07181,5170000,450000
2023-02-08 15:29:22.548000,1.07185,1.07181,900000,4950000
2023-02-08 15:29:22.600000,1.07185,1.07179,5260000,8820000
2023-02-08 15:29:22.702000,1.07184,1.07179,450000,7470000
2023-02-08 15:29:23.223000,1.07184,1.07178,450000,5400000
2023-02-08 15:29:23.463000,1.07182,1.07179,3600000,1800000
2023-02-08 15:29:23.515000,1.07183,1.0718,3600000,1800000
2023-02-08 15:29:23.617000,1.07185,1.0718,450000,5400000
2023-02-08 15:29:23.770000,1.07186,1.07181,450000,3600000
2023-02-08 15:29:23.872000,1.07187,1.07181,6520000,4050000
2023-02-08 15:29:24.618000,1.07186,1.0718,4950000,5400000
2023-02-08 15:29:25.177000,1.07184,1.07181,450000,900000
2023-02-08 15:29:25.280000,1.07184,1.0718,450000,900000
2023-02-08 15:29:25.535000,1.07183,1.07179,1350000,900000
2023-02-08 15:29:25.637000,1.07182,1.07178,4500000,3420000
2023-02-08 15:29:25.739000,1.07182,1.07177,4500000,1350000
2023-02-08 15:29:26.063000,1.07181,1.07177,220000,900000
2023-02-08 15:29:26.114000,1.07179,1.07176,670000,900000
2023-02-08 15:29:26.216000,1.0718,1.07175,1660000,7020000
2023-02-08 15:29:26.319000,1.07179,1.07174,4050000,900000
2023-02-08 15:29:26.573000,1.0718,1.07177,3600000,450000
2023-02-08 15:29:26.675000,1.07182,1.07178,8910000,900000
2023-02-08 15:29:26.778000,1.07183,1.07178,4270000,900000
2023-02-08 15:29:27.066000,1.07183,1.07179,4050000,900000
2023-02-08 15:29:27.219000,1.07184,1.07179,670000,3600000
2023-02-08 15:29:27.321000,1.07183,1.07178,3600000,3150000
2023-02-08 15:29:29.522000,1.07183,1.07177,4050000,7060000
2023-02-08 15:29:31.848000,1.07185,1.0718,3370000,4050000
2023-02-08 15:29:31.950000,1.07185,1.07181,450000,3600000
2023-02-08 15:29:32.103000,1.07186,1.07181,670000,4500000
2023-02-08 15:29:35.023000,1.07188,1.07182,8820000,4950000
2023-02-08 15:29:35.531000,1.07188,1.07183,1350000,3600000
2023-02-08 15:29:35.633000,1.07187,1.07183,5170000,5850000
2023-02-08 15:29:35.736000,1.07187,1.07184,900000,4950000
2023-02-08 15:29:35.838000,1.07189,1.07183,450000,4950000
2023-02-08 15:29:36.477000,1.07188,1.07183,450000,4500000
2023-02-08 15:29:36.996000,1.07187,1.07183,450000,3600000
2023-02-08 15:29:37.200000,1.07188,1.07183,450000,3600000
2023-02-08 15:29:37.796000,1.07188,1.07182,6840000,4950000
2023-02-08 15:29:37.949000,1.07187,1.07182,3600000,1350000
2023-02-08 15:29:38.964000,1.07188,1.07182,5850000,4950000
2023-02-08 15:29:39.692000,1.07187,1.07182,900000,4950000
2023-02-08 15:29:41.132000,1.07188,1.07182,4050000,5850000
2023-02-08 15:29:43.581000,1.07187,1.07182,450000,4950000
2023-02-08 15:29:44.843000,1.07189,1.07183,8770000,450000
2023-02-08 15:29:44.997000,1.07189,1.07184,5400000,450000
2023-02-08 15:29:45.551000,1.07187,1.07184,450000,7020000
2023-02-08 15:29:46.414000,1.07187,1.07183,4050000,7060000
2023-02-08 15:29:46.517000,1.07189,1.07183,7110000,4410000
2023-02-08 15:29:46.670000,1.07188,1.07183,3600000,450000
2023-02-08 15:29:46.799000,1.07189,1.07183,1800000,4050000
2023-02-08 15:29:46.901000,1.07188,1.07182,4050000,7960000
2023-02-08 15:29:47.003000,1.07189,1.07183,4950000,4950000
2023-02-08 15:29:47.105000,1.0719,1.07185,1120000,4050000
2023-02-08 15:29:47.208000,1.07191,1.07186,670000,450000
2023-02-08 15:29:47.513000,1.07189,1.07186,4270000,450000
2023-02-08 15:29:47.616000,1.07189,1.07183,4050000,9490000
2023-02-08 15:29:47.718000,1.07189,1.07184,450000,3600000
2023-02-08 15:29:47.871000,1.07189,1.07183,450000,6070000
2023-02-08 15:29:47.977000,1.07189,1.07184,450000,3600000
2023-02-08 15:29:48.121000,1.07189,1.07183,450000,9490000
2023-02-08 15:29:48.224000,1.07188,1.07182,5170000,6750000
2023-02-08 15:29:48.326000,1.07186,1.07181,450000,4950000
2023-02-08 15:29:48.913000,1.07185,1.0718,1350000,450000
2023-02-08 15:29:49.015000,1.07183,1.07179,3600000,3420000
2023-02-08 15:29:49.117000,1.07184,1.07178,1570000,5850000
2023-02-08 15:29:51.513000,1.07183,1.07178,3600000,1350000
2023-02-08 15:29:51.717000,1.07184,1.07178,2920000,4950000
2023-02-08 15:29:51.882000,1.07182,1.07179,900000,4950000
2023-02-08 15:29:52.676000,1.07184,1.07179,450000,450000
2023-02-08 15:29:52.779000,1.07184,1.07178,1570000,5850000
2023-02-08 15:29:52.882000,1.07185,1.07179,670000,4050000
2023-02-08 15:29:53.243000,1.07185,1.0718,1350000,3600000
2023-02-08 15:29:53.345000,1.07185,1.07179,450000,4270000
2023-02-08 15:29:54.398000,1.07186,1.07181,900000,4050000
2023-02-08 15:29:54.500000,1.07187,1.07182,220000,4500000
2023-02-08 15:29:54.603000,1.07187,1.07183,220000,3600000
2023-02-08 15:29:54.705000,1.07188,1.07182,5170000,4500000
2023-02-08 15:29:55.446000,1.07188,1.07183,1570000,3600000
2023-02-08 15:29:55.548000,1.07187,1.07183,6070000,4050000
2023-02-08 15:29:55.899000,1.07188,1.07184,900000,5040000
2023-02-08 15:29:56.001000,1.0719,1.07185,1120000,4050000
2023-02-08 15:29:56.104000,1.07189,1.07187,220000,4050000
2023-02-08 15:29:56.155000,1.0719,1.07184,4270000,11070000
2023-02-08 15:29:56.359000,1.0719,1.07185,670000,3600000
2023-02-08 15:29:56.461000,1.07189,1.07187,220000,4050000
2023-02-08 15:29:57.138000,1.0719,1.07185,670000,3600000
2023-02-08 15:29:57.241000,1.0719,1.07184,1570000,5850000
2023-02-08 15:29:57.343000,1.0719,1.07185,1570000,3600000
2023-02-08 15:29:57.445000,1.0719,1.07187,1570000,4500000
2023-02-08 15:29:58.506000,1.07189,1.07186,4050000,450000
2023-02-08 15:29:58.608000,1.07187,1.07185,4050000,900000
2023-02-08 15:29:58.812000,1.07188,1.07182,4050000,9490000
2023-02-08 15:29:59.449000,1.07188,1.07183,4050000,900000
2023-02-08 15:29:59.551000,1.0719,1.07185,7330000,4050000
2023-02-08 15:29:59.653000,1.0719,1.07187,4860000,4050000
2023-02-08 15:29:59.705000,1.07192,1.07187,670000,4050000
2023-02-08 15:30:00.112000,1.07189,1.07186,450000,3600000
2023-02-08 15:30:00.214000,1.07188,1.07184,1350000,3420000
2023-02-08 15:30:00.316000,1.07186,1.07184,900000,220000
2023-02-08 15:30:00.418000,1.07186,1.07183,3600000,670000
2023-02-08 15:30:01.484000,1.07188,1.07184,9360000,1350000
2023-02-08 15:30:01.586000,1.07188,1.07182,4950000,8590000
2023-02-08 15:30:01.739000,1.07186,1.07183,900000,7690000
2023-02-08 15:30:01.892000,1.07188,1.07183,9810000,900000
2023-02-08 15:30:01.994000,1.07187,1.07182,450000,4270000
2023-02-08 15:30:02.250000,1.07184,1.07182,900000,4720000
2023-02-08 15:30:02.352000,1.07183,1.0718,4950000,3420000
2023-02-08 15:30:02.403000,1.07183,1.07178,4950000,1350000
2023-02-08 15:30:02.505000,1.07183,1.07179,900000,450000
2023-02-08 15:30:03.248000,1.07184,1.07181,900000,4050000
2023-02-08 15:30:03.351000,1.07186,1.07182,4860000,450000
2023-02-08 15:30:03.453000,1.07186,1.07183,900000,450000
2023-02-08 15:30:03.808000,1.07186,1.07181,900000,4500000
2023-02-08 15:30:04.490000,1.07186,1.07182,900000,450000
2023-02-08 15:30:05.445000,1.07187,1.07184,4860000,900000
2023-02-08 15:30:05.497000,1.07187,1.07182,4860000,4950000
2023-02-08 15:30:05.599000,1.07188,1.07182,4950000,4950000
2023-02-08 15:30:05.802000,1.07187,1.07182,900000,4050000
2023-02-08 15:30:06.361000,1.07188,1.07182,5400000,4050000
2023-02-08 15:30:06.912000,1.07187,1.07182,900000,4050000
2023-02-08 15:30:07.302000,1.07188,1.07182,5400000,4050000
2023-02-08 15:30:07.404000,1.07187,1.07182,900000,4050000
2023-02-08 15:30:09.826000,1.07187,1.07183,900000,4050000
2023-02-08 15:30:10.030000,1.07187,1.07184,900000,450000
2023-02-08 15:30:10.183000,1.07188,1.07183,3600000,450000
2023-02-08 15:30:10.336000,1.07187,1.07182,3600000,1570000
2023-02-08 15:30:10.841000,1.07188,1.07183,1350000,3600000
2023-02-08 15:30:10.943000,1.07188,1.07182,4950000,6160000
2023-02-08 15:30:11.045000,1.07188,1.07183,900000,4050000
2023-02-08 15:30:11.906000,1.07189,1.07184,5400000,1800000
2023-02-08 15:30:11.958000,1.07189,1.07186,900000,220000
2023-02-08 15:30:12.060000,1.07189,1.07187,900000,670000
2023-02-08 15:30:12.162000,1.07189,1.07185,4500000,450000
2023-02-08 15:30:12.264000,1.07191,1.07186,5400000,450000
2023-02-08 15:30:12.399000,1.07188,1.07183,1350000,7020000
2023-02-08 15:30:12.502000,1.07187,1.07183,5850000,5170000
2023-02-08 15:30:12.604000,1.07188,1.07183,3600000,450000
2023-02-08 15:30:12.833000,1.07188,1.07182,4050000,6160000
2023-02-08 15:30:13.037000,1.07187,1.07182,1800000,4270000
2023-02-08 15:30:13.735000,1.07184,1.0718,4950000,1120000
2023-02-08 15:30:13.786000,1.07183,1.07178,3600000,2470000
2023-02-08 15:30:13.990000,1.07183,1.07179,3600000,450000
2023-02-08 15:30:14.093000,1.07182,1.07177,900000,5170000
2023-02-08 15:30:14.449000,1.07181,1.07177,450000,220000
2023-02-08 15:30:14.602000,1.07181,1.07176,450000,4720000
2023-02-08 15:30:14.907000,1.07182,1.07177,6660000,4050000
2023-02-08 15:30:15.515000,1.07183,1.07179,5760000,5940000
2023-02-08 15:30:15.617000,1.07184,1.07181,4860000,450000
2023-02-08 15:30:15.669000,1.07187,1.07181,14310000,4270000
2023-02-08 15:30:15.872000,1.07187,1.07182,1350000,3600000
2023-02-08 15:30:16.013000,1.07187,1.07181,4950000,4720000
2023-02-08 15:30:16.867000,1.07186,1.07181,900000,4950000
2023-02-08 15:30:16.919000,1.07184,1.07181,450000,450000
2023-02-08 15:30:16.972000,1.07182,1.07179,1350000,13540000
2023-02-08 15:30:17.074000,1.0718,1.07178,900000,3420000
2023-02-08 15:30:17.177000,1.07181,1.07177,450000,220000
2023-02-08 15:30:17.279000,1.07182,1.07177,900000,4050000
2023-02-08 15:30:17.841000,1.07181,1.07176,900000,4950000
2023-02-08 15:30:17.943000,1.07181,1.07175,4950000,4950000
2023-02-08 15:30:18.046000,1.07177,1.07174,900000,3420000
2023-02-08 15:30:18.199000,1.07177,1.07172,4500000,670000
2023-02-08 15:30:18.352000,1.07177,1.07171,6750000,8590000
2023-02-08 15:30:18.772000,1.07176,1.07171,900000,4270000
2023-02-08 15:30:19.045000,1.07177,1.07173,900000,4050000
2023-02-08 15:30:19.147000,1.07178,1.07173,4500000,450000
2023-02-08 15:30:19.757000,1.07178,1.07172,5040000,5170000
2023-02-08 15:30:20.114000,1.07177,1.07172,120000,4270000
2023-02-08 15:30:20.368000,1.07177,1.07173,120000,3600000
2023-02-08 15:30:20.521000,1.07177,1.07172,540000,4270000
2023-02-08 15:30:20.675000,1.07176,1.07172,120000,450000
2023-02-08 15:30:20.777000,1.07177,1.07172,990000,4050000
2023-02-08 15:30:20.930000,1.07178,1.07173,5850000,4050000
2023-02-08 15:30:21.191000,1.07178,1.07172,5040000,4950000
2023-02-08 15:30:21.355000,1.07178,1.07173,1890000,4050000
2023-02-08 15:30:21.457000,1.07178,1.07172,5940000,4950000
2023-02-08 15:30:21.661000,1.07177,1.07172,120000,4050000
2023-02-08 15:30:21.865000,1.07176,1.07171,540000,4720000
2023-02-08 15:30:22.120000,1.07177,1.07172,120000,4950000
2023-02-08 15:30:22.231000,1.07178,1.07174,5760000,450000
2023-02-08 15:30:22.384000,1.07179,1.07174,3690000,450000
2023-02-08 15:30:23.045000,1.07178,1.07173,120000,2470000
2023-02-08 15:30:23.147000,1.07177,1.07173,3600000,220000
2023-02-08 15:30:23.250000,1.07178,1.07173,5040000,220000
2023-02-08 15:30:23.453000,1.07177,1.07173,120000,220000
2023-02-08 15:30:23.556000,1.07177,1.07172,1440000,3820000
2023-02-08 15:30:23.658000,1.07176,1.07172,120000,220000
2023-02-08 15:30:23.761000,1.07175,1.07172,540000,5170000
2023-02-08 15:30:24.237000,1.07175,1.07171,120000,5170000
2023-02-08 15:30:24.339000,1.07174,1.07171,3150000,3600000
2023-02-08 15:30:24.441000,1.07173,1.07169,120000,450000
2023-02-08 15:30:24.544000,1.07172,1.07168,2340000,3600000
2023-02-08 15:30:24.646000,1.07171,1.07168,3240000,7020000
2023-02-08 15:30:24.799000,1.07172,1.07168,120000,3600000
2023-02-08 15:30:24.901000,1.07171,1.07168,120000,4050000
2023-02-08 15:30:25.054000,1.07172,1.07168,120000,1350000
2023-02-08 15:30:25.207000,1.07174,1.07171,990000,3600000
2023-02-08 15:30:25.309000,1.07175,1.0717,120000,5400000
2023-02-08 15:30:25.411000,1.07175,1.07171,120000,4050000
2023-02-08 15:30:25.710000,1.07176,1.0717,4140000,5850000
2023-02-08 15:30:25.812000,1.07176,1.07171,120000,4050000
2023-02-08 15:30:25.914000,1.07176,1.0717,4140000,4950000
2023-02-08 15:30:26.017000,1.07176,1.07171,990000,4050000
2023-02-08 15:30:26.170000,1.07176,1.07172,990000,450000
2023-02-08 15:30:26.494000,1.07176,1.07171,990000,4950000
2023-02-08 15:30:27.065000,1.07176,1.07172,990000,450000
2023-02-08 15:30:27.168000,1.07176,1.07171,990000,4950000
2023-02-08 15:30:27.320000,1.07176,1.07172,990000,3600000
2023-02-08 15:30:27.626000,1.07176,1.07174,900000,1350000
2023-02-08 15:30:27.678000,1.07179,1.07174,4950000,4950000
2023-02-08 15:30:27.780000,1.07179,1.07175,4860000,4050000
2023-02-08 15:30:27.882000,1.0718,1.07175,120000,4050000
2023-02-08 15:30:28.266000,1.07181,1.07176,1440000,4500000
2023-02-08 15:30:28.419000,1.0718,1.07176,120000,900000
2023-02-08 15:30:28.521000,1.0718,1.07175,120000,5400000
2023-02-08 15:30:28.776000,1.0718,1.07174,5040000,6070000
2023-02-08 15:30:29.030000,1.0718,1.07175,4590000,900000
2023-02-08 15:30:29.140000,1.0718,1.07176,990000,450000
2023-02-08 15:30:30.016000,1.0718,1.07175,990000,5400000
2023-02-08 15:30:30.118000,1.07181,1.07179,4860000,1350000
2023-02-08 15:30:30.221000,1.07181,1.07178,4860000,1570000
2023-02-08 15:30:30.323000,1.07184,1.07179,990000,4050000
2023-02-08 15:30:30.527000,1.07184,1.07178,5040000,5850000
2023-02-08 15:30:30.629000,1.07183,1.07178,3600000,1350000
2023-02-08 15:30:30.731000,1.07184,1.07178,9900000,5850000
2023-02-08 15:30:30.833000,1.07183,1.07179,3600000,900000
2023-02-08 15:30:30.935000,1.07183,1.07178,3600000,1570000
2023-02-08 15:30:31.038000,1.07184,1.07182,4860000,450000
2023-02-08 15:30:31.140000,1.07183,1.07181,120000,450000
2023-02-08 15:30:31.242000,1.07182,1.0718,120000,3420000
2023-02-08 15:30:31.345000,1.07182,1.07177,4590000,670000
2023-02-08 15:30:31.843000,1.07181,1.07177,120000,220000
2023-02-08 15:30:32.454000,1.0718,1.07176,120000,900000
2023-02-08 15:30:32.556000,1.0718,1.07177,6840000,450000
2023-02-08 15:30:32.658000,1.0718,1.07178,1890000,450000
2023-02-08 15:30:33.015000,1.07182,1.07177,5850000,4950000
2023-02-08 15:30:33.334000,1.07181,1.07177,120000,450000
2023-02-08 15:30:33.537000,1.07182,1.07177,5490000,450000
2023-02-08 15:30:33.654000,1.07181,1.07177,990000,450000
2023-02-08 15:30:33.908000,1.07181,1.07176,5490000,450000
2023-02-08 15:30:34.063000,1.0718,1.07176,120000,450000
2023-02-08 15:30:34.215000,1.0718,1.07175,120000,5620000
2023-02-08 15:30:34.470000,1.07177,1.07174,120000,7920000
2023-02-08 15:30:34.572000,1.07177,1.07173,990000,1350000
2023-02-08 15:30:35.032000,1.07177,1.07174,990000,900000
2023-02-08 15:30:35.755000,1.07178,1.07174,120000,4500000
2023-02-08 15:30:35.991000,1.07177,1.07173,120000,450000
2023-02-08 15:30:36.093000,1.07177,1.07172,3690000,2250000
2023-02-08 15:30:36.246000,1.07177,1.07173,120000,3600000
2023-02-08 15:30:36.348000,1.07177,1.07172,3690000,2250000
2023-02-08 15:30:36.451000,1.07173,1.07171,4050000,3420000
2023-02-08 15:30:36.502000,1.0717,1.07166,1890000,670000
2023-02-08 15:30:36.858000,1.0717,1.07167,900000,900000
2023-02-08 15:30:36.961000,1.07172,1.07169,5760000,1350000
2023-02-08 15:30:37.063000,1.07174,1.0717,990000,1350000
2023-02-08 15:30:37.216000,1.07172,1.07169,120000,900000
2023-02-08 15:30:37.267000,1.07171,1.07168,120000,5170000
2023-02-08 15:30:37.370000,1.07173,1.0717,900000,450000
2023-02-08 15:30:37.472000,1.07175,1.07171,120000,900000
2023-02-08 15:30:37.574000,1.07176,1.07171,5850000,4950000
2023-02-08 15:30:37.778000,1.07177,1.07171,5040000,4950000
2023-02-08 15:30:37.881000,1.07177,1.07172,4590000,450000
2023-02-08 15:30:38.289000,1.07177,1.07171,9900000,5850000
2023-02-08 15:30:38.492000,1.07177,1.07172,9450000,450000
2023-02-08 15:30:38.708000,1.07175,1.07173,120000,450000
2023-02-08 15:30:38.810000,1.07176,1.07171,120000,4950000
2023-02-08 15:30:38.912000,1.07177,1.07171,9900000,4950000
2023-02-08 15:30:39.167000,1.07177,1.07172,4590000,1350000
2023-02-08 15:30:39.675000,1.07178,1.07173,8460000,1350000
2023-02-08 15:30:39.777000,1.07179,1.07174,4590000,1350000
2023-02-08 15:30:39.880000,1.07178,1.07173,120000,4950000
2023-02-08 15:30:39.982000,1.07178,1.07174,4590000,900000
2023-02-08 15:30:40.084000,1.07177,1.07174,3690000,450000
2023-02-08 15:30:40.441000,1.07179,1.07174,4590000,1350000
2023-02-08 15:30:40.492000,1.07179,1.07176,900000,1350000
2023-02-08 15:30:40.594000,1.0718,1.07176,900000,900000
2023-02-08 15:30:40.971000,1.07177,1.07173,4590000,3870000
2023-02-08 15:30:41.073000,1.07177,1.07172,4590000,450000
2023-02-08 15:30:41.328000,1.07176,1.07172,120000,450000
2023-02-08 15:30:41.481000,1.07175,1.07172,120000,4270000
2023-02-08 15:30:41.634000,1.07174,1.0717,120000,3420000
2023-02-08 15:30:41.736000,1.07175,1.0717,120000,4950000
2023-02-08 15:30:41.838000,1.07175,1.07171,120000,450000
2023-02-08 15:30:41.941000,1.07175,1.0717,120000,4950000
2023-02-08 15:30:42.043000,1.07173,1.07167,4140000,15570000
2023-02-08 15:30:42.196000,1.07172,1.07167,900000,4050000
2023-02-08 15:30:42.520000,1.07171,1.07167,990000,3600000
2023-02-08 15:30:42.623000,1.07171,1.07166,990000,5400000
2023-02-08 15:30:42.674000,1.07169,1.07166,990000,1350000
2023-02-08 15:30:42.776000,1.07168,1.07164,4590000,220000
2023-02-08 15:30:42.929000,1.07168,1.07162,4590000,6070000
2023-02-08 15:30:43.184000,1.07168,1.07163,4590000,900000
2023-02-08 15:30:43.566000,1.07168,1.07162,5040000,6070000
2023-02-08 15:30:43.769000,1.07168,1.07163,5040000,900000
2023-02-08 15:30:43.821000,1.07169,1.07165,900000,4500000
2023-02-08 15:30:43.923000,1.0717,1.07166,4950000,3600000
2023-02-08 15:30:44.025000,1.07171,1.07166,5850000,4050000
2023-02-08 15:30:44.473000,1.07172,1.07167,9450000,450000
2023-02-08 15:30:44.988000,1.07172,1.07168,990000,450000
2023-02-08 15:30:45.090000,1.07172,1.07167,990000,4050000
2023-02-08 15:30:45.395000,1.07172,1.07168,990000,900000
2023-02-08 15:30:45.549000,1.07174,1.07169,990000,4950000
2023-02-08 15:30:46.195000,1.07175,1.07171,4500000,450000
2023-02-08 15:30:46.451000,1.07176,1.07171,120000,4050000
2023-02-08 15:30:46.553000,1.07173,1.07171,990000,450000
2023-02-08 15:30:46.655000,1.07172,1.07171,900000,3420000
2023-02-08 15:30:46.757000,1.07173,1.07169,900000,3600000
2023-02-08 15:30:47.321000,1.07173,1.07168,900000,4950000
2023-02-08 15:30:47.714000,1.07173,1.07169,900000,3600000
2023-02-08 15:30:47.817000,1.07174,1.0717,4860000,450000
2023-02-08 15:30:47.919000,1.07174,1.07172,4860000,450000
2023-02-08 15:30:47.970000,1.07176,1.07171,120000,5850000
2023-02-08 15:30:48.395000,1.07177,1.07171,5040000,4950000
2023-02-08 15:30:48.497000,1.07177,1.07172,4590000,450000
2023-02-08 15:30:48.701000,1.07176,1.07171,120000,5400000
2023-02-08 15:30:49.006000,1.07177,1.07171,5040000,6300000
2023-02-08 15:30:49.740000,1.07177,1.07172,5040000,900000
2023-02-08 15:30:49.893000,1.07177,1.07171,5040000,6520000
2023-02-08 15:30:52.014000,1.07176,1.07171,120000,6750000
2023-02-08 15:30:52.066000,1.07173,1.0717,540000,3420000
2023-02-08 15:30:52.168000,1.07172,1.0717,990000,3420000
2023-02-08 15:30:52.220000,1.07172,1.07168,990000,900000
2023-02-08 15:30:52.322000,1.07173,1.0717,4860000,1350000
2023-02-08 15:30:52.425000,1.07174,1.07171,120000,900000
2023-02-08 15:30:52.527000,1.07175,1.07171,120000,5400000
2023-02-08 15:30:53.643000,1.07173,1.07171,120000,450000
2023-02-08 15:30:53.746000,1.07175,1.0717,5850000,7200000
2023-02-08 15:30:53.848000,1.07175,1.07171,5850000,900000
2023-02-08 15:30:54.204000,1.07175,1.07172,990000,900000
2023-02-08 15:30:54.510000,1.07175,1.07171,990000,6300000
2023-02-08 15:30:54.562000,1.07177,1.07175,5760000,1350000
2023-02-08 15:30:54.664000,1.07177,1.07174,4860000,2250000
2023-02-08 15:30:54.716000,1.07177,1.07172,120000,4950000
2023-02-08 15:30:54.920000,1.07175,1.07173,900000,450000
2023-02-08 15:30:55.022000,1.07177,1.07172,4590000,450000
2023-02-08 15:30:55.124000,1.07176,1.07172,900000,450000
2023-02-08 15:30:55.438000,1.07177,1.07172,4590000,450000
2023-02-08 15:30:56.244000,1.07178,1.07173,4590000,450000
2023-02-08 15:30:56.674000,1.07178,1.07174,900000,3600000
2023-02-08 15:30:56.727000,1.0718,1.07175,5850000,5850000
2023-02-08 15:30:56.880000,1.0718,1.07176,990000,3600000
2023-02-08 15:30:56.991000,1.07181,1.07176,120000,4050000
2023-02-08 15:30:58.575000,1.0718,1.07176,120000,4050000
2023-02-08 15:30:58.742000,1.0718,1.07175,120000,5850000
2023-02-08 15:30:59.283000,1.07178,1.07176,120000,4950000
2023-02-08 15:30:59.385000,1.07178,1.07173,120000,8370000
2023-02-08 15:30:59.488000,1.07177,1.07173,120000,7470000
2023-02-08 15:30:59.904000,1.07177,1.07172,1890000,4270000
2023-02-08 15:31:00.186000,1.07176,1.07171,990000,6070000
2023-02-08 15:31:00.951000,1.07173,1.07171,120000,450000
2023-02-08 15:31:01.054000,1.07171,1.07167,120000,6970000
2023-02-08 15:31:02.724000,1.07173,1.0717,120000,450000
2023-02-08 15:31:02.775000,1.07174,1.07172,5850000,450000
2023-02-08 15:31:02.878000,1.07175,1.0717,8550000,900000
2023-02-08 15:31:02.929000,1.07173,1.07169,990000,4770000
2023-02-08 15:31:03.082000,1.07173,1.07171,990000,450000
2023-02-08 15:31:03.185000,1.07174,1.07172,120000,4050000
2023-02-08 15:31:03.287000,1.07173,1.0717,540000,4500000
2023-02-08 15:31:03.389000,1.07173,1.07169,120000,450000
2023-02-08 15:31:03.492000,1.07172,1.07167,120000,8590000
2023-02-08 15:31:03.594000,1.07171,1.07167,120000,3600000
2023-02-08 15:31:03.747000,1.07172,1.07168,120000,450000
2023-02-08 15:31:03.951000,1.07172,1.07171,900000,900000
2023-02-08 15:31:04.053000,1.07175,1.0717,5850000,4950000
2023-02-08 15:31:04.417000,1.07173,1.07169,120000,5670000
2023-02-08 15:31:04.621000,1.07175,1.07171,990000,3600000
2023-02-08 15:31:04.723000,1.07175,1.0717,120000,4050000
2023-02-08 15:31:05.454000,1.07173,1.07169,120000,7920000
2023-02-08 15:31:05.556000,1.07172,1.07169,540000,3420000
2023-02-08 15:31:05.658000,1.07172,1.07167,1890000,4050000
2023-02-08 15:31:05.963000,1.07172,1.07168,1440000,450000
2023-02-08 15:31:06.294000,1.07171,1.07168,1440000,4050000
2023-02-08 15:31:06.462000,1.07171,1.07166,120000,9490000
2023-02-08 15:31:06.994000,1.07172,1.07167,2790000,4050000
2023-02-08 15:31:07.605000,1.0717,1.07168,120000,4050000
2023-02-08 15:31:08.063000,1.07171,1.07166,120000,5170000
2023-02-08 15:31:08.622000,1.0717,1.07166,6390000,450000
2023-02-08 15:31:10.678000,1.0717,1.07165,4500000,3370000
2023-02-08 15:31:10.790000,1.0717,1.07166,4500000,450000
2023-02-08 15:31:10.936000,1.07168,1.07166,120000,450000
2023-02-08 15:31:10.988000,1.07167,1.07165,4140000,4320000
2023-02-08 15:31:11.140000,1.07168,1.07162,11250000,5850000
2023-02-08 15:31:11.242000,1.07167,1.07162,120000,4950000
2023-02-08 15:31:11.464000,1.07168,1.07163,5040000,900000
2023-02-08 15:31:11.668000,1.07169,1.07165,900000,3150000
2023-02-08 15:31:11.771000,1.0717,1.07165,990000,5850000
2023-02-08 15:31:11.874000,1.07169,1.07164,4590000,1120000
2023-02-08 15:31:11.976000,1.07169,1.07165,4590000,900000
2023-02-08 15:31:12.422000,1.07167,1.07163,540000,6340000
2023-02-08 15:31:12.524000,1.07166,1.07163,900000,3420000
2023-02-08 15:31:12.626000,1.07166,1.07162,900000,4050000
2023-02-08 15:31:12.779000,1.07167,1.07162,2340000,4050000
2023-02-08 15:31:13.184000,1.07166,1.07162,900000,450000
2023-02-08 15:31:13.286000,1.07166,1.07163,2340000,4050000
2023-02-08 15:31:13.835000,1.07166,1.07162,120000,4050000
2023-02-08 15:31:13.937000,1.07166,1.07161,990000,6750000
2023-02-08 15:31:14.040000,1.07167,1.07165,900000,1800000
2023-02-08 15:31:14.091000,1.07169,1.07165,4860000,450000
2023-02-08 15:31:14.295000,1.0717,1.07165,4590000,1350000
2023-02-08 15:31:14.600000,1.07169,1.07165,3690000,1350000
2023-02-08 15:31:14.702000,1.0717,1.07165,4590000,3150000
2023-02-08 15:31:14.906000,1.0717,1.07166,990000,450000
2023-02-08 15:31:15.110000,1.0717,1.07165,990000,5850000
2023-02-08 15:31:15.213000,1.0717,1.07167,900000,900000
2023-02-08 15:31:15.316000,1.0717,1.07168,900000,6070000
2023-02-08 15:31:15.418000,1.07173,1.07169,9450000,1350000
2023-02-08 15:31:16.028000,1.07174,1.07171,900000,450000
2023-02-08 15:31:16.130000,1.07175,1.07171,5310000,450000
2023-02-08 15:31:16.233000,1.07175,1.0717,540000,6070000
2023-02-08 15:31:16.335000,1.07172,1.0717,120000,5850000
2023-02-08 15:31:16.438000,1.07174,1.07169,990000,4050000
2023-02-08 15:31:16.946000,1.07174,1.0717,900000,2020000
2023-02-08 15:31:17.048000,1.07174,1.07171,3690000,1120000
2023-02-08 15:31:17.252000,1.07174,1.07169,120000,10390000
2023-02-08 15:31:17.355000,1.07173,1.0717,120000,3600000
2023-02-08 15:31:17.457000,1.07173,1.07168,120000,6070000
2023-02-08 15:31:17.565000,1.07174,1.0717,4500000,1350000
2023-02-08 15:31:17.668000,1.07176,1.07171,120000,5400000
2023-02-08 15:31:17.772000,1.07176,1.07172,120000,900000
2023-02-08 15:31:18.055000,1.07176,1.07171,120000,6300000
2023-02-08 15:31:18.574000,1.07175,1.07171,120000,4500000
2023-02-08 15:31:18.676000,1.07176,1.07171,540000,4950000
2023-02-08 15:31:18.727000,1.07174,1.07171,120000,900000
2023-02-08 15:31:18.830000,1.07175,1.07171,5260000,900000
2023-02-08 15:31:20.159000,1.07174,1.07169,120000,10170000
2023-02-08 15:31:20.262000,1.07172,1.07169,120000,3420000
2023-02-08 15:31:20.364000,1.07172,1.07168,990000,450000
2023-02-08 15:31:20.767000,1.07172,1.07167,990000,6070000
2023-02-08 15:31:21.535000,1.07172,1.07171,900000,450000
2023-02-08 15:31:21.638000,1.07175,1.07171,3690000,450000
2023-02-08 15:31:22.448000,1.07174,1.07171,3690000,450000
2023-02-08 15:31:22.703000,1.07173,1.07169,5940000,3420000
2023-02-08 15:31:22.805000,1.07173,1.07168,990000,5400000
2023-02-08 15:31:24.402000,1.07173,1.07171,900000,4950000
2023-02-08 15:31:24.504000,1.07175,1.07171,4950000,450000
2023-02-08 15:31:24.607000,1.07176,1.07172,990000,450000
2023-02-08 15:31:25.172000,1.07178,1.07173,4590000,450000
2023-02-08 15:31:25.223000,1.07178,1.07176,900000,4050000
2023-02-08 15:31:25.275000,1.0718,1.07176,4950000,4050000
2023-02-08 15:31:25.377000,1.0718,1.07177,4860000,450000
2023-02-08 15:31:25.431000,1.07182,1.07177,5490000,1350000
2023-02-08 15:31:25.894000,1.07182,1.07176,6840000,4720000
2023-02-08 15:31:25.945000,1.07178,1.07177,990000,220000
2023-02-08 15:31:25.997000,1.07176,1.07174,450000,6790000
2023-02-08 15:31:26.102000,1.07176,1.07172,900000,670000
2023-02-08 15:31:26.204000,1.07177,1.07172,120000,4050000
2023-02-08 15:31:27.114000,1.07176,1.07171,120000,4720000
2023-02-08 15:31:27.319000,1.07176,1.07172,120000,450000
2023-02-08 15:31:27.421000,1.07177,1.07172,990000,4050000
2023-02-08 15:31:29.668000,1.07175,1.07171,120000,4050000
2023-02-08 15:31:29.770000,1.07176,1.07171,4810000,450000
2023-02-08 15:31:29.873000,1.07175,1.07171,120000,450000
2023-02-08 15:31:30.798000,1.07176,1.07171,1210000,4500000
2023-02-08 15:31:30.900000,1.07176,1.07172,120000,1350000
2023-02-08 15:31:31.382000,1.07172,1.0717,120000,4320000
2023-02-08 15:31:31.535000,1.07172,1.07167,540000,3600000
2023-02-08 15:31:32.623000,1.07173,1.07167,5940000,4270000
2023-02-08 15:31:32.675000,1.07174,1.07169,11020000,450000
2023-02-08 15:31:32.777000,1.07173,1.07169,120000,4500000
2023-02-08 15:31:32.931000,1.07172,1.07168,450000,4720000
2023-02-08 15:31:33.033000,1.07172,1.07167,540000,4270000
2023-02-08 15:31:33.135000,1.07171,1.07167,120000,4270000
2023-02-08 15:31:33.390000,1.07172,1.07167,760000,4050000
2023-02-08 15:31:33.877000,1.07171,1.07167,120000,3820000
2023-02-08 15:31:33.979000,1.07172,1.07167,540000,4270000
2023-02-08 15:31:34.334000,1.07171,1.07167,1890000,3600000
2023-02-08 15:31:34.862000,1.07172,1.07168,120000,450000
2023-02-08 15:31:34.964000,1.07174,1.0717,4950000,450000
2023-02-08 15:31:35.066000,1.07174,1.07169,4860000,6070000
2023-02-08 15:31:35.169000,1.07176,1.07172,900000,1570000
2023-02-08 15:31:36.016000,1.07176,1.07171,990000,5620000
2023-02-08 15:31:37.356000,1.07174,1.07172,120000,1800000
2023-02-08 15:31:37.547000,1.07176,1.07171,5490000,1800000
2023-02-08 15:31:38.219000,1.07177,1.07172,990000,4270000
2023-02-08 15:31:38.623000,1.07175,1.07173,120000,670000
2023-02-08 15:31:39.073000,1.07176,1.07173,990000,4050000
2023-02-08 15:31:39.773000,1.07175,1.07173,120000,5170000
2023-02-08 15:31:40.129000,1.07176,1.07171,4140000,2020000
2023-02-08 15:31:40.283000,1.07176,1.07172,120000,4270000
2023-02-08 15:31:40.486000,1.07176,1.07171,120000,5170000
2023-02-08 15:31:40.589000,1.07175,1.07171,120000,1570000
2023-02-08 15:31:40.691000,1.07175,1.0717,7510000,1350000
2023-02-08 15:31:40.794000,1.07174,1.0717,120000,900000
2023-02-08 15:31:41.131000,1.07175,1.0717,990000,4950000
2023-02-08 15:31:41.233000,1.07176,1.07171,5850000,4050000
2023-02-08 15:31:41.335000,1.07176,1.07172,4860000,4950000
2023-02-08 15:31:41.488000,1.07176,1.07171,120000,5170000
2023-02-08 15:31:41.641000,1.07175,1.07171,120000,4500000
2023-02-08 15:31:41.794000,1.07176,1.07171,120000,4950000
2023-02-08 15:31:41.905000,1.07174,1.0717,120000,220000
2023-02-08 15:31:42.160000,1.07173,1.07169,4140000,3420000
2023-02-08 15:31:42.262000,1.07173,1.07168,4140000,450000
2023-02-08 15:31:42.669000,1.07172,1.07168,120000,450000
2023-02-08 15:31:42.872000,1.07172,1.07167,120000,5170000
2023-02-08 15:31:43.026000,1.07171,1.07167,120000,3820000
2023-02-08 15:31:43.128000,1.07171,1.07168,120000,4050000
2023-02-08 15:31:43.687000,1.07171,1.07167,540000,3600000
2023-02-08 15:31:44.298000,1.07172,1.07167,120000,4050000
2023-02-08 15:31:44.400000,1.07172,1.07168,120000,450000
2023-02-08 15:31:44.502000,1.07173,1.07168,4590000,450000
2023-02-08 15:31:44.937000,1.07172,1.07168,120000,450000
2023-02-08 15:31:45.822000,1.07172,1.07167,120000,4270000
2023-02-08 15:31:46.243000,1.07172,1.07168,120000,450000
2023-02-08 15:31:46.396000,1.07172,1.07167,120000,5170000
2023-02-08 15:31:46.764000,1.07172,1.07168,120000,450000
2023-02-08 15:31:47.225000,1.0717,1.07168,120000,220000
2023-02-08 15:31:47.276000,1.0717,1.07165,120000,4270000
2023-02-08 15:31:47.379000,1.07167,1.07165,120000,9040000
2023-02-08 15:31:47.501000,1.07167,1.07164,120000,5220000
2023-02-08 15:31:47.605000,1.07167,1.07163,120000,450000
2023-02-08 15:31:47.955000,1.07167,1.07162,120000,5170000
2023-02-08 15:31:48.158000,1.07167,1.07163,120000,450000
2023-02-08 15:31:48.782000,1.07168,1.07163,3690000,670000
2023-02-08 15:31:48.935000,1.07168,1.07162,4140000,8770000
2023-02-08 15:31:49.038000,1.07167,1.07162,120000,5170000
2023-02-08 15:31:49.249000,1.07166,1.07162,540000,3600000
2023-02-08 15:31:49.352000,1.07167,1.07162,990000,5170000
2023-02-08 15:31:50.395000,1.07167,1.07163,120000,450000
2023-02-08 15:31:51.536000,1.07167,1.07162,120000,5170000
2023-02-08 15:31:52.956000,1.07167,1.07163,120000,670000
2023-02-08 15:31:53.059000,1.07167,1.07162,120000,5170000
2023-02-08 15:31:53.516000,1.07166,1.07162,540000,4270000
2023-02-08 15:31:53.618000,1.07166,1.07161,990000,4950000
2023-02-08 15:31:53.721000,1.07168,1.07163,9000000,130000
2023-02-08 15:31:54.280000,1.07167,1.07162,120000,4720000
2023-02-08 15:31:54.645000,1.07167,1.07163,120000,450000
2023-02-08 15:31:54.798000,1.07168,1.07164,4860000,5170000
2023-02-08 15:31:54.900000,1.07168,1.07166,4860000,450000
2023-02-08 15:31:54.951000,1.07167,1.07165,3690000,2020000
2023-02-08 15:31:55.054000,1.07167,1.07164,990000,7690000
2023-02-08 15:31:56.443000,1.07167,1.07162,1890000,4720000
2023-02-08 15:31:56.647000,1.07166,1.07164,900000,220000
2023-02-08 15:31:56.750000,1.07168,1.07163,4500000,670000
2023-02-08 15:31:56.903000,1.07168,1.07164,990000,450000
2023-02-08 15:31:57.005000,1.07167,1.07164,4590000,1570000
2023-02-08 15:31:57.057000,1.07168,1.07165,3600000,4050000
2023-02-08 15:31:57.159000,1.0717,1.07167,4860000,4050000
2023-02-08 15:31:57.261000,1.07172,1.07168,120000,3600000
2023-02-08 15:31:57.364000,1.07173,1.07169,990000,450000
2023-02-08 15:31:57.771000,1.07174,1.07169,990000,4050000
2023-02-08 15:31:57.873000,1.07174,1.0717,990000,450000
2023-02-08 15:31:58.077000,1.07175,1.0717,310000,4950000
2023-02-08 15:31:58.281000,1.07174,1.0717,540000,3600000
2023-02-08 15:31:58.383000,1.07174,1.07169,120000,4270000
2023-02-08 15:31:58.486000,1.07176,1.0717,10800000,4270000
2023-02-08 15:31:58.806000,1.07175,1.0717,120000,5170000
2023-02-08 15:31:58.908000,1.07172,1.0717,3690000,670000
2023-02-08 15:32:00.036000,1.07172,1.07168,540000,3820000
2023-02-08 15:32:00.138000,1.07171,1.07168,990000,220000
2023-02-08 15:32:00.241000,1.07171,1.07167,990000,450000
2023-02-08 15:32:00.343000,1.07171,1.07166,990000,4050000
2023-02-08 15:32:00.758000,1.0717,1.07166,120000,450000
2023-02-08 15:32:00.861000,1.0717,1.07165,120000,4050000
2023-02-08 15:32:00.998000,1.07168,1.07165,5040000,1570000
2023-02-08 15:32:01.100000,1.07168,1.07164,5040000,220000
2023-02-08 15:32:01.206000,1.07167,1.07163,120000,670000
2023-02-08 15:32:01.805000,1.07166,1.07163,900000,220000
2023-02-08 15:32:01.908000,1.07166,1.07162,900000,3820000
2023-02-08 15:32:02.010000,1.07167,1.07162,1440000,3820000
2023-02-08 15:32:02.273000,1.07165,1.07163,120000,4270000
2023-02-08 15:32:02.866000,1.07167,1.07162,1890000,4270000
2023-02-08 15:32:03.739000,1.07167,1.07164,4590000,670000
2023-02-08 15:32:04.405000,1.07167,1.07163,120000,220000
2023-02-08 15:32:04.507000,1.07166,1.07162,120000,5170000
2023-02-08 15:32:04.610000,1.07167,1.07162,990000,5170000
2023-02-08 15:32:05.473000,1.07167,1.07163,120000,220000
2023-02-08 15:32:05.880000,1.07163,1.0716,990000,7200000
2023-02-08 15:32:05.983000,1.07163,1.07161,1440000,220000
2023-02-08 15:32:06.085000,1.07163,1.07159,120000,2700000
2023-02-08 15:32:06.187000,1.07162,1.07158,4140000,220000
2023-02-08 15:32:06.289000,1.07163,1.07159,4590000,900000
2023-02-08 15:32:06.544000,1.07162,1.07159,990000,5170000
2023-02-08 15:32:06.646000,1.07162,1.07158,4140000,220000
2023-02-08 15:32:06.749000,1.07163,1.07159,900000,2470000
2023-02-08 15:32:06.851000,1.07165,1.0716,4950000,5620000
2023-02-08 15:32:07.004000,1.07165,1.07161,120000,450000
2023-02-08 15:32:07.470000,1.07166,1.07161,990000,4050000
2023-02-08 15:32:07.879000,1.07166,1.07162,990000,450000
2023-02-08 15:32:07.981000,1.07166,1.07163,990000,4270000
2023-02-08 15:32:08.185000,1.07167,1.07163,120000,220000
2023-02-08 15:32:08.339000,1.07168,1.07163,3690000,670000
2023-02-08 15:32:08.441000,1.07167,1.07163,120000,220000
2023-02-08 15:32:08.806000,1.07167,1.07162,1890000,3600000
2023-02-08 15:32:10.035000,1.07167,1.07161,1440000,6970000
2023-02-08 15:32:10.137000,1.07167,1.07162,990000,4050000
2023-02-08 15:32:10.239000,1.07167,1.07161,5940000,6070000
2023-02-08 15:32:10.342000,1.07167,1.07162,5490000,450000
2023-02-08 15:32:10.495000,1.07167,1.07161,6840000,5170000
2023-02-08 15:32:10.735000,1.07167,1.07162,6390000,450000
2023-02-08 15:32:10.844000,1.07167,1.07161,6390000,5170000
2023-02-08 15:32:11.476000,1.07167,1.07162,120000,4050000
2023-02-08 15:32:11.629000,1.07168,1.07162,5040000,4270000
2023-02-08 15:32:11.833000,1.07167,1.07162,120000,4050000
2023-02-08 15:32:12.171000,1.07166,1.07162,5040000,6070000
2023-02-08 15:32:12.274000,1.07167,1.07162,990000,4050000
2023-02-08 15:32:12.603000,1.07167,1.07161,5040000,6070000
2023-02-08 15:32:12.705000,1.07166,1.07161,540000,4950000
2023-02-08 15:32:12.757000,1.07164,1.0716,120000,4950000
2023-02-08 15:32:12.859000,1.07163,1.07159,120000,1570000
2023-02-08 15:32:12.961000,1.07164,1.0716,450000,3600000
2023-02-08 15:32:13.013000,1.07166,1.07161,3690000,1350000
2023-02-08 15:32:13.115000,1.07165,1.07161,120000,900000
2023-02-08 15:32:13.472000,1.07164,1.0716,4140000,450000
2023-02-08 15:32:13.574000,1.07163,1.0716,4050000,450000
2023-02-08 15:32:13.676000,1.07164,1.0716,990000,450000
2023-02-08 15:32:14.198000,1.07165,1.07161,4590000,900000
2023-02-08 15:32:14.301000,1.07163,1.07162,120000,450000
2023-02-08 15:32:14.352000,1.07164,1.07159,120000,5170000
2023-02-08 15:32:14.455000,1.07162,1.07159,5490000,1120000
2023-02-08 15:32:14.557000,1.07161,1.07159,120000,900000
2023-02-08 15:32:14.659000,1.07162,1.07157,5040000,220000
2023-02-08 15:32:14.761000,1.0716,1.07156,120000,4270000
2023-02-08 15:32:14.864000,1.0716,1.07157,900000,900000
2023-02-08 15:32:14.966000,1.07161,1.07157,540000,900000
2023-02-08 15:32:15.119000,1.07162,1.07157,990000,4950000
2023-02-08 15:32:15.892000,1.07163,1.07158,4590000,670000
2023-02-08 15:32:16.451000,1.07162,1.07156,5040000,6070000
2023-02-08 15:32:16.553000,1.0716,1.07157,120000,6070000
2023-02-08 15:32:16.808000,1.07156,1.07155,120000,220000
2023-02-08 15:32:16.962000,1.07151,1.07146,3690000,1930000
2023-02-08 15:32:17.013000,1.07152,1.0715,990000,4720000
2023-02-08 15:32:17.065000,1.0715,1.07147,4500000,220000
2023-02-08 15:32:17.167000,1.07149,1.07146,540000,3420000
2023-02-08 15:32:17.219000,1.07148,1.07144,120000,130000
2023-02-08 15:32:17.270000,1.07146,1.07143,120000,220000
2023-02-08 15:32:17.322000,1.07146,1.07141,120000,5760000
2023-02-08 15:32:17.373000,1.07147,1.07143,900000,4630000
2023-02-08 15:32:17.475000,1.07146,1.07141,1440000,8050000
2023-02-08 15:32:17.780000,1.07146,1.07142,990000,3600000
2023-02-08 15:32:17.882000,1.07146,1.07141,990000,4500000
2023-02-08 15:32:18.394000,1.07144,1.0714,540000,5400000
2023-02-08 15:32:18.497000,1.07142,1.07137,990000,9130000
2023-02-08 15:32:18.955000,1.0714,1.07137,990000,900000
2023-02-08 15:32:19.108000,1.0714,1.07139,2700000,450000
2023-02-08 15:32:19.160000,1.07142,1.07139,4860000,900000
2023-02-08 15:32:19.262000,1.07142,1.0714,4860000,1350000
2023-02-08 15:32:19.313000,1.07144,1.07141,120000,3600000
2023-02-08 15:32:19.416000,1.07143,1.0714,120000,900000
2023-02-08 15:32:19.467000,1.07145,1.0714,120000,4050000
2023-02-08 15:32:19.570000,1.07144,1.0714,120000,5400000
2023-02-08 15:32:19.672000,1.07144,1.07141,120000,900000
2023-02-08 15:32:19.774000,1.07144,1.07142,3600000,1350000
2023-02-08 15:32:19.877000,1.0715,1.07145,2790000,5400000
2023-02-08 15:32:19.979000,1.0715,1.07146,220000,4950000
2023-02-08 15:32:20.081000,1.07151,1.07146,120000,5170000
2023-02-08 15:32:20.183000,1.07152,1.07147,120000,3820000
2023-02-08 15:32:20.235000,1.07149,1.07145,120000,5440000
2023-02-08 15:32:20.337000,1.07151,1.07146,120000,5170000
2023-02-08 15:32:20.540000,1.07151,1.07147,120000,3600000
2023-02-08 15:32:20.643000,1.07152,1.07148,120000,4050000
2023-02-08 15:32:21.109000,1.07152,1.07147,540000,4500000
2023-02-08 15:32:21.668000,1.0715,1.07146,120000,5400000
2023-02-08 15:32:21.770000,1.07148,1.07144,120000,4500000
2023-02-08 15:32:22.360000,1.07147,1.07144,120000,900000
2023-02-08 15:32:23.503000,1.07148,1.07144,3690000,900000
2023-02-08 15:32:23.758000,1.0715,1.07146,4950000,4500000
2023-02-08 15:32:23.860000,1.0715,1.07147,4860000,4500000
2023-02-08 15:32:23.912000,1.07151,1.07148,120000,4500000
2023-02-08 15:32:24.748000,1.07151,1.07147,120000,4500000
2023-02-08 15:32:25.105000,1.07152,1.07147,3690000,1350000
2023-02-08 15:32:25.157000,1.07147,1.07145,1350000,2020000
2023-02-08 15:32:25.259000,1.07148,1.07144,3690000,4320000
2023-02-08 15:32:25.362000,1.0715,1.07147,3600000,3820000
2023-02-08 15:32:25.413000,1.07152,1.07147,120000,4270000
2023-02-08 15:32:25.516000,1.07153,1.07148,8550000,900000
2023-02-08 15:32:27.571000,1.07153,1.07149,120000,900000
2023-02-08 15:32:27.724000,1.07153,1.07151,4140000,900000
2023-02-08 15:32:28.092000,1.07154,1.07149,4140000,900000
2023-02-08 15:32:29.529000,1.07154,1.0715,4140000,900000
2023-02-08 15:32:30.465000,1.07155,1.07151,7200000,900000
2023-02-08 15:32:30.567000,1.07156,1.07152,9000000,900000
2023-02-08 15:32:30.670000,1.07157,1.07153,120000,4500000
2023-02-08 15:32:31.026000,1.07155,1.07151,1440000,900000
2023-02-08 15:32:31.128000,1.07156,1.07151,4140000,900000
2023-02-08 15:32:31.282000,1.07156,1.07152,540000,3600000
2023-02-08 15:32:31.384000,1.07156,1.07153,120000,900000
2023-02-08 15:32:31.486000,1.07157,1.07153,540000,900000
2023-02-08 15:32:32.186000,1.07158,1.07153,4140000,900000
2023-02-08 15:32:32.594000,1.07157,1.07152,120000,4950000
2023-02-08 15:32:32.696000,1.07156,1.07152,120000,4500000
2023-02-08 15:32:33.766000,1.07157,1.07153,120000,900000
2023-02-08 15:32:34.257000,1.07157,1.07154,120000,900000
2023-02-08 15:32:34.411000,1.07158,1.07155,4950000,6750000
2023-02-08 15:32:34.462000,1.07159,1.07156,4860000,450000
2023-02-08 15:32:34.619000,1.07161,1.07156,3690000,450000
2023-02-08 15:32:34.721000,1.0716,1.07156,4050000,900000
2023-02-08 15:32:34.823000,1.07161,1.07156,4140000,900000
2023-02-08 15:32:35.078000,1.07161,1.07158,120000,900000
2023-02-08 15:32:35.333000,1.07161,1.07157,120000,1350000
2023-02-08 15:32:35.740000,1.07162,1.07157,120000,5620000
2023-02-08 15:32:36.344000,1.07162,1.07158,3690000,450000
2023-02-08 15:32:36.627000,1.07163,1.07158,3690000,900000
2023-02-08 15:32:36.780000,1.07162,1.07158,540000,3600000
2023-02-08 15:32:36.882000,1.07162,1.07157,4140000,4540000
2023-02-08 15:32:38.144000,1.07162,1.07158,120000,3600000
2023-02-08 15:32:38.246000,1.07162,1.07157,120000,6970000
2023-02-08 15:32:38.399000,1.07162,1.07158,120000,900000
2023-02-08 15:32:38.892000,1.07163,1.07158,120000,5850000
2023-02-08 15:32:39.572000,1.07165,1.07161,5490000,450000
2023-02-08 15:32:39.675000,1.07167,1.07163,120000,900000
2023-02-08 15:32:39.777000,1.07168,1.07163,9000000,900000
2023-02-08 15:32:39.879000,1.07168,1.07164,4140000,900000
2023-02-08 15:32:40.033000,1.07169,1.07165,4950000,1350000
2023-02-08 15:32:40.135000,1.0717,1.07165,3690000,1350000
2023-02-08 15:32:40.237000,1.07171,1.07166,120000,4950000
2023-02-08 15:32:40.391000,1.0717,1.07166,120000,1350000
2023-02-08 15:32:41.882000,1.07171,1.07166,540000,4500000
2023-02-08 15:32:41.985000,1.0717,1.07168,540000,3600000
2023-02-08 15:32:42.087000,1.07171,1.07166,540000,4500000
2023-02-08 15:32:42.193000,1.07171,1.07167,540000,3600000
2023-02-08 15:32:42.429000,1.07172,1.07167,4950000,5850000
2023-02-08 15:32:42.532000,1.07173,1.07168,120000,4950000
2023-02-08 15:32:42.837000,1.07172,1.07167,450000,4720000
2023-02-08 15:32:44.455000,1.07168,1.07166,120000,900000
2023-02-08 15:32:44.558000,1.07167,1.07165,5040000,3420000
2023-02-08 15:32:44.660000,1.07168,1.07163,5040000,900000
2023-02-08 15:32:46.426000,1.07167,1.07163,450000,900000
2023-02-08 15:32:46.856000,1.07167,1.07162,450000,4500000
2023-02-08 15:32:47.313000,1.07168,1.07162,10800000,4950000
2023-02-08 15:32:47.516000,1.07167,1.07162,450000,4950000
2023-02-08 15:32:48.851000,1.07173,1.07169,5170000,5400000
2023-02-08 15:32:49.105000,1.07174,1.07169,3600000,2250000
2023-02-08 15:32:49.463000,1.07175,1.07169,10710000,8100000
2023-02-08 15:32:49.565000,1.07175,1.0717,4860000,5850000
2023-02-08 15:32:49.667000,1.07176,1.0717,4140000,6300000
2023-02-08 15:32:49.769000,1.07176,1.07171,120000,450000
2023-02-08 15:32:49.986000,1.07175,1.0717,1890000,4500000
2023-02-08 15:32:50.489000,1.07173,1.07168,540000,4970000
2023-02-08 15:32:50.592000,1.07173,1.07167,4140000,4950000
2023-02-08 15:32:50.948000,1.07171,1.07167,540000,3600000
2023-02-08 15:32:51.051000,1.07167,1.07166,450000,3420000
2023-02-08 15:32:51.154000,1.07168,1.07163,4050000,4500000
2023-02-08 15:32:51.256000,1.07168,1.07162,4050000,7870000
2023-02-08 15:32:52.433000,1.07168,1.07163,3600000,450000
2023-02-08 15:32:52.536000,1.07169,1.07164,8460000,1350000
2023-02-08 15:32:53.054000,1.0717,1.07164,6390000,5850000
2023-02-08 15:32:53.420000,1.07169,1.07164,3690000,4770000
2023-02-08 15:32:54.967000,1.0717,1.07164,2340000,4050000
2023-02-08 15:32:55.070000,1.07171,1.07167,4860000,450000
2023-02-08 15:32:55.173000,1.07173,1.07167,11700000,4500000
2023-02-08 15:32:55.275000,1.07172,1.07166,5040000,4270000
2023-02-08 15:32:55.378000,1.07172,1.07167,3600000,900000
2023-02-08 15:32:55.480000,1.07173,1.07168,8550000,1350000
2023-02-08 15:32:55.684000,1.07174,1.07168,540000,4950000
2023-02-08 15:32:56.040000,1.07173,1.07168,3600000,1350000
2023-02-08 15:32:56.957000,1.07174,1.07168,7650000,4050000
2023-02-08 15:32:57.060000,1.07173,1.07168,1440000,3600000
2023-02-08 15:32:57.314000,1.07173,1.07167,9900000,4950000
2023-02-08 15:32:58.369000,1.07173,1.07168,6300000,3600000
2023-02-08 15:32:59.027000,1.07174,1.07171,4860000,450000
2023-02-08 15:32:59.130000,1.07176,1.07174,4860000,5850000
2023-02-08 15:32:59.333000,1.07179,1.07173,10570000,5850000
2023-02-08 15:32:59.486000,1.07179,1.07177,5980000,450000
2023-02-08 15:32:59.643000,1.07182,1.07178,4720000,900000
2023-02-08 15:32:59.745000,1.07182,1.07177,900000,6520000
2023-02-08 15:32:59.847000,1.07182,1.07178,900000,450000
2023-02-08 15:33:00.203000,1.07182,1.07179,3690000,900000
2023-02-08 15:33:01.163000,1.07182,1.07178,540000,5850000
2023-02-08 15:33:01.266000,1.07182,1.07177,540000,4500000
2023-02-08 15:33:01.419000,1.07179,1.07175,1440000,4770000
2023-02-08 15:33:01.623000,1.07178,1.07173,450000,4050000
2023-02-08 15:33:01.957000,1.07178,1.07172,4500000,5620000
2023-02-08 15:33:02.059000,1.07178,1.07173,900000,3600000
2023-02-08 15:33:02.314000,1.07177,1.07172,4050000,670000
2023-02-08 15:33:02.416000,1.07177,1.07171,5400000,6520000
2023-02-08 15:33:02.518000,1.07176,1.07173,8460000,1570000
2023-02-08 15:33:02.671000,1.07178,1.07173,1350000,3600000
2023-02-08 15:33:02.825000,1.07179,1.07174,4860000,4950000
2023-02-08 15:33:02.927000,1.0718,1.07175,900000,4050000
2023-02-08 15:33:03.029000,1.07181,1.07175,10930000,4050000
2023-02-08 15:33:03.081000,1.07179,1.07174,450000,3820000
2023-02-08 15:33:03.183000,1.0718,1.07174,12060000,4270000
2023-02-08 15:33:03.643000,1.07179,1.07174,450000,3820000
2023-02-08 15:33:03.796000,1.07178,1.07174,120000,3820000
2023-02-08 15:33:03.898000,1.07178,1.07175,120000,3600000
2023-02-08 15:33:04,1.07179,1.07175,120000,3600000
2023-02-08 15:33:04.204000,1.07179,1.07176,540000,4270000
2023-02-08 15:33:04.307000,1.07181,1.07177,4950000,450000
2023-02-08 15:33:04.764000,1.07184,1.07181,5760000,450000
2023-02-08 15:33:04.866000,1.07185,1.07181,4860000,4050000
2023-02-08 15:33:04.969000,1.07185,1.07182,4860000,900000
2023-02-08 15:33:05.020000,1.07187,1.07182,120000,900000
2023-02-08 15:33:05.224000,1.07187,1.07183,120000,450000
2023-02-08 15:33:05.326000,1.07187,1.07182,120000,4950000
2023-02-08 15:33:05.428000,1.07188,1.07183,120000,4050000
2023-02-08 15:33:05.530000,1.07187,1.07183,120000,450000
2023-02-08 15:33:05.791000,1.07186,1.07183,120000,4950000
2023-02-08 15:33:06.235000,1.07186,1.07182,120000,4050000
2023-02-08 15:33:06.286000,1.07188,1.07182,5040000,4500000
2023-02-08 15:33:06.388000,1.07187,1.07182,120000,4950000
2023-02-08 15:33:07.422000,1.07187,1.07181,540000,6970000
2023-02-08 15:33:07.474000,1.07183,1.07181,990000,1570000
2023-02-08 15:33:07.525000,1.07183,1.07178,3600000,5440000
2023-02-08 15:33:07.627000,1.07182,1.07178,120000,4540000
2023-02-08 15:33:07.730000,1.07184,1.07179,4860000,4500000
2023-02-08 15:33:07.832000,1.07183,1.07179,540000,450000
2023-02-08 15:33:07.934000,1.07184,1.0718,120000,3600000
2023-02-08 15:33:08.408000,1.07184,1.07179,120000,4950000
2023-02-08 15:33:08.510000,1.07184,1.0718,120000,3600000
2023-02-08 15:33:08.962000,1.07184,1.07179,540000,3600000
2023-02-08 15:33:09.064000,1.07182,1.07179,120000,8590000
2023-02-08 15:33:09.965000,1.07182,1.07177,120000,11290000
2023-02-08 15:33:10.753000,1.07181,1.07177,120000,900000
2023-02-08 15:33:10.957000,1.0718,1.07176,1890000,3600000
2023-02-08 15:33:11.059000,1.07177,1.07176,120000,3420000
2023-02-08 15:33:11.111000,1.07177,1.07174,120000,5620000
2023-02-08 15:33:12.099000,1.07176,1.07172,120000,5260000
2023-02-08 15:33:12.304000,1.07177,1.07172,9000000,900000
2023-02-08 15:33:12.406000,1.07177,1.07173,120000,3600000
2023-02-08 15:33:13.057000,1.07176,1.07172,120000,900000
2023-02-08 15:33:13.159000,1.07176,1.07171,540000,7470000
2023-02-08 15:33:13.261000,1.07175,1.0717,3600000,2470000
2023-02-08 15:33:13.671000,1.07176,1.07171,5850000,3600000
2023-02-08 15:33:14.440000,1.07173,1.0717,120000,3420000
2023-02-08 15:33:14.542000,1.07172,1.0717,120000,3420000
2023-02-08 15:33:14.644000,1.07172,1.07168,120000,3600000
2023-02-08 15:33:15.587000,1.07171,1.07168,120000,3600000
2023-02-08 15:33:15.639000,1.07168,1.07166,120000,900000
2023-02-08 15:33:15.741000,1.07168,1.07164,540000,7920000
2023-02-08 15:33:15.844000,1.07167,1.07164,120000,4500000
2023-02-08 15:33:15.895000,1.07167,1.07162,120000,7420000
2023-02-08 15:33:16.639000,1.07166,1.07162,120000,1350000
2023-02-08 15:33:16.741000,1.07167,1.07162,1440000,4950000
2023-02-08 15:33:18.668000,1.07167,1.07164,120000,3600000
2023-02-08 15:33:18.770000,1.07167,1.07163,540000,450000
2023-02-08 15:33:18.923000,1.07168,1.07163,5040000,450000
2023-02-08 15:33:19.025000,1.07168,1.07162,5040000,5170000
2023-02-08 15:33:20.985000,1.07168,1.07163,1660000,3600000
2023-02-08 15:33:21.138000,1.07167,1.07163,120000,3600000
2023-02-08 15:33:21.240000,1.07164,1.07161,540000,3420000
2023-02-08 15:33:21.292000,1.07164,1.07159,540000,8550000
2023-02-08 15:33:22.095000,1.07163,1.07158,1440000,1120000
2023-02-08 15:33:22.924000,1.07163,1.07157,5040000,6070000
2023-02-08 15:33:23.033000,1.07162,1.07157,1350000,6070000
2023-02-08 15:33:24.214000,1.07163,1.07157,5040000,5170000
2023-02-08 15:33:24.579000,1.07163,1.07158,1440000,3600000
2023-02-08 15:33:24.833000,1.07163,1.07157,5040000,6070000
2023-02-08 15:33:24.935000,1.07163,1.07158,1440000,3600000
2023-02-08 15:33:25.088000,1.07163,1.07157,5040000,5170000
2023-02-08 15:33:25.190000,1.07162,1.07157,1350000,5170000
2023-02-08 15:33:25.986000,1.07162,1.07156,1440000,5170000
2023-02-08 15:33:26.088000,1.07161,1.07156,900000,4950000
2023-02-08 15:33:26.596000,1.07162,1.07157,760000,4050000
2023-02-08 15:33:26.749000,1.07163,1.07157,5260000,4050000
2023-02-08 15:33:28.243000,1.07162,1.07157,4050000,220000
2023-02-08 15:33:29.216000,1.07163,1.07158,3600000,1570000
2023-02-08 15:33:29.471000,1.07164,1.07158,5040000,5170000
2023-02-08 15:33:29.573000,1.07164,1.07159,1440000,3600000
2023-02-08 15:33:29.929000,1.07164,1.07161,120000,3600000
2023-02-08 15:33:30.032000,1.07164,1.07162,1800000,450000
2023-02-08 15:33:30.134000,1.07166,1.07162,540000,3600000
2023-02-08 15:33:30.236000,1.07165,1.07162,540000,4500000
2023-02-08 15:33:30.339000,1.07167,1.07162,8100000,3600000
2023-02-08 15:33:31.217000,1.07168,1.07162,4950000,4950000
2023-02-08 15:33:31.319000,1.07168,1.07164,4500000,900000
2023-02-08 15:33:31.422000,1.0717,1.07166,900000,4050000
2023-02-08 15:33:31.474000,1.07171,1.07168,6300000,3600000
2023-02-08 15:33:31.576000,1.07171,1.07167,6300000,4950000
2023-02-08 15:33:31.678000,1.07172,1.07167,990000,4050000
2023-02-08 15:33:31.983000,1.07172,1.07168,900000,3600000
2023-02-08 15:33:32.288000,1.07173,1.0717,5760000,4950000
2023-02-08 15:33:32.390000,1.07174,1.07168,9000000,6970000
2023-02-08 15:33:32.493000,1.07174,1.07169,450000,4500000
2023-02-08 15:33:32.595000,1.07175,1.07169,9900000,4050000
2023-02-08 15:33:33.574000,1.07174,1.07168,4140000,5530000
2023-02-08 15:33:33.828000,1.07174,1.07169,450000,3600000
2023-02-08 15:33:33.930000,1.07174,1.07168,4140000,5170000
2023-02-08 15:33:34.141000,1.07175,1.07169,5940000,4050000
2023-02-08 15:33:35.202000,1.07174,1.07169,450000,3600000
2023-02-08 15:33:35.558000,1.07174,1.07168,4050000,5170000
2023-02-08 15:33:35.662000,1.07174,1.07169,450000,3600000
2023-02-08 15:33:35.844000,1.07173,1.07169,4050000,5170000
2023-02-08 15:33:35.946000,1.07173,1.07168,1440000,3600000
2023-02-08 15:33:36.048000,1.07173,1.07167,5040000,4950000
2023-02-08 15:33:36.505000,1.07173,1.07168,1440000,3600000
2023-02-08 15:33:36.607000,1.07173,1.07167,5040000,4950000
2023-02-08 15:33:36.738000,1.07173,1.07168,1440000,3600000
2023-02-08 15:33:36.892000,1.07175,1.07169,9900000,4050000
2023-02-08 15:33:37.147000,1.07174,1.07168,5490000,4950000
2023-02-08 15:33:37.249000,1.07173,1.07167,4140000,5850000
2023-02-08 15:33:37.402000,1.07171,1.07168,450000,4500000
2023-02-08 15:33:37.658000,1.07172,1.07166,5490000,4050000
2023-02-08 15:33:37.760000,1.07172,1.07167,1440000,3600000
2023-02-08 15:33:37.862000,1.07172,1.07166,5040000,4050000
2023-02-08 15:33:37.964000,1.07172,1.07167,1440000,3600000
2023-02-08 15:33:38.168000,1.07173,1.07167,4050000,4050000
2023-02-08 15:33:38.270000,1.07174,1.07168,5040000,4050000
2023-02-08 15:33:38.474000,1.07175,1.07169,4050000,4950000
2023-02-08 15:33:38.576000,1.07176,1.0717,5040000,5850000
2023-02-08 15:33:38.729000,1.07175,1.0717,4140000,900000
2023-02-08 15:33:38.984000,1.07174,1.07169,450000,3600000
2023-02-08 15:33:39.086000,1.07175,1.07169,9900000,4050000
2023-02-08 15:33:39.239000,1.07175,1.07171,4860000,5850000
2023-02-08 15:33:39.342000,1.07177,1.07172,1440000,3600000
2023-02-08 15:33:39.444000,1.07177,1.07171,5040000,7470000
2023-02-08 15:33:39.546000,1.07177,1.07172,900000,4050000
2023-02-08 15:33:39.952000,1.07177,1.07173,900000,3600000
2023-02-08 15:33:40.222000,1.07176,1.07172,450000,3600000
2023-02-08 15:33:40.324000,1.07175,1.07171,4140000,3420000
2023-02-08 15:33:40.426000,1.07174,1.07169,3600000,450000
2023-02-08 15:33:41.076000,1.07173,1.07169,5040000,5620000
2023-02-08 15:33:41.178000,1.07173,1.07168,4500000,1350000
2023-02-08 15:33:41.280000,1.07173,1.07167,5490000,4050000
2023-02-08 15:33:41.382000,1.07172,1.07167,450000,3600000
2023-02-08 15:33:42.119000,1.07172,1.07166,4590000,5170000
2023-02-08 15:33:42.576000,1.07172,1.07167,1440000,3600000
2023-02-08 15:33:42.721000,1.07172,1.07166,5040000,5170000
2023-02-08 15:33:43.261000,1.07172,1.07167,1440000,3600000
2023-02-08 15:33:43.395000,1.07172,1.07166,5040000,4270000
2023-02-08 15:33:43.682000,1.07172,1.07167,1440000,3600000
2023-02-08 15:33:43.784000,1.07172,1.07166,5040000,4270000
2023-02-08 15:33:44.164000,1.07172,1.07167,1440000,3600000
2023-02-08 15:33:44.267000,1.07172,1.07166,5940000,4050000
2023-02-08 15:33:44.945000,1.07171,1.07166,120000,4050000
2023-02-08 15:33:45.048000,1.0717,1.07165,4950000,670000
2023-02-08 15:33:45.302000,1.07171,1.07165,6840000,4270000
2023-02-08 15:33:45.505000,1.0717,1.07165,3600000,670000
2023-02-08 15:33:45.608000,1.07171,1.07165,6840000,4270000
2023-02-08 15:33:45.913000,1.0717,1.07165,3600000,670000
2023-02-08 15:33:46.015000,1.07169,1.07165,900000,450000
2023-02-08 15:33:46.118000,1.07169,1.07167,900000,220000
2023-02-08 15:33:46.220000,1.0717,1.07167,5760000,4270000
2023-02-08 15:33:46.695000,1.07172,1.07166,5490000,4270000
2023-02-08 15:33:46.747000,1.0717,1.07166,3600000,450000
2023-02-08 15:33:46.849000,1.07171,1.07166,540000,4050000
2023-02-08 15:33:47.205000,1.0717,1.07166,120000,4050000
2023-02-08 15:33:47.668000,1.07168,1.07166,3600000,450000
2023-02-08 15:33:47.720000,1.07171,1.07166,1440000,3600000
2023-02-08 15:33:47.822000,1.0717,1.07165,120000,4050000
2023-02-08 15:33:48.488000,1.07169,1.07164,4140000,1570000
2023-02-08 15:33:48.946000,1.07167,1.07162,540000,11340000
2023-02-08 15:33:49.048000,1.07166,1.07162,120000,3820000
2023-02-08 15:33:50.007000,1.07167,1.07162,120000,4050000
2023-02-08 15:33:50.160000,1.07168,1.07162,5040000,6070000
2023-02-08 15:33:50.262000,1.07168,1.07164,120000,900000
2023-02-08 15:33:50.568000,1.07168,1.07162,4140000,8590000
2023-02-08 15:33:51.100000,1.07167,1.07162,990000,4270000
2023-02-08 15:33:51.152000,1.07165,1.07162,1350000,3600000
2023-02-08 15:33:51.254000,1.07164,1.07162,3690000,3870000
2023-02-08 15:33:51.356000,1.07165,1.0716,3690000,450000
2023-02-08 15:33:51.738000,1.07162,1.07159,120000,3600000
2023-02-08 15:33:51.841000,1.07162,1.07158,120000,3420000
2023-02-08 15:33:51.944000,1.07162,1.07157,120000,5850000
2023-02-08 15:33:53.315000,1.07162,1.07158,120000,4950000
2023-02-08 15:33:53.417000,1.07163,1.07159,120000,4050000
2023-02-08 15:33:53.519000,1.07166,1.07162,5760000,4050000
2023-02-08 15:33:53.724000,1.07166,1.07161,120000,4050000
2023-02-08 15:33:53.826000,1.07167,1.07162,990000,4950000
2023-02-08 15:33:53.928000,1.07168,1.07162,5040000,4950000
2023-02-08 15:33:54.233000,1.07167,1.07162,120000,4950000
2023-02-08 15:33:55.124000,1.07168,1.07162,5040000,4950000
2023-02-08 15:33:55.226000,1.07167,1.07162,120000,4950000
2023-02-08 15:33:56.176000,1.07168,1.07162,5940000,4950000
2023-02-08 15:33:56.915000,1.07167,1.07164,540000,3600000
2023-02-08 15:33:57.779000,1.07168,1.07162,4140000,5850000
2023-02-08 15:33:57.881000,1.07167,1.07163,120000,450000
2023-02-08 15:33:58.236000,1.07167,1.07162,990000,4950000
2023-02-08 15:33:58.338000,1.07167,1.07163,990000,450000
2023-02-08 15:33:58.554000,1.07166,1.07162,900000,4950000
2023-02-08 15:33:58.656000,1.07167,1.07162,990000,4950000
2023-02-08 15:34:01.439000,1.07169,1.07166,900000,4500000
2023-02-08 15:34:01.541000,1.07171,1.07166,120000,4950000
2023-02-08 15:34:01.644000,1.07172,1.07167,540000,3600000
2023-02-08 15:34:01.906000,1.07173,1.07168,120000,4050000
2023-02-08 15:34:02.110000,1.07175,1.0717,1120000,4950000
2023-02-08 15:34:02.212000,1.07176,1.0717,760000,4950000
2023-02-08 15:34:02.314000,1.07176,1.07171,1210000,4050000
2023-02-08 15:34:02.417000,1.07177,1.07172,990000,4050000
2023-02-08 15:34:02.620000,1.07178,1.07172,5040000,4050000
2023-02-08 15:34:02.875000,1.07178,1.07173,1440000,3600000
2023-02-08 15:34:03.356000,1.07178,1.07172,5040000,5400000
2023-02-08 15:34:03.470000,1.07177,1.07174,4590000,450000
2023-02-08 15:34:03.827000,1.07178,1.07172,5040000,4950000
2023-02-08 15:34:04.064000,1.07178,1.07173,1440000,3600000
2023-02-08 15:34:04.167000,1.07179,1.07176,220000,450000
2023-02-08 15:34:04.218000,1.0718,1.07177,4810000,4050000
2023-02-08 15:34:04.321000,1.0718,1.07175,120000,4050000
2023-02-08 15:34:04.423000,1.07179,1.07175,120000,4050000
2023-02-08 15:34:04.475000,1.07178,1.07173,760000,7020000
2023-02-08 15:34:04.577000,1.07179,1.07174,2110000,3600000
2023-02-08 15:34:04.730000,1.07178,1.07173,450000,4500000
2023-02-08 15:34:05.042000,1.07178,1.07175,1890000,3600000
2023-02-08 15:34:05.296000,1.0718,1.07175,310000,4050000
2023-02-08 15:34:05.449000,1.07181,1.07176,3910000,450000
2023-02-08 15:34:05.903000,1.07179,1.07177,120000,450000
2023-02-08 15:34:06.005000,1.0718,1.07175,120000,4050000
2023-02-08 15:34:06.057000,1.07179,1.07173,4140000,4950000
2023-02-08 15:34:06.159000,1.07179,1.07174,900000,4050000
2023-02-08 15:34:06.928000,1.07179,1.07175,900000,450000
2023-02-08 15:34:07.081000,1.07178,1.07174,5040000,4950000
2023-02-08 15:34:07.183000,1.07178,1.07173,990000,3600000
2023-02-08 15:34:08.039000,1.07178,1.07172,4140000,6750000
2023-02-08 15:34:08.318000,1.07178,1.07173,540000,3600000
2023-02-08 15:34:10.176000,1.07179,1.07174,1660000,3600000
2023-02-08 15:34:10.753000,1.07178,1.07173,990000,3600000
2023-02-08 15:34:10.906000,1.07178,1.07172,4590000,6750000
2023-02-08 15:34:11.496000,1.07177,1.07172,450000,6750000
2023-02-08 15:34:11.641000,1.07177,1.07173,450000,3600000
2023-02-08 15:34:12.253000,1.07177,1.07172,4050000,900000
2023-02-08 15:34:12.406000,1.07177,1.07173,450000,3600000
2023-02-08 15:34:12.457000,1.07173,1.0717,120000,3600000
2023-02-08 15:34:12.560000,1.07172,1.07168,120000,900000
2023-02-08 15:34:12.662000,1.07172,1.07167,120000,7920000
2023-02-08 15:34:13.218000,1.07172,1.07168,120000,3600000
2023-02-08 15:34:13.746000,1.07172,1.07167,120000,4500000
2023-02-08 15:34:14.282000,1.07172,1.07168,120000,3600000
2023-02-08 15:34:14.384000,1.07172,1.07167,120000,4500000
2023-02-08 15:34:16.048000,1.07172,1.07168,120000,3600000
2023-02-08 15:34:17.237000,1.07172,1.07167,120000,4500000
2023-02-08 15:34:18.093000,1.07171,1.07167,990000,3600000
2023-02-08 15:34:18.145000,1.0717,1.07165,120000,4500000
2023-02-08 15:34:18.247000,1.07169,1.07165,120000,900000
2023-02-08 15:34:18.502000,1.07168,1.07163,540000,4500000
2023-02-08 15:34:18.604000,1.07167,1.07162,120000,4500000
2023-02-08 15:34:18.707000,1.07168,1.07163,4140000,900000
2023-02-08 15:34:18.809000,1.07168,1.07162,4590000,5850000
2023-02-08 15:34:19.199000,1.07167,1.07162,120000,4500000
2023-02-08 15:34:21.128000,1.07168,1.07162,5490000,4950000
2023-02-08 15:34:21.435000,1.07167,1.07162,120000,4500000
2023-02-08 15:34:21.990000,1.07168,1.07163,1440000,3600000
2023-02-08 15:34:22.092000,1.07168,1.07162,1890000,5400000
2023-02-08 15:34:22.195000,1.07168,1.07163,990000,5400000
2023-02-08 15:34:22.297000,1.07169,1.07164,120000,4050000
2023-02-08 15:34:22.833000,1.07168,1.07163,990000,4500000
2023-02-08 15:34:22.884000,1.07168,1.07165,900000,1350000
2023-02-08 15:34:22.936000,1.07171,1.07167,120000,3600000
2023-02-08 15:34:23.038000,1.07172,1.07167,5170000,3600000
2023-02-08 15:34:23.510000,1.07171,1.07167,540000,3600000
2023-02-08 15:34:23.613000,1.0717,1.07166,120000,3600000
2023-02-08 15:34:23.766000,1.0717,1.07165,120000,4050000
2023-02-08 15:34:24.179000,1.0717,1.07166,120000,3600000
2023-02-08 15:34:24.585000,1.07171,1.07166,990000,4050000
2023-02-08 15:34:24.816000,1.07171,1.07165,990000,5850000
2023-02-08 15:34:24.918000,1.07171,1.07166,990000,3600000
2023-02-08 15:34:26.001000,1.07172,1.07166,3910000,4950000
2023-02-08 15:34:26.103000,1.07172,1.07167,120000,4500000
2023-02-08 15:34:26.409000,1.07173,1.07167,5040000,3600000
2023-02-08 15:34:28.057000,1.07172,1.07167,120000,4050000
2023-02-08 15:34:28.853000,1.07172,1.07166,3690000,4050000
2023-02-08 15:34:29.633000,1.07172,1.07167,120000,3600000
2023-02-08 15:34:29.848000,1.07171,1.07166,120000,3600000
2023-02-08 15:34:29.950000,1.07171,1.07167,120000,3600000
2023-02-08 15:34:30.074000,1.0717,1.07167,120000,3600000
2023-02-08 15:34:30.177000,1.0717,1.07166,120000,3600000
2023-02-08 15:34:30.610000,1.0717,1.07165,120000,4050000
2023-02-08 15:34:30.713000,1.0717,1.07166,120000,3600000
2023-02-08 15:34:30.865000,1.0717,1.07165,990000,4050000
2023-02-08 15:34:30.917000,1.07168,1.07164,5040000,900000
2023-02-08 15:34:31.019000,1.07167,1.07162,4140000,3420000
2023-02-08 15:34:31.121000,1.07166,1.07162,4140000,4500000
2023-02-08 15:34:31.223000,1.07167,1.07162,540000,3600000
2023-02-08 15:34:31.427000,1.07166,1.07162,450000,3600000
2023-02-08 15:34:32.436000,1.07167,1.07162,1440000,3600000
2023-02-08 15:34:32.753000,1.07168,1.07162,5260000,4050000
2023-02-08 15:34:32.856000,1.07167,1.07162,540000,3600000
2023-02-08 15:34:33.429000,1.07168,1.07164,5400000,450000
2023-02-08 15:34:33.531000,1.07169,1.07163,9000000,5850000
2023-02-08 15:34:33.634000,1.07168,1.07162,5710000,4050000
2023-02-08 15:34:33.786000,1.07167,1.07162,120000,4050000
2023-02-08 15:34:34.307000,1.07168,1.07162,5260000,4050000
2023-02-08 15:34:34.614000,1.0717,1.07166,1120000,4050000
2023-02-08 15:34:34.665000,1.07172,1.07166,9090000,5850000
2023-02-08 15:34:34.767000,1.07171,1.07168,4590000,4050000
2023-02-08 15:34:35.306000,1.07173,1.07167,4360000,4050000
2023-02-08 15:34:36.321000,1.07173,1.07168,3690000,450000
2023-02-08 15:34:36.826000,1.07172,1.07168,4140000,5400000
2023-02-08 15:34:37.540000,1.07173,1.07168,3690000,450000
2023-02-08 15:34:37.592000,1.07175,1.0717,4720000,450000
2023-02-08 15:34:37.695000,1.07176,1.07172,310000,900000
2023-02-08 15:34:37.801000,1.07175,1.07172,220000,6750000
2023-02-08 15:34:38.048000,1.07178,1.07173,1800000,5400000
2023-02-08 15:34:38.150000,1.07178,1.07174,540000,900000
2023-02-08 15:34:38.202000,1.07178,1.07172,4360000,4950000
2023-02-08 15:34:38.304000,1.07177,1.07172,3600000,1350000
2023-02-08 15:34:38.406000,1.07177,1.07173,4360000,4950000
2023-02-08 15:34:39.162000,1.07176,1.07173,3600000,1350000
2023-02-08 15:34:40.942000,1.07176,1.07171,120000,4950000
2023-02-08 15:34:41.045000,1.07174,1.0717,990000,1350000
2023-02-08 15:34:41.147000,1.07173,1.07168,4140000,4320000
2023-02-08 15:34:41.351000,1.07173,1.07167,4250000,4950000
2023-02-08 15:34:41.662000,1.07171,1.07168,120000,4950000
2023-02-08 15:34:41.815000,1.07172,1.07166,4140000,4950000
2023-02-08 15:34:41.968000,1.07172,1.07167,120000,4050000
2023-02-08 15:34:43.486000,1.07171,1.07167,900000,4050000
2023-02-08 15:34:43.792000,1.07171,1.0717,900000,1350000
2023-02-08 15:34:43.844000,1.07175,1.07171,900000,3600000
2023-02-08 15:34:43.997000,1.07174,1.07173,900000,900000
2023-02-08 15:34:44.252000,1.07175,1.07171,900000,1350000
2023-02-08 15:34:44.834000,1.07175,1.07172,900000,5850000
2023-02-08 15:34:44.987000,1.07177,1.07171,4140000,4950000
2023-02-08 15:34:45.140000,1.07177,1.07173,3600000,900000
2023-02-08 15:34:45.242000,1.0718,1.07175,1890000,4950000
2023-02-08 15:34:45.345000,1.07178,1.07174,540000,900000
2023-02-08 15:34:46.361000,1.0718,1.07175,2020000,1800000
2023-02-08 15:34:46.413000,1.0718,1.07177,1800000,450000
2023-02-08 15:34:46.464000,1.07182,1.07177,3690000,450000
2023-02-08 15:34:46.820000,1.07181,1.07176,3600000,1350000
2023-02-08 15:34:46.922000,1.07182,1.07177,990000,4050000
2023-02-08 15:34:48.154000,1.07181,1.07176,310000,4050000
2023-02-08 15:34:48.257000,1.07181,1.07177,310000,450000
2023-02-08 15:34:48.585000,1.07179,1.07177,540000,3600000
2023-02-08 15:34:48.688000,1.0718,1.07175,3690000,450000
2023-02-08 15:34:49.057000,1.07179,1.07174,4140000,900000
2023-02-08 15:34:49.159000,1.07178,1.07174,120000,900000
2023-02-08 15:34:49.414000,1.07179,1.07174,3910000,1350000
2023-02-08 15:34:50.086000,1.07178,1.07174,120000,900000
2023-02-08 15:34:50.803000,1.07179,1.07174,4810000,900000
2023-02-08 15:34:50.854000,1.07181,1.07176,120000,4950000
2023-02-08 15:34:50.957000,1.07182,1.07177,3690000,1350000
2023-02-08 15:34:51.060000,1.07179,1.07175,4590000,2700000
2023-02-08 15:34:51.162000,1.07178,1.07173,120000,5850000
2023-02-08 15:34:53.337000,1.07178,1.07172,4590000,4950000
2023-02-08 15:34:53.439000,1.07178,1.07173,540000,3600000
2023-02-08 15:34:53.745000,1.07178,1.07172,4140000,4950000
2023-02-08 15:34:55.921000,1.07177,1.07172,3600000,1350000
2023-02-08 15:34:56.023000,1.07178,1.07172,4590000,4950000
2023-02-08 15:34:56.125000,1.07177,1.07172,900000,4950000
2023-02-08 15:34:56.772000,1.07178,1.07172,4590000,4950000
2023-02-08 15:34:57.873000,1.07177,1.07172,450000,4950000
2023-02-08 15:34:58.137000,1.07178,1.07172,4140000,4950000
2023-02-08 15:34:58.494000,1.07178,1.07173,540000,3600000
2023-02-08 15:34:58.596000,1.07177,1.07173,450000,3600000
2023-02-08 15:34:58.950000,1.07178,1.07173,540000,3600000
2023-02-08 15:34:59.336000,1.07177,1.07172,900000,3600000
2023-02-08 15:35:00.168000,1.07178,1.07172,760000,4050000
2023-02-08 15:35:00.305000,1.07177,1.07172,3600000,450000
2023-02-08 15:35:00.415000,1.07178,1.07172,760000,4050000
2023-02-08 15:35:00.518000,1.07177,1.07172,3600000,450000
2023-02-08 15:35:00.772000,1.07177,1.07171,4590000,4950000
2023-02-08 15:35:00.824000,1.07175,1.07171,540000,3600000
2023-02-08 15:35:00.926000,1.07173,1.07169,5490000,3420000
2023-02-08 15:35:00.978000,1.07171,1.07168,3600000,450000
2023-02-08 15:35:01.080000,1.07173,1.07167,1890000,450000
2023-02-08 15:35:01.182000,1.07172,1.07167,3600000,450000
2023-02-08 15:35:01.233000,1.07169,1.07166,450000,3600000
2023-02-08 15:35:01.285000,1.07168,1.07164,900000,8140000
2023-02-08 15:35:01.387000,1.07168,1.07163,3600000,1350000
2023-02-08 15:35:01.439000,1.07169,1.07168,1800000,450000
2023-02-08 15:35:01.491000,1.07171,1.07169,4860000,2250000
2023-02-08 15:35:01.594000,1.07172,1.07169,900000,900000
2023-02-08 15:35:01.696000,1.07172,1.07168,900000,4950000
2023-02-08 15:35:01.798000,1.07172,1.07169,900000,450000
2023-02-08 15:35:01.939000,1.07171,1.07169,900000,450000
2023-02-08 15:35:01.990000,1.07174,1.0717,220000,1800000
2023-02-08 15:35:02.093000,1.07173,1.07169,900000,5170000
2023-02-08 15:35:02.195000,1.07173,1.0717,900000,900000
2023-02-08 15:35:02.297000,1.07173,1.0717,10210000,3600000
2023-02-08 15:35:02.349000,1.07172,1.07167,900000,4950000
2023-02-08 15:35:02.843000,1.07171,1.07167,900000,4950000
2023-02-08 15:35:02.945000,1.07172,1.07167,900000,4950000
2023-02-08 15:35:03.047000,1.07173,1.07167,5940000,4950000
2023-02-08 15:35:04.418000,1.07172,1.07169,450000,3600000
2023-02-08 15:35:04.571000,1.07172,1.07168,4050000,4950000
2023-02-08 15:35:06.453000,1.07173,1.07168,450000,3600000
2023-02-08 15:35:06.606000,1.07173,1.07167,4050000,4500000
2023-02-08 15:35:06.657000,1.07175,1.0717,4500000,450000
2023-02-08 15:35:06.760000,1.07176,1.0717,9130000,5400000
2023-02-08 15:35:06.969000,1.07176,1.07171,670000,3600000
2023-02-08 15:35:07.173000,1.07177,1.07171,4720000,4050000
2023-02-08 15:35:08.477000,1.07177,1.07172,450000,4500000
2023-02-08 15:35:08.838000,1.07176,1.07172,450000,3600000
2023-02-08 15:35:08.940000,1.07176,1.07171,4050000,450000
2023-02-08 15:35:09.387000,1.07178,1.07172,5260000,4050000
2023-02-08 15:35:09.489000,1.07178,1.07173,4950000,450000
2023-02-08 15:35:09.912000,1.07177,1.07175,4500000,1350000
2023-02-08 15:35:10.015000,1.07179,1.07174,1210000,4500000
2023-02-08 15:35:10.117000,1.07178,1.07174,4500000,900000
2023-02-08 15:35:10.168000,1.07178,1.07172,4500000,4050000
2023-02-08 15:35:10.321000,1.07178,1.07173,900000,3600000
2023-02-08 15:35:10.423000,1.07177,1.07172,3600000,450000
2023-02-08 15:35:10.526000,1.07178,1.07172,4810000,4050000
2023-02-08 15:35:10.780000,1.07177,1.07172,1350000,3600000
2023-02-08 15:35:10.882000,1.07176,1.07171,3600000,450000
2023-02-08 15:35:10.984000,1.07176,1.0717,4140000,4050000
2023-02-08 15:35:11.036000,1.07174,1.07169,4140000,900000
2023-02-08 15:35:11.138000,1.07173,1.07168,3600000,450000
2023-02-08 15:35:11.240000,1.07173,1.07167,4500000,8370000
2023-02-08 15:35:11.342000,1.07173,1.07169,900000,4050000
2023-02-08 15:35:11.444000,1.07174,1.07169,540000,3600000
2023-02-08 15:35:11.807000,1.07172,1.07169,1350000,3600000
2023-02-08 15:35:11.909000,1.07173,1.07167,4950000,4950000
2023-02-08 15:35:12.318000,1.07172,1.07167,450000,4950000
2023-02-08 15:35:12.470000,1.07172,1.07168,450000,3600000
2023-02-08 15:35:12.573000,1.07172,1.07167,450000,4950000
2023-02-08 15:35:12.776000,1.07172,1.07168,450000,3600000
2023-02-08 15:35:12.880000,1.07173,1.07168,1440000,3600000
2023-02-08 15:35:13.084000,1.07173,1.07167,5040000,4950000
2023-02-08 15:35:13.408000,1.07174,1.0717,220000,1350000
2023-02-08 15:35:13.511000,1.07175,1.07172,8460000,450000
2023-02-08 15:35:13.613000,1.07177,1.07172,4500000,450000
2023-02-08 15:35:14.221000,1.07176,1.07171,900000,4950000
2023-02-08 15:35:14.731000,1.07177,1.07172,5400000,450000
2023-02-08 15:35:16.004000,1.07177,1.07171,4050000,4050000
2023-02-08 15:35:16.446000,1.07174,1.0717,450000,4950000
2023-02-08 15:35:16.549000,1.07174,1.07169,1350000,3600000
2023-02-08 15:35:17.246000,1.07172,1.07169,450000,3600000
2023-02-08 15:35:17.348000,1.07173,1.07167,4140000,7470000
2023-02-08 15:35:17.770000,1.07174,1.0717,900000,450000
2023-02-08 15:35:17.822000,1.07174,1.07168,5040000,4050000
2023-02-08 15:35:17.924000,1.07173,1.07167,4050000,5170000
2023-02-08 15:35:18.026000,1.07173,1.07168,450000,3600000
2023-02-08 15:35:18.520000,1.07173,1.07167,4500000,5170000
2023-02-08 15:35:19.389000,1.07172,1.07167,450000,450000
2023-02-08 15:35:19.746000,1.07172,1.07168,450000,3600000
2023-02-08 15:35:20.669000,1.07172,1.07167,450000,4050000
2023-02-08 15:35:22.495000,1.07171,1.07166,900000,4270000
2023-02-08 15:35:23.110000,1.07171,1.07167,900000,450000
2023-02-08 15:35:24.363000,1.07173,1.07167,5490000,450000
2023-02-08 15:35:24.840000,1.07172,1.07167,450000,4050000
2023-02-08 15:35:25.287000,1.07173,1.07167,5040000,4050000
2023-02-08 15:35:25.389000,1.07175,1.07171,3600000,4050000
2023-02-08 15:35:25.491000,1.07175,1.07173,900000,450000
2023-02-08 15:35:26.018000,1.07176,1.07173,900000,3600000
2023-02-08 15:35:26.166000,1.07176,1.07172,900000,4050000
2023-02-08 15:35:26.917000,1.07176,1.07173,900000,3600000
2023-02-08 15:35:27.020000,1.07176,1.07172,900000,4950000
2023-02-08 15:35:27.274000,1.07175,1.07174,900000,3600000
2023-02-08 15:35:27.477000,1.07178,1.07173,1350000,3600000
2023-02-08 15:35:27.579000,1.07178,1.07172,4950000,4950000
2023-02-08 15:35:27.782000,1.07177,1.07172,3600000,900000
2023-02-08 15:35:29.663000,1.07178,1.07172,5040000,4500000
2023-02-08 15:35:29.816000,1.07177,1.07172,3600000,900000
2023-02-08 15:35:30.183000,1.07178,1.07172,5040000,4500000
2023-02-08 15:35:30.285000,1.07177,1.07172,3600000,900000
2023-02-08 15:35:31.153000,1.07177,1.07171,4950000,5400000
2023-02-08 15:35:32.116000,1.07176,1.07171,900000,4500000
2023-02-08 15:35:33.020000,1.07176,1.07172,900000,450000
2023-02-08 15:35:33.404000,1.07176,1.07171,900000,4950000
2023-02-08 15:35:34.383000,1.07175,1.0717,3600000,1350000
2023-02-08 15:35:34.485000,1.07174,1.07169,5040000,5220000
2023-02-08 15:35:34.588000,1.07173,1.07169,900000,900000
2023-02-08 15:35:34.930000,1.07173,1.07167,5620000,5850000
2023-02-08 15:35:35.032000,1.07172,1.07168,900000,4500000
2023-02-08 15:35:35.339000,1.07173,1.07168,2470000,4950000
2023-02-08 15:35:36.234000,1.07173,1.07167,5400000,4270000
2023-02-08 15:35:36.547000,1.07173,1.07168,4500000,450000
2023-02-08 15:35:36.700000,1.07173,1.07167,4950000,6070000
2023-02-08 15:35:38.554000,1.07172,1.07167,450000,4950000
2023-02-08 15:35:40.137000,1.07166,1.07164,990000,8820000
2023-02-08 15:35:40.341000,1.07166,1.07163,900000,900000
2023-02-08 15:35:40.444000,1.07166,1.07162,900000,4050000
2023-02-08 15:35:40.546000,1.07166,1.07161,900000,4950000
2023-02-08 15:35:41.596000,1.07165,1.0716,5850000,1800000
2023-02-08 15:35:41.698000,1.07162,1.07161,900000,450000
2023-02-08 15:35:42.282000,1.07163,1.07159,900000,1350000
2023-02-08 15:35:42.931000,1.07164,1.07159,4950000,1350000
2023-02-08 15:35:43.346000,1.07165,1.0716,4050000,4050000
2023-02-08 15:35:43.448000,1.07165,1.07161,1350000,4050000
2023-02-08 15:35:43.715000,1.07164,1.07161,900000,450000
2023-02-08 15:35:44.321000,1.07164,1.0716,900000,4050000
2023-02-08 15:35:44.423000,1.07164,1.07159,1800000,5850000
2023-02-08 15:35:45.525000,1.07164,1.0716,900000,4050000
2023-02-08 15:35:45.678000,1.07165,1.0716,900000,4050000
2023-02-08 15:35:45.897000,1.07166,1.0716,6390000,4050000
2023-02-08 15:35:46.050000,1.07166,1.07161,4590000,450000
2023-02-08 15:35:50.126000,1.07166,1.07162,900000,4050000
2023-02-08 15:35:52.360000,1.07167,1.07162,4500000,450000
2023-02-08 15:35:53.081000,1.07168,1.07164,3600000,1350000
2023-02-08 15:35:53.184000,1.07168,1.07162,4050000,9490000
2023-02-08 15:35:54.407000,1.07168,1.07164,3600000,1350000
2023-02-08 15:35:54.510000,1.07171,1.07165,10350000,5850000
2023-02-08 15:35:55.008000,1.07171,1.07166,1800000,3600000
2023-02-08 15:35:55.161000,1.07168,1.07165,450000,450000
2023-02-08 15:35:55.264000,1.07168,1.07164,4500000,3420000
2023-02-08 15:35:55.366000,1.07168,1.07162,4950000,5850000
2023-02-08 15:35:56.026000,1.07168,1.07164,4500000,1800000
2023-02-08 15:35:56.128000,1.0717,1.07166,1120000,3600000
2023-02-08 15:35:56.332000,1.07171,1.07167,1120000,450000
2023-02-08 15:35:56.434000,1.07173,1.07168,4950000,900000
2023-02-08 15:35:56.486000,1.07171,1.07168,900000,900000
2023-02-08 15:35:56.588000,1.07171,1.07167,900000,900000
2023-02-08 15:35:56.893000,1.07172,1.07167,1120000,4950000
2023-02-08 15:35:57.249000,1.07172,1.07168,900000,900000
2023-02-08 15:35:57.352000,1.07174,1.07169,900000,5850000
2023-02-08 15:35:57.454000,1.07175,1.07169,5260000,4950000
2023-02-08 15:35:57.759000,1.07174,1.07171,3820000,1350000
2023-02-08 15:35:57.913000,1.07174,1.0717,450000,450000
2023-02-08 15:35:58.015000,1.07175,1.07171,4500000,1350000
2023-02-08 15:35:58.118000,1.07178,1.07172,6700000,4950000
2023-02-08 15:35:58.220000,1.07177,1.07172,3600000,450000
2023-02-08 15:35:59.204000,1.07177,1.07171,4590000,5850000
2023-02-08 15:35:59.256000,1.07175,1.0717,5040000,1350000
2023-02-08 15:35:59.358000,1.07174,1.07169,540000,3600000
2023-02-08 15:35:59.511000,1.07174,1.07168,4140000,9720000
2023-02-08 15:35:59.613000,1.07173,1.07168,4050000,1350000
2023-02-08 15:35:59.766000,1.07172,1.07167,540000,4050000
2023-02-08 15:36:00.329000,1.07173,1.07167,4320000,4950000
2023-02-08 15:36:00.584000,1.07171,1.07166,4050000,1350000
2023-02-08 15:36:00.736000,1.07172,1.07166,5490000,4950000
2023-02-08 15:36:01.097000,1.0717,1.07165,3600000,1350000
2023-02-08 15:36:01.200000,1.07171,1.07165,5040000,4950000
2023-02-08 15:36:01.911000,1.0717,1.07165,3600000,1350000
2023-02-08 15:36:02.416000,1.07169,1.07165,4050000,450000
2023-02-08 15:36:02.847000,1.07169,1.07164,3600000,450000
2023-02-08 15:36:02.949000,1.07166,1.07162,450000,900000
2023-02-08 15:36:03.204000,1.07167,1.07162,220000,4050000
2023-02-08 15:36:04.273000,1.07167,1.07163,4810000,4050000
2023-02-08 15:36:04.477000,1.07168,1.07164,3600000,450000
2023-02-08 15:36:04.528000,1.0717,1.07165,900000,4050000
2023-02-08 15:36:04.631000,1.07169,1.07165,4950000,1800000
2023-02-08 15:36:04.733000,1.07169,1.07164,4950000,1350000
2023-02-08 15:36:05.975000,1.07169,1.07165,3600000,450000
2023-02-08 15:36:06.077000,1.0717,1.07166,900000,450000
2023-02-08 15:36:06.788000,1.07171,1.07166,4500000,450000
2023-02-08 15:36:07.245000,1.0717,1.07166,900000,4050000
2023-02-08 15:36:07.555000,1.07169,1.07165,450000,1800000
2023-02-08 15:36:07.657000,1.07169,1.07164,450000,9270000
2023-02-08 15:36:08.947000,1.0717,1.07165,6070000,900000
2023-02-08 15:36:09.049000,1.07171,1.07168,5080000,3600000
2023-02-08 15:36:09.152000,1.07172,1.07168,450000,3600000
2023-02-08 15:36:09.356000,1.07173,1.07168,450000,3600000
2023-02-08 15:36:09.692000,1.07174,1.0717,220000,450000
2023-02-08 15:36:09.795000,1.07176,1.07171,670000,4050000
2023-02-08 15:36:10.113000,1.07177,1.07171,670000,4950000
2023-02-08 15:36:10.165000,1.07178,1.07173,2020000,3600000
2023-02-08 15:36:10.975000,1.07178,1.07172,6070000,7470000
2023-02-08 15:36:11.285000,1.07177,1.07172,110000,5850000
2023-02-08 15:36:11.489000,1.07177,1.07171,4050000,4950000
2023-02-08 15:36:11.592000,1.07173,1.0717,450000,3420000
2023-02-08 15:36:11.694000,1.07173,1.07168,450000,8820000
2023-02-08 15:36:11.796000,1.07173,1.07169,450000,3600000
2023-02-08 15:36:12,1.07175,1.0717,7200000,450000
2023-02-08 15:36:12.102000,1.07175,1.07169,4050000,10390000
2023-02-08 15:36:12.204000,1.07174,1.0717,450000,3600000
2023-02-08 15:36:12.408000,1.07173,1.07168,450000,9040000
2023-02-08 15:36:12.510000,1.07171,1.07166,450000,5170000
2023-02-08 15:36:12.917000,1.0717,1.07166,450000,3600000
2023-02-08 15:36:13.020000,1.07169,1.07166,900000,3600000
2023-02-08 15:36:13.122000,1.07168,1.07164,450000,4500000
2023-02-08 15:36:13.224000,1.07168,1.07165,4050000,900000
2023-02-08 15:36:13.326000,1.07168,1.07164,450000,900000
2023-02-08 15:36:13.733000,1.07168,1.07163,4950000,4320000
2023-02-08 15:36:13.835000,1.07167,1.07163,900000,900000
2023-02-08 15:36:13.937000,1.07168,1.07163,4050000,900000
2023-02-08 15:36:15.044000,1.07167,1.07163,450000,900000
2023-02-08 15:36:15.603000,1.07166,1.07161,1350000,4500000
2023-02-08 15:36:15.908000,1.07167,1.07161,4050000,5850000
2023-02-08 15:36:16.011000,1.07168,1.07163,8460000,1350000
2023-02-08 15:36:16.113000,1.07168,1.07164,3600000,900000
2023-02-08 15:36:16.217000,1.07169,1.07164,4500000,900000
2023-02-08 15:36:16.421000,1.07169,1.07163,4500000,5850000
2023-02-08 15:36:16.741000,1.07168,1.07165,4500000,900000
2023-02-08 15:36:17.528000,1.07169,1.07163,4500000,5850000
2023-02-08 15:36:18.290000,1.07168,1.07163,3600000,1350000
2023-02-08 15:36:18.392000,1.07169,1.07163,900000,4950000
2023-02-08 15:36:19.526000,1.07168,1.07163,4500000,1350000
2023-02-08 15:36:19.667000,1.07166,1.07161,5940000,1120000
2023-02-08 15:36:19.773000,1.07165,1.0716,7740000,4320000
2023-02-08 15:36:19.926000,1.07166,1.0716,11020000,4050000
2023-02-08 15:36:20.426000,1.07165,1.0716,4500000,450000
2023-02-08 15:36:20.529000,1.07164,1.07159,900000,7240000
2023-02-08 15:36:21.283000,1.07163,1.07159,450000,3600000
2023-02-08 15:36:21.846000,1.07164,1.07159,900000,3820000
2023-02-08 15:36:22.586000,1.07163,1.07159,450000,3820000
2023-02-08 15:36:22.983000,1.07165,1.0716,900000,5850000
2023-02-08 15:36:23.085000,1.07165,1.07161,450000,4500000
2023-02-08 15:36:23.187000,1.07165,1.07162,450000,3600000
2023-02-08 15:36:23.340000,1.07165,1.07161,450000,5170000
2023-02-08 15:36:23.545000,1.07165,1.0716,3600000,7020000
2023-02-08 15:36:23.596000,1.07163,1.0716,450000,3600000
2023-02-08 15:36:23.699000,1.07162,1.0716,900000,7470000
2023-02-08 15:36:23.750000,1.07163,1.0716,900000,7470000
2023-02-08 15:36:24.175000,1.07163,1.07159,900000,4950000
2023-02-08 15:36:24.708000,1.07163,1.0716,1800000,4950000
2023-02-08 15:36:25.003000,1.07163,1.07159,900000,4950000
2023-02-08 15:36:25.303000,1.07164,1.07159,1800000,4950000
2023-02-08 15:36:25.950000,1.07165,1.0716,3600000,1570000
2023-02-08 15:36:26.001000,1.07166,1.07163,900000,5400000
2023-02-08 15:36:26.104000,1.07168,1.07165,4860000,450000
2023-02-08 15:36:26.206000,1.07171,1.07166,1660000,3600000
2023-02-08 15:36:26.308000,1.0717,1.07166,450000,3600000
2023-02-08 15:36:26.512000,1.07169,1.07164,4050000,2920000
2023-02-08 15:36:26.721000,1.0717,1.07165,450000,3600000
2023-02-08 15:36:26.991000,1.0717,1.07166,450000,3600000
2023-02-08 15:36:27.094000,1.0717,1.07165,2250000,3600000
2023-02-08 15:36:28.602000,1.0717,1.07164,4050000,5850000
2023-02-08 15:36:29.141000,1.0717,1.07165,450000,3600000
2023-02-08 15:36:29.243000,1.0717,1.07164,4050000,8770000
2023-02-08 15:36:29.346000,1.0717,1.07165,450000,3600000
2023-02-08 15:36:30.036000,1.0717,1.07164,4050000,10390000
2023-02-08 15:36:30.189000,1.0717,1.07165,450000,3600000
2023-02-08 15:36:30.291000,1.0717,1.07164,4050000,11290000
2023-02-08 15:36:30.394000,1.07172,1.07166,4270000,4950000
2023-02-08 15:36:30.496000,1.07173,1.07169,4860000,5170000
2023-02-08 15:36:30.598000,1.07173,1.0717,450000,900000
2023-02-08 15:36:30.701000,1.07174,1.07169,1350000,3600000
2023-02-08 15:36:30.803000,1.07173,1.07167,4050000,10390000
2023-02-08 15:36:31.006000,1.07173,1.07168,450000,3600000
2023-02-08 15:36:31.108000,1.07172,1.07168,450000,3600000
2023-02-08 15:36:31.210000,1.07173,1.07168,450000,3600000
2023-02-08 15:36:34.184000,1.07174,1.07168,4270000,4050000
2023-02-08 15:36:38.015000,1.07173,1.07168,450000,3600000
2023-02-08 15:36:38.117000,1.07175,1.07172,1800000,900000
2023-02-08 15:36:38.221000,1.07179,1.07176,450000,4950000
2023-02-08 15:36:38.323000,1.0718,1.07177,4500000,4500000
2023-02-08 15:36:38.425000,1.07181,1.07177,120000,6070000
2023-02-08 15:36:38.477000,1.07183,1.07177,4950000,6970000
2023-02-08 15:36:39.055000,1.07182,1.07177,900000,6070000
2023-02-08 15:36:39.157000,1.07182,1.07178,900000,3600000
2023-02-08 15:36:39.259000,1.07182,1.07177,900000,6970000
2023-02-08 15:36:39.311000,1.07184,1.07181,900000,4950000
2023-02-08 15:36:39.362000,1.07186,1.07182,900000,6070000
2023-02-08 15:36:39.464000,1.07187,1.07183,900000,3600000
2023-02-08 15:36:39.566000,1.07188,1.07183,6210000,5620000
2023-02-08 15:36:39.719000,1.07188,1.07184,5400000,8370000
2023-02-08 15:36:40.183000,1.07191,1.07186,1350000,3600000
2023-02-08 15:36:40.285000,1.07191,1.07187,450000,4500000
2023-02-08 15:36:40.387000,1.07189,1.07185,450000,2250000
2023-02-08 15:36:40.490000,1.07188,1.07184,3600000,4320000
2023-02-08 15:36:40.592000,1.07187,1.07184,450000,3420000
2023-02-08 15:36:40.694000,1.07187,1.07183,450000,900000
2023-02-08 15:36:41.334000,1.07187,1.07184,4500000,900000
2023-02-08 15:36:42.433000,1.07187,1.07183,900000,900000
2023-02-08 15:36:43.084000,1.07187,1.07184,900000,3600000
2023-02-08 15:36:43.187000,1.07188,1.07186,900000,900000
2023-02-08 15:36:43.239000,1.0719,1.07188,4860000,450000
2023-02-08 15:36:43.290000,1.07192,1.07189,1800000,450000
2023-02-08 15:36:43.392000,1.07193,1.07189,900000,1350000
2023-02-08 15:36:43.843000,1.07193,1.07188,900000,5400000
2023-02-08 15:36:44.255000,1.07191,1.07189,900000,4500000
2023-02-08 15:36:44.369000,1.07194,1.07188,4810000,4500000
2023-02-08 15:36:46.110000,1.07192,1.07187,450000,4500000
2023-02-08 15:36:46.542000,1.07193,1.07187,4270000,900000
2023-02-08 15:36:46.645000,1.07194,1.07188,11020000,3600000
2023-02-08 15:36:47.542000,1.07193,1.07188,450000,3600000
2023-02-08 15:36:48.013000,1.07193,1.07187,4050000,9270000
2023-02-08 15:36:48.282000,1.07193,1.07188,3600000,900000
2023-02-08 15:36:48.435000,1.07194,1.07188,7200000,4500000
2023-02-08 15:36:49.568000,1.07193,1.07188,3600000,900000
2023-02-08 15:36:49.772000,1.07194,1.07188,9900000,4500000
2023-02-08 15:36:50.963000,1.07193,1.07188,900000,4500000
2023-02-08 15:36:51.065000,1.07189,1.07187,450000,900000
2023-02-08 15:36:51.117000,1.07189,1.07184,450000,4500000
2023-02-08 15:36:51.270000,1.07189,1.07183,450000,9270000
2023-02-08 15:36:51.372000,1.0719,1.07184,5400000,1800000
2023-02-08 15:36:52.274000,1.07189,1.07184,900000,900000
2023-02-08 15:36:52.529000,1.0719,1.07184,5490000,1800000
2023-02-08 15:36:52.991000,1.07187,1.07183,900000,4950000
2023-02-08 15:36:53.093000,1.07187,1.07182,900000,5400000
2023-02-08 15:36:53.195000,1.07188,1.07182,900000,5400000
2023-02-08 15:36:53.561000,1.07189,1.07182,12820000,5400000
2023-02-08 15:36:53.741000,1.07188,1.07182,450000,6300000
2023-02-08 15:36:53.894000,1.07188,1.07183,3600000,900000
2023-02-08 15:36:54.252000,1.07189,1.07183,5850000,4950000
2023-02-08 15:36:54.504000,1.07188,1.07183,3600000,1350000
2023-02-08 15:36:54.607000,1.07185,1.07182,450000,3420000
2023-02-08 15:36:54.709000,1.07185,1.0718,450000,900000
2023-02-08 15:36:54.811000,1.07185,1.07179,450000,8370000
2023-02-08 15:36:55.065000,1.07182,1.0718,900000,5850000
2023-02-08 15:36:55.278000,1.07184,1.0718,900000,4050000
2023-02-08 15:36:55.482000,1.07187,1.07181,9360000,5400000
2023-02-08 15:36:55.534000,1.07187,1.07183,900000,450000
2023-02-08 15:36:55.839000,1.07188,1.07183,900000,4950000
2023-02-08 15:36:56.043000,1.07189,1.07183,4050000,6070000
2023-02-08 15:36:56.196000,1.07188,1.07183,3600000,1570000
2023-02-08 15:36:58.947000,1.07189,1.07183,4720000,4950000
2023-02-08 15:37:01.203000,1.07188,1.07185,4050000,900000
2023-02-08 15:37:03.050000,1.07189,1.07183,5850000,5400000
2023-02-08 15:37:03.153000,1.07188,1.07183,4050000,1800000
2023-02-08 15:37:04.507000,1.07189,1.07183,9810000,6300000
2023-02-08 15:37:04.678000,1.07188,1.07183,450000,5850000
2023-02-08 15:37:04.831000,1.0719,1.07186,900000,3600000
2023-02-08 15:37:04.934000,1.07191,1.07186,5310000,4500000
2023-02-08 15:37:06.118000,1.07193,1.07187,10930000,4950000
2023-02-08 15:37:06.221000,1.07193,1.07188,5310000,4050000
2023-02-08 15:37:06.323000,1.07193,1.07189,4050000,6070000
2023-02-08 15:37:06.374000,1.07195,1.0719,6660000,4950000
2023-02-08 15:37:06.477000,1.07194,1.07189,450000,5850000
2023-02-08 15:37:06.783000,1.07195,1.0719,3600000,450000
2023-02-08 15:37:07.138000,1.07195,1.07189,4050000,6750000
2023-02-08 15:37:08.619000,1.07195,1.0719,4860000,4050000
2023-02-08 15:37:08.823000,1.07195,1.07189,3600000,7650000
2023-02-08 15:37:09.497000,1.07194,1.07189,3600000,900000
2023-02-08 15:37:09.702000,1.07195,1.0719,3600000,900000
2023-02-08 15:37:09.804000,1.07194,1.0719,3600000,900000
2023-02-08 15:37:10.086000,1.07196,1.07189,5710000,6750000
2023-02-08 15:37:10.137000,1.07194,1.07189,3600000,3150000
2023-02-08 15:37:10.290000,1.07195,1.07189,1350000,5850000
2023-02-08 15:37:10.393000,1.07193,1.0719,3600000,3150000
2023-02-08 15:37:10.495000,1.07194,1.07191,3600000,900000
2023-02-08 15:37:10.597000,1.07196,1.0719,1350000,4050000
2023-02-08 15:37:10.699000,1.07195,1.0719,3600000,900000
2023-02-08 15:37:10.801000,1.07197,1.07191,4500000,4500000
2023-02-08 15:37:11.767000,1.07196,1.07193,3600000,900000
2023-02-08 15:37:11.869000,1.07198,1.07192,6160000,4500000
2023-02-08 15:37:12.073000,1.07196,1.07193,3600000,900000
2023-02-08 15:37:14.851000,1.07198,1.07192,6520000,4500000
2023-02-08 15:37:15.207000,1.07196,1.07193,3600000,900000
2023-02-08 15:37:15.436000,1.07196,1.07192,900000,900000
2023-02-08 15:37:15.538000,1.07197,1.07195,900000,1350000
2023-02-08 15:37:15.590000,1.072,1.07196,900000,6970000
2023-02-08 15:37:15.642000,1.07201,1.07198,5760000,450000
2023-02-08 15:37:15.745000,1.07202,1.07199,4500000,900000
2023-02-08 15:37:15.796000,1.07204,1.07199,6300000,900000
2023-02-08 15:37:15.898000,1.07204,1.07198,6300000,5170000
2023-02-08 15:37:16,1.07204,1.07199,900000,4500000
2023-02-08 15:37:16.103000,1.07205,1.07202,5080000,4050000
2023-02-08 15:37:16.205000,1.07208,1.07202,9000000,4950000
2023-02-08 15:37:16.308000,1.07208,1.07203,4500000,450000
2023-02-08 15:37:16.461000,1.07209,1.07203,4050000,7920000
2023-02-08 15:37:17.098000,1.07208,1.07203,3600000,1800000
2023-02-08 15:37:17.201000,1.07209,1.07203,4950000,1800000
2023-02-08 15:37:17.303000,1.07207,1.07202,450000,4500000
2023-02-08 15:37:17.405000,1.07208,1.07204,3820000,4950000
2023-02-08 15:37:18.077000,1.07209,1.07204,3600000,450000
2023-02-08 15:37:18.225000,1.07208,1.07204,3600000,5850000
2023-02-08 15:37:18.729000,1.07209,1.07204,4050000,450000
2023-02-08 15:37:18.831000,1.07209,1.07203,4500000,6070000
2023-02-08 15:37:19.085000,1.07208,1.07203,3600000,5440000
2023-02-08 15:37:19.427000,1.07208,1.07204,4050000,5620000
2023-02-08 15:37:20.597000,1.07209,1.07206,3600000,900000
2023-02-08 15:37:20.648000,1.07212,1.0721,900000,450000
2023-02-08 15:37:20.750000,1.07213,1.0721,4500000,450000
2023-02-08 15:37:20.852000,1.07213,1.07211,900000,450000
2023-02-08 15:37:20.954000,1.07214,1.07209,900000,4720000
2023-02-08 15:37:21.057000,1.07213,1.07208,900000,4050000
2023-02-08 15:37:21.261000,1.07213,1.07207,4500000,10390000
2023-02-08 15:37:21.617000,1.07211,1.07207,6750000,3420000
2023-02-08 15:37:21.720000,1.0721,1.07204,5400000,8140000
2023-02-08 15:37:21.822000,1.07208,1.07205,670000,3420000
2023-02-08 15:37:21.924000,1.07209,1.07203,6430000,450000
2023-02-08 15:37:22.280000,1.07207,1.07204,900000,450000
2023-02-08 15:37:22.554000,1.07209,1.07203,4270000,450000
2023-02-08 15:37:23.160000,1.07208,1.07203,900000,3820000
2023-02-08 15:37:23.656000,1.07208,1.07202,900000,4950000
2023-02-08 15:37:23.889000,1.07208,1.07203,4950000,4950000
2023-02-08 15:37:24.368000,1.07209,1.07203,1350000,220000
2023-02-08 15:37:24.483000,1.07208,1.07205,3600000,1350000
2023-02-08 15:37:25.695000,1.07211,1.07209,2250000,450000
2023-02-08 15:37:25.797000,1.07213,1.07209,4500000,2020000
2023-02-08 15:37:25.900000,1.07215,1.0721,900000,6970000
2023-02-08 15:37:26.053000,1.07213,1.07208,3820000,4320000
2023-02-08 15:37:26.156000,1.07211,1.07208,5040000,3420000
2023-02-08 15:37:26.207000,1.07208,1.07205,900000,6300000
2023-02-08 15:37:26.360000,1.07209,1.07205,3600000,900000
2023-02-08 15:37:26.462000,1.07209,1.07204,3600000,900000
2023-02-08 15:37:26.666000,1.07211,1.07208,4860000,1570000
2023-02-08 15:37:26.768000,1.07213,1.07209,4860000,900000
2023-02-08 15:37:26.871000,1.07213,1.0721,4050000,900000
2023-02-08 15:37:27.270000,1.07215,1.07209,4950000,4950000
2023-02-08 15:37:27.372000,1.07214,1.07209,450000,5850000
2023-02-08 15:37:27.814000,1.07213,1.07209,450000,900000
2023-02-08 15:37:27.916000,1.07213,1.07208,450000,5400000
2023-02-08 15:37:28.765000,1.0721,1.07206,4050000,1120000
2023-02-08 15:37:28.867000,1.0721,1.07205,4050000,4770000
2023-02-08 15:37:28.970000,1.07209,1.07204,4050000,5620000
2023-02-08 15:37:29.604000,1.07208,1.07203,4050000,3640000
2023-02-08 15:37:29.707000,1.07209,1.07204,4270000,1350000
2023-02-08 15:37:29.911000,1.07211,1.07205,11610000,6070000
2023-02-08 15:37:30.013000,1.07211,1.07206,6210000,4500000
2023-02-08 15:37:30.830000,1.0721,1.07205,4140000,2020000
2023-02-08 15:37:30.932000,1.07209,1.07205,450000,220000
2023-02-08 15:37:31.237000,1.07209,1.07204,4050000,1570000
2023-02-08 15:37:31.593000,1.07209,1.07205,450000,1570000
2023-02-08 15:37:31.695000,1.0721,1.07205,3600000,1350000
2023-02-08 15:37:31.899000,1.07211,1.07205,10800000,5170000
2023-02-08 15:37:32.001000,1.07211,1.07206,1440000,3600000
2023-02-08 15:37:32.220000,1.0721,1.07206,900000,3600000
2023-02-08 15:37:32.590000,1.07209,1.07204,4140000,1120000
2023-02-08 15:37:32.692000,1.07208,1.07203,3600000,4540000
2023-02-08 15:37:33.808000,1.07209,1.07203,4140000,4720000
2023-02-08 15:37:33.910000,1.07209,1.07204,3600000,670000
2023-02-08 15:37:34.114000,1.07208,1.07203,450000,4720000
2023-02-08 15:37:36.096000,1.07206,1.07202,540000,3820000
2023-02-08 15:37:36.198000,1.07203,1.07201,4050000,670000
2023-02-08 15:37:36.351000,1.07203,1.07198,3600000,1570000
2023-02-08 15:37:36.657000,1.07203,1.07199,3600000,220000
2023-02-08 15:37:36.759000,1.07204,1.07199,3690000,220000
2023-02-08 15:37:36.861000,1.07205,1.072,120000,4050000
2023-02-08 15:37:36.963000,1.07206,1.072,7740000,4050000
2023-02-08 15:37:37.066000,1.07207,1.07202,900000,5850000
2023-02-08 15:37:37.168000,1.07208,1.07203,4860000,4270000
2023-02-08 15:37:37.270000,1.07209,1.07203,3600000,4270000
2023-02-08 15:37:37.423000,1.0721,1.07204,9900000,220000
2023-02-08 15:37:37.525000,1.07208,1.07204,3600000,220000
2023-02-08 15:37:37.627000,1.07209,1.07204,3600000,220000
2023-02-08 15:37:38.916000,1.07209,1.07205,540000,4270000
2023-02-08 15:37:39.048000,1.07209,1.07204,3600000,670000
2023-02-08 15:37:39.252000,1.07209,1.07203,120000,6970000
2023-02-08 15:37:39.862000,1.07207,1.07204,3600000,1120000
2023-02-08 15:37:40.184000,1.07209,1.07203,5040000,4050000
2023-02-08 15:37:40.286000,1.07208,1.07203,120000,3600000
2023-02-08 15:37:40.642000,1.07209,1.07203,5040000,3600000
2023-02-08 15:37:41.104000,1.07208,1.07203,540000,3600000
2023-02-08 15:37:41.206000,1.07208,1.07202,540000,5170000
2023-02-08 15:37:41.353000,1.07207,1.07203,120000,3600000
2023-02-08 15:37:41.405000,1.07205,1.072,120000,9940000
2023-02-08 15:37:41.456000,1.07206,1.07202,900000,450000
2023-02-08 15:37:41.508000,1.07208,1.07203,6210000,4050000
2023-02-08 15:37:43.875000,1.07209,1.07204,4500000,450000
2023-02-08 15:37:43.978000,1.07209,1.07203,4590000,4050000
2023-02-08 15:37:44.080000,1.07208,1.07203,3600000,450000
2023-02-08 15:37:44.674000,1.07207,1.07205,3600000,450000
2023-02-08 15:37:44.828000,1.07209,1.07204,900000,3600000
2023-02-08 15:37:44.981000,1.07209,1.07203,4500000,4050000
2023-02-08 15:37:45.133000,1.07209,1.07204,3600000,450000
2023-02-08 15:37:45.358000,1.0721,1.07203,5940000,4050000
2023-02-08 15:37:45.603000,1.0721,1.07204,2340000,3600000
2023-02-08 15:37:45.705000,1.07209,1.07203,3600000,5400000
2023-02-08 15:37:45.757000,1.07211,1.07206,900000,4050000
2023-02-08 15:37:45.859000,1.07209,1.07204,3600000,670000
2023-02-08 15:37:46.862000,1.07209,1.07203,3690000,6070000
2023-02-08 15:37:47.380000,1.07208,1.07203,3690000,1120000
2023-02-08 15:37:48.217000,1.07208,1.07202,4140000,5170000
2023-02-08 15:37:49.007000,1.07208,1.07203,3690000,450000
2023-02-08 15:37:50.066000,1.07209,1.07203,5040000,4050000
2023-02-08 15:37:50.957000,1.07208,1.07203,3600000,450000
2023-02-08 15:37:51.061000,1.07206,1.07202,990000,220000
2023-02-08 15:37:51.164000,1.07204,1.072,450000,3600000
2023-02-08 15:37:51.317000,1.07204,1.07199,4050000,1570000
2023-02-08 15:37:51.591000,1.07205,1.072,5850000,3600000
2023-02-08 15:37:51.698000,1.07204,1.07199,3600000,900000
2023-02-08 15:37:52.884000,1.07203,1.07199,3600000,450000
2023-02-08 15:37:52.995000,1.07203,1.07198,3600000,2470000
2023-02-08 15:37:53.148000,1.07203,1.07197,3600000,6970000
2023-02-08 15:37:53.555000,1.07203,1.07198,3600000,450000
2023-02-08 15:37:55.208000,1.07204,1.07198,8550000,5400000
2023-02-08 15:37:55.463000,1.07203,1.07198,3600000,2020000
2023-02-08 15:37:55.760000,1.07202,1.07198,900000,1120000
2023-02-08 15:37:56.628000,1.07203,1.07198,900000,5850000
2023-02-08 15:37:56.832000,1.07204,1.07199,3600000,450000
2023-02-08 15:37:56.934000,1.07205,1.07202,450000,450000
2023-02-08 15:37:57.037000,1.07205,1.07201,450000,3600000
2023-02-08 15:37:57.190000,1.07205,1.072,1440000,3600000
2023-02-08 15:37:57.291000,1.07204,1.07199,4050000,3870000
2023-02-08 15:37:57.983000,1.07203,1.07198,3600000,1350000
2023-02-08 15:37:58.085000,1.07202,1.07198,3600000,1350000
2023-02-08 15:37:58.187000,1.07203,1.07198,4050000,900000
2023-02-08 15:37:58.391000,1.07203,1.07197,4050000,6520000
2023-02-08 15:37:59.496000,1.07202,1.07197,450000,7020000
2023-02-08 15:37:59.598000,1.07201,1.07197,450000,3870000
2023-02-08 15:37:59.853000,1.07203,1.07197,4500000,4050000
2023-02-08 15:38:00.217000,1.07202,1.07197,3600000,1350000
2023-02-08 15:38:00.319000,1.07202,1.07198,4050000,4950000
2023-02-08 15:38:00.859000,1.07204,1.07202,5760000,120000
2023-02-08 15:38:00.911000,1.07207,1.07198,11380000,3640000
2023-02-08 15:38:00.962000,1.07214,1.07211,450000,900000
2023-02-08 15:38:01.014000,1.07216,1.07212,4500000,5850000
2023-02-08 15:38:01.065000,1.07216,1.07214,450000,900000
2023-02-08 15:38:01.116000,1.07216,1.07212,450000,6750000
2023-02-08 15:38:01.321000,1.07217,1.07213,4050000,4050000
2023-02-08 15:38:01.642000,1.07217,1.07212,3600000,4090000
2023-02-08 15:38:01.752000,1.07217,1.07214,900000,3600000
2023-02-08 15:38:01.905000,1.07217,1.07212,450000,5170000
2023-02-08 15:38:02.072000,1.07217,1.07213,450000,3600000
2023-02-08 15:38:02.174000,1.07218,1.07213,450000,3600000
2023-02-08 15:38:02.681000,1.07217,1.07212,3600000,450000
2023-02-08 15:38:03.342000,1.07218,1.07213,2250000,3600000
2023-02-08 15:38:03.495000,1.07218,1.07215,900000,4050000
2023-02-08 15:38:03.598000,1.0722,1.07214,10260000,4270000
2023-02-08 15:38:04.070000,1.0722,1.07215,1350000,4270000
2023-02-08 15:38:04.172000,1.0722,1.07216,450000,450000
2023-02-08 15:38:04.274000,1.07222,1.07216,10350000,5170000
2023-02-08 15:38:04.377000,1.07222,1.07219,4860000,670000
2023-02-08 15:38:04.479000,1.07224,1.07219,3600000,2470000
2023-02-08 15:38:04.581000,1.07225,1.07221,6300000,5850000
2023-02-08 15:38:04.734000,1.07225,1.0722,3600000,2470000
2023-02-08 15:38:04.836000,1.07226,1.0722,7290000,5170000
2023-02-08 15:38:04.989000,1.07225,1.0722,4050000,1570000
2023-02-08 15:38:05.092000,1.07224,1.07219,3600000,4770000
2023-02-08 15:38:05.194000,1.07223,1.07218,3600000,6340000
2023-02-08 15:38:05.347000,1.07225,1.07219,1890000,4950000
2023-02-08 15:38:05.449000,1.07225,1.0722,1890000,3600000
2023-02-08 15:38:05.552000,1.07224,1.07219,3600000,670000
2023-02-08 15:38:05.756000,1.07224,1.07218,5040000,9490000
2023-02-08 15:38:05.908000,1.07223,1.07218,450000,8370000
2023-02-08 15:38:06.315000,1.07222,1.07218,3600000,900000
2023-02-08 15:38:06.417000,1.07221,1.07218,3600000,2700000
2023-02-08 15:38:06.519000,1.07223,1.07217,540000,5850000
2023-02-08 15:38:06.621000,1.07222,1.07217,3600000,2250000
2023-02-08 15:38:06.790000,1.07223,1.07217,540000,5850000
2023-02-08 15:38:07.432000,1.07223,1.07218,4500000,450000
2023-02-08 15:38:07.585000,1.0722,1.07217,120000,3600000
2023-02-08 15:38:07.688000,1.0722,1.07217,2700000,6300000
2023-02-08 15:38:07.790000,1.07221,1.07218,900000,3600000
2023-02-08 15:38:08.021000,1.07223,1.07218,900000,3600000
2023-02-08 15:38:08.123000,1.07223,1.07217,4500000,9490000
2023-02-08 15:38:08.326000,1.07221,1.07216,5400000,5890000
2023-02-08 15:38:08.429000,1.07221,1.07217,900000,4050000
2023-02-08 15:38:08.640000,1.07223,1.07217,2110000,4050000
2023-02-08 15:38:08.955000,1.07222,1.07217,3600000,670000
2023-02-08 15:38:10.430000,1.07223,1.07219,2110000,4050000
2023-02-08 15:38:11.007000,1.07223,1.07218,3600000,900000
2023-02-08 15:38:11.930000,1.07224,1.07218,8770000,450000
2023-02-08 15:38:12.191000,1.07223,1.07217,990000,5170000
2023-02-08 15:38:12.400000,1.07224,1.07219,3600000,1350000
2023-02-08 15:38:12.503000,1.07225,1.07221,4860000,4050000
2023-02-08 15:38:12.605000,1.07226,1.0722,4810000,6300000
2023-02-08 15:38:12.707000,1.07226,1.07221,6160000,900000
2023-02-08 15:38:12.860000,1.07226,1.0722,6160000,5400000
2023-02-08 15:38:13.089000,1.07225,1.0722,450000,4500000
2023-02-08 15:38:13.403000,1.07226,1.0722,11830000,5850000
2023-02-08 15:38:13.505000,1.07226,1.07223,5760000,4950000
2023-02-08 15:38:14.101000,1.07228,1.07223,4500000,900000
2023-02-08 15:38:14.473000,1.07227,1.07223,900000,900000
2023-02-08 15:38:15.332000,1.07228,1.07223,3690000,900000
2023-02-08 15:38:15.586000,1.07228,1.07224,4860000,900000
2023-02-08 15:38:15.689000,1.07228,1.07225,5040000,900000
2023-02-08 15:38:16.800000,1.07229,1.07223,4500000,4950000
2023-02-08 15:38:17.531000,1.07229,1.07224,3690000,900000
2023-02-08 15:38:18.803000,1.07228,1.07223,310000,1800000
2023-02-08 15:38:18.854000,1.07227,1.07221,4500000,5440000
2023-02-08 15:38:18.956000,1.07227,1.07222,4810000,900000
2023-02-08 15:38:19.059000,1.07226,1.07221,2560000,4500000
2023-02-08 15:38:19.161000,1.07225,1.0722,5040000,3420000
2023-02-08 15:38:19.263000,1.07225,1.07219,5040000,4720000
2023-02-08 15:38:20.584000,1.07224,1.07219,3600000,1120000
2023-02-08 15:38:20.686000,1.07225,1.07219,4140000,4720000
2023-02-08 15:38:20.841000,1.07224,1.07219,3600000,1120000
2023-02-08 15:38:20.994000,1.07225,1.07219,1440000,4720000
2023-02-08 15:38:21.197000,1.07224,1.07219,3600000,1120000
2023-02-08 15:38:21.351000,1.07223,1.07219,3690000,900000
2023-02-08 15:38:21.504000,1.07221,1.07217,4590000,1120000
2023-02-08 15:38:21.607000,1.07222,1.07216,1800000,4950000
2023-02-08 15:38:21.709000,1.07222,1.07218,900000,900000
2023-02-08 15:38:21.812000,1.07223,1.07219,900000,900000
2023-02-08 15:38:22.218000,1.07223,1.0722,900000,900000
2023-02-08 15:38:22.320000,1.07224,1.07221,900000,900000
2023-02-08 15:38:23.237000,1.07225,1.07221,4500000,900000
2023-02-08 15:38:25.195000,1.07223,1.07221,3600000,900000
2023-02-08 15:38:26.236000,1.07223,1.0722,3600000,900000
2023-02-08 15:38:26.338000,1.07224,1.0722,1800000,900000
2023-02-08 15:38:26.441000,1.07225,1.07221,5040000,900000
2023-02-08 15:38:26.544000,1.07224,1.07221,3600000,900000
2023-02-08 15:38:26.697000,1.07223,1.07221,3600000,900000
2023-02-08 15:38:27.564000,1.07225,1.0722,5040000,900000
2023-02-08 15:38:28.110000,1.07224,1.0722,3600000,900000
2023-02-08 15:38:29.599000,1.07225,1.0722,4140000,900000
2023-02-08 15:38:30.757000,1.07223,1.07218,3600000,1800000
2023-02-08 15:38:30.859000,1.07223,1.07219,3600000,900000
2023-02-08 15:38:30.961000,1.07225,1.0722,540000,3600000
2023-02-08 15:38:32.132000,1.07223,1.07221,3600000,900000
2023-02-08 15:38:32.234000,1.07225,1.0722,4140000,900000
2023-02-08 15:38:32.488000,1.07224,1.0722,3600000,900000
2023-02-08 15:38:32.793000,1.07224,1.07218,5400000,6750000
2023-02-08 15:38:32.947000,1.0722,1.07218,450000,900000
2023-02-08 15:38:32.998000,1.07218,1.07217,990000,4320000
2023-02-08 15:38:33.050000,1.07217,1.07214,900000,5400000
2023-02-08 15:38:33.101000,1.07215,1.07214,990000,4500000
2023-02-08 15:38:33.204000,1.07217,1.07213,120000,3600000
2023-02-08 15:38:33.306000,1.07217,1.07214,8770000,1800000
2023-02-08 15:38:33.510000,1.07219,1.07213,5710000,5400000
2023-02-08 15:38:33.696000,1.07215,1.07212,900000,7920000
2023-02-08 15:38:33.799000,1.07216,1.07212,3690000,3420000
2023-02-08 15:38:33.901000,1.07217,1.07212,3690000,900000
2023-02-08 15:38:34.505000,1.07218,1.07212,4810000,5400000
2023-02-08 15:38:34.607000,1.07218,1.07213,120000,5850000
2023-02-08 15:38:35.175000,1.07219,1.07214,5710000,900000
2023-02-08 15:38:35.277000,1.0722,1.07214,10570000,5400000
2023-02-08 15:38:35.532000,1.0722,1.07215,5710000,900000
2023-02-08 15:38:35.634000,1.0722,1.07214,5710000,5850000
2023-02-08 15:38:35.786000,1.07219,1.07214,120000,5400000
2023-02-08 15:38:36.451000,1.0722,1.07214,4810000,5850000
2023-02-08 15:38:36.565000,1.07219,1.07214,120000,4950000
2023-02-08 15:38:36.667000,1.07218,1.07214,120000,900000
2023-02-08 15:38:36.769000,1.07219,1.07214,1210000,4500000
2023-02-08 15:38:36.871000,1.07219,1.07215,11920000,4950000
2023-02-08 15:38:36.974000,1.0722,1.07215,6430000,3600000
2023-02-08 15:38:37.076000,1.07221,1.07215,5400000,10350000
2023-02-08 15:38:37.178000,1.07221,1.07217,4590000,900000
2023-02-08 15:38:37.280000,1.0722,1.07217,120000,900000
2023-02-08 15:38:37.669000,1.07219,1.07215,120000,900000
2023-02-08 15:38:37.771000,1.0722,1.07214,5260000,5400000
2023-02-08 15:38:38.383000,1.07221,1.07215,7060000,4500000
2023-02-08 15:38:38.485000,1.0722,1.07215,3600000,1120000
2023-02-08 15:38:38.729000,1.07219,1.07215,450000,5620000
2023-02-08 15:38:38.942000,1.07222,1.07217,10120000,900000
2023-02-08 15:38:39.525000,1.0722,1.07216,1440000,900000
2023-02-08 15:38:39.627000,1.0722,1.07215,990000,5400000
2023-02-08 15:38:40.344000,1.0722,1.07214,7510000,4950000
2023-02-08 15:38:40.446000,1.0722,1.07215,1210000,3600000
2023-02-08 15:38:40.621000,1.0722,1.07214,4360000,5850000
2023-02-08 15:38:41.861000,1.07219,1.07214,450000,5850000
2023-02-08 15:38:41.964000,1.07219,1.07215,450000,4050000
2023-02-08 15:38:42.066000,1.0722,1.07215,540000,4500000
2023-02-08 15:38:44.621000,1.0722,1.07214,5040000,6970000
2023-02-08 15:38:44.910000,1.0722,1.07215,5040000,900000
2023-02-08 15:38:46.924000,1.0722,1.07214,5260000,5850000
2023-02-08 15:38:47.757000,1.0722,1.07215,540000,3600000
2023-02-08 15:38:48.772000,1.07222,1.07218,4050000,900000
2023-02-08 15:38:48.874000,1.07223,1.0722,4860000,900000
2023-02-08 15:38:48.976000,1.07225,1.0722,4590000,900000
2023-02-08 15:38:49.129000,1.07225,1.07221,450000,3600000
2023-02-08 15:38:49.333000,1.07227,1.07222,5850000,4950000
2023-02-08 15:38:49.758000,1.07229,1.07223,11470000,5850000
2023-02-08 15:38:50.216000,1.07229,1.07224,540000,4050000
2023-02-08 15:38:50.991000,1.07229,1.07225,4050000,900000
2023-02-08 15:38:51.093000,1.0723,1.07225,5040000,900000
2023-02-08 15:38:51.252000,1.07229,1.07225,900000,900000
2023-02-08 15:38:51.648000,1.0723,1.07225,5490000,900000
2023-02-08 15:38:52.060000,1.07229,1.07225,3600000,900000
2023-02-08 15:38:52.187000,1.0723,1.07225,5490000,900000
2023-02-08 15:38:53.115000,1.07228,1.07226,4360000,900000
2023-02-08 15:38:53.166000,1.07228,1.07223,450000,7920000
2023-02-08 15:38:53.651000,1.07229,1.07223,4360000,4950000
2023-02-08 15:38:55.192000,1.07228,1.07223,450000,5400000
2023-02-08 15:38:55.876000,1.07232,1.07228,5760000,3600000
2023-02-08 15:38:56.029000,1.07234,1.07228,5710000,4950000
2023-02-08 15:38:56.131000,1.07233,1.07228,5040000,900000
2023-02-08 15:38:56.591000,1.07232,1.07227,120000,4050000
2023-02-08 15:38:57.114000,1.07231,1.07226,5400000,4990000
2023-02-08 15:38:57.216000,1.0723,1.07226,3600000,4320000
2023-02-08 15:38:59.721000,1.07229,1.07224,540000,4500000
2023-02-08 15:38:59.824000,1.07228,1.07224,450000,900000
2023-02-08 15:39:00.225000,1.07229,1.07224,760000,900000
2023-02-08 15:39:01.223000,1.07227,1.07225,540000,900000
2023-02-08 15:39:01.325000,1.07227,1.07224,450000,900000
2023-02-08 15:39:01.631000,1.07227,1.07223,450000,3600000
2023-02-08 15:39:01.941000,1.07228,1.07225,2560000,4500000
2023-02-08 15:39:02.364000,1.07228,1.07224,450000,900000
2023-02-08 15:39:03.105000,1.07227,1.07224,450000,900000
2023-02-08 15:39:03.360000,1.07229,1.07224,6160000,900000
2023-02-08 15:39:04.353000,1.07228,1.07223,450000,5400000
2023-02-08 15:39:05.280000,1.07228,1.07224,450000,900000
2023-02-08 15:39:05.484000,1.07228,1.07223,4050000,1800000
2023-02-08 15:39:06.390000,1.07227,1.07223,540000,4500000
2023-02-08 15:39:06.441000,1.07225,1.07222,990000,1800000
2023-02-08 15:39:06.544000,1.07225,1.07221,540000,900000
2023-02-08 15:39:06.595000,1.07224,1.07219,540000,5400000
2023-02-08 15:39:06.698000,1.07224,1.0722,540000,3600000
2023-02-08 15:39:06.819000,1.07224,1.07219,4050000,1800000
2023-02-08 15:39:06.921000,1.07223,1.07218,450000,5620000
2023-02-08 15:39:07.359000,1.07224,1.07218,5260000,4950000
2023-02-08 15:39:07.562000,1.07223,1.07218,450000,5400000
2023-02-08 15:39:09.486000,1.07223,1.07219,450000,3600000
2023-02-08 15:39:10.088000,1.07223,1.0722,450000,3600000
2023-02-08 15:39:10.139000,1.07223,1.07218,450000,5620000
2023-02-08 15:39:10.799000,1.07224,1.07218,4500000,7870000
2023-02-08 15:39:10.850000,1.07225,1.0722,1660000,4500000
2023-02-08 15:39:11.685000,1.07224,1.0722,540000,3600000
2023-02-08 15:39:11.788000,1.07224,1.07219,4140000,1350000
2023-02-08 15:39:12.215000,1.07225,1.0722,1440000,4500000
2023-02-08 15:39:12.318000,1.07224,1.0722,990000,3600000
2023-02-08 15:39:12.776000,1.07224,1.07219,4050000,1120000
2023-02-08 15:39:12.878000,1.07224,1.0722,450000,3600000
2023-02-08 15:39:12.980000,1.07224,1.07219,4050000,220000
2023-02-08 15:39:13.133000,1.07225,1.0722,990000,3600000
2023-02-08 15:39:13.236000,1.07224,1.0722,450000,3600000
2023-02-08 15:39:13.651000,1.07225,1.0722,540000,3600000
2023-02-08 15:39:13.753000,1.07225,1.07221,540000,3600000
2023-02-08 15:39:14.879000,1.07225,1.0722,540000,3600000
2023-02-08 15:39:15.784000,1.07225,1.07221,450000,4500000
2023-02-08 15:39:15.937000,1.07226,1.07221,540000,4500000
2023-02-08 15:39:16.148000,1.07228,1.07223,3190000,3600000
2023-02-08 15:39:16.250000,1.07229,1.07223,4590000,6070000
2023-02-08 15:39:17.381000,1.07228,1.07223,540000,4500000
2023-02-08 15:39:17.585000,1.07225,1.07222,120000,900000
2023-02-08 15:39:17.688000,1.07224,1.07221,450000,3420000
2023-02-08 15:39:17.790000,1.07224,1.0722,450000,4500000
2023-02-08 15:39:17.950000,1.07223,1.0722,4140000,900000
2023-02-08 15:39:18.424000,1.07223,1.07219,4140000,900000
2023-02-08 15:39:19.306000,1.07224,1.07219,4360000,900000
2023-02-08 15:39:19.510000,1.07223,1.07221,760000,3600000
2023-02-08 15:39:19.561000,1.07225,1.07222,7200000,450000
2023-02-08 15:39:20.399000,1.07226,1.07222,450000,3600000
2023-02-08 15:39:20.511000,1.07226,1.07221,450000,4950000
2023-02-08 15:39:20.613000,1.07226,1.07222,450000,3600000
2023-02-08 15:39:21.238000,1.07226,1.07221,2790000,4500000
2023-02-08 15:39:21.340000,1.07224,1.07222,450000,4500000
2023-02-08 15:39:22.278000,1.07226,1.07221,990000,4500000
2023-02-08 15:39:22.380000,1.07226,1.07222,990000,3600000
2023-02-08 15:39:22.696000,1.07226,1.07221,1890000,4500000
2023-02-08 15:39:23.209000,1.07225,1.07221,450000,900000
2023-02-08 15:39:23.760000,1.07226,1.07221,1890000,4500000
2023-02-08 15:39:24.568000,1.07225,1.07221,540000,4500000
2023-02-08 15:39:24.721000,1.07225,1.0722,1440000,3600000
2023-02-08 15:39:24.874000,1.07224,1.07219,3600000,1350000
2023-02-08 15:39:24.976000,1.07225,1.0722,1440000,3600000
2023-02-08 15:39:25.079000,1.07226,1.07222,900000,3600000
2023-02-08 15:39:25.181000,1.07229,1.07223,16420000,4950000
2023-02-08 15:39:25.436000,1.07229,1.07224,5170000,900000
2023-02-08 15:39:25.538000,1.07229,1.07226,540000,3600000
2023-02-08 15:39:25.643000,1.0723,1.07224,4140000,6520000
2023-02-08 15:39:25.745000,1.0723,1.07225,540000,3600000
2023-02-08 15:39:25.847000,1.0723,1.07224,4590000,6520000
2023-02-08 15:39:25.949000,1.07228,1.07224,450000,4540000
2023-02-08 15:39:26.103000,1.07227,1.07224,2340000,3420000
2023-02-08 15:39:26.205000,1.07226,1.07223,900000,900000
2023-02-08 15:39:26.307000,1.07227,1.07223,1440000,900000
2023-02-08 15:39:27.808000,1.07226,1.07221,450000,4050000
2023-02-08 15:39:27.910000,1.07227,1.07221,6160000,4050000
2023-02-08 15:39:28.064000,1.07225,1.0722,450000,10390000
2023-02-08 15:39:28.572000,1.07225,1.07222,6520000,1800000
2023-02-08 15:39:28.675000,1.07227,1.07222,450000,8370000
2023-02-08 15:39:28.828000,1.07227,1.07223,450000,3600000
2023-02-08 15:39:29.550000,1.07228,1.07223,900000,4050000
2023-02-08 15:39:29.703000,1.07227,1.07225,900000,900000
2023-02-08 15:39:29.856000,1.07229,1.07225,220000,900000
2023-02-08 15:39:29.959000,1.07231,1.07228,900000,3600000
2023-02-08 15:39:30.010000,1.07233,1.07229,900000,3600000
2023-02-08 15:39:30.265000,1.07235,1.07229,8410000,8370000
2023-02-08 15:39:30.367000,1.07232,1.07229,900000,8590000
2023-02-08 15:39:30.571000,1.07234,1.0723,4590000,8590000
2023-02-08 15:39:30.725000,1.07236,1.07232,1120000,6300000
2023-02-08 15:39:30.843000,1.07239,1.07235,5040000,5850000
2023-02-08 15:39:31.509000,1.0724,1.07235,4500000,1350000
2023-02-08 15:39:31.561000,1.07241,1.07238,3600000,450000
2023-02-08 15:39:31.663000,1.07241,1.07237,2020000,450000
2023-02-08 15:39:31.867000,1.07243,1.07238,4720000,900000
2023-02-08 15:39:31.919000,1.07242,1.07241,900000,3600000
2023-02-08 15:39:32.021000,1.07246,1.07241,9580000,4050000
2023-02-08 15:39:32.124000,1.07247,1.07243,220000,3600000
2023-02-08 15:39:32.226000,1.07248,1.07244,2700000,4950000
2023-02-08 15:39:32.277000,1.0725,1.07244,7060000,4950000
2023-02-08 15:39:36.197000,1.07249,1.07244,120000,4950000
2023-02-08 15:39:36.249000,1.07245,1.07242,450000,9760000
2023-02-08 15:39:36.351000,1.07243,1.07241,310000,4500000
2023-02-08 15:39:36.453000,1.07244,1.07239,3910000,4320000
2023-02-08 15:39:36.606000,1.07243,1.07237,3910000,10620000
2023-02-08 15:39:36.709000,1.07242,1.07237,310000,3600000
2023-02-08 15:39:36.811000,1.07242,1.07236,3910000,4950000
2023-02-08 15:39:36.913000,1.07243,1.07237,3910000,5850000
2023-02-08 15:39:37.015000,1.07243,1.07238,3820000,450000
2023-02-08 15:39:37.270000,1.07244,1.07238,3910000,4950000
2023-02-08 15:39:37.423000,1.07244,1.07241,220000,4050000
2023-02-08 15:39:37.526000,1.07247,1.07241,11470000,4050000
2023-02-08 15:39:39.078000,1.07246,1.07241,120000,3600000
2023-02-08 15:39:40.095000,1.07247,1.07241,4810000,3600000
2023-02-08 15:39:40.466000,1.07248,1.07242,7510000,4050000
2023-02-08 15:39:40.569000,1.07247,1.07242,5260000,900000
2023-02-08 15:39:40.671000,1.07246,1.07241,1350000,3600000
2023-02-08 15:39:40.824000,1.07248,1.07243,5620000,900000
2023-02-08 15:39:40.927000,1.0725,1.07246,4500000,5260000
2023-02-08 15:39:41.029000,1.07253,1.07247,5080000,4950000
2023-02-08 15:39:41.131000,1.07253,1.07248,220000,3600000
2023-02-08 15:39:41.233000,1.07254,1.07249,1120000,3600000
2023-02-08 15:39:41.488000,1.07255,1.07249,5170000,4050000
2023-02-08 15:39:41.827000,1.07256,1.0725,9790000,4500000
2023-02-08 15:39:41.930000,1.07255,1.0725,4270000,900000
2023-02-08 15:39:42.184000,1.07254,1.0725,900000,900000
2023-02-08 15:39:42.286000,1.07254,1.07251,5170000,900000
2023-02-08 15:39:42.439000,1.07254,1.0725,900000,900000
2023-02-08 15:39:42.550000,1.07255,1.0725,5170000,900000
2023-02-08 15:39:42.652000,1.07254,1.0725,900000,900000
2023-02-08 15:39:42.856000,1.07255,1.0725,4270000,900000
2023-02-08 15:39:42.958000,1.07254,1.07249,900000,3600000
2023-02-08 15:39:43.060000,1.07253,1.07248,220000,3600000
2023-02-08 15:39:43.162000,1.07253,1.0725,1120000,4950000
2023-02-08 15:39:43.265000,1.07255,1.07249,5170000,4950000
2023-02-08 15:39:44.079000,1.07253,1.0725,900000,4500000
2023-02-08 15:39:44.394000,1.07254,1.07251,900000,900000
2023-02-08 15:39:44.447000,1.07256,1.07252,900000,1800000
2023-02-08 15:39:44.498000,1.07257,1.07254,900000,2790000
2023-02-08 15:39:44.602000,1.07258,1.07255,900000,1800000
2023-02-08 15:39:44.806000,1.0726,1.07255,1350000,4500000
2023-02-08 15:39:45.314000,1.07261,1.07256,3150000,5940000
2023-02-08 15:39:45.365000,1.07262,1.07258,5530000,3600000
2023-02-08 15:39:45.570000,1.0726,1.07259,1350000,900000
2023-02-08 15:39:45.672000,1.07261,1.07257,2700000,220000
2023-02-08 15:39:45.774000,1.07261,1.07256,1800000,4500000
2023-02-08 15:39:45.876000,1.07262,1.07256,4500000,4500000
2023-02-08 15:39:46.198000,1.07262,1.07257,3600000,220000
2023-02-08 15:39:46.509000,1.07261,1.07256,1890000,3820000
2023-02-08 15:39:46.611000,1.0726,1.07256,1350000,3600000
2023-02-08 15:39:46.713000,1.07261,1.07255,6840000,6070000
2023-02-08 15:39:46.917000,1.0726,1.07256,450000,3600000
2023-02-08 15:39:47.020000,1.07261,1.07255,6750000,5850000
2023-02-08 15:39:47.122000,1.07261,1.07256,1800000,9220000
2023-02-08 15:39:47.224000,1.07262,1.07256,3600000,6070000
2023-02-08 15:39:47.479000,1.07261,1.07256,450000,5620000
2023-02-08 15:39:48.855000,1.07262,1.07256,4950000,5620000
2023-02-08 15:39:49.192000,1.07261,1.07257,900000,3600000
2023-02-08 15:39:50.771000,1.07262,1.07257,4050000,900000
2023-02-08 15:39:50.928000,1.0726,1.07258,4500000,900000
2023-02-08 15:39:50.980000,1.0726,1.07255,450000,8590000
2023-02-08 15:39:51.133000,1.07258,1.07254,4050000,900000
2023-02-08 15:39:51.286000,1.07259,1.07254,900000,4500000
2023-02-08 15:39:51.388000,1.0726,1.07256,5310000,900000
2023-02-08 15:39:51.490000,1.0726,1.07255,450000,4500000
2023-02-08 15:39:51.796000,1.07258,1.07255,5940000,4320000
2023-02-08 15:39:51.898000,1.07258,1.07253,900000,3600000
2023-02-08 15:39:52.001000,1.07258,1.07252,3600000,11290000
2023-02-08 15:39:52.154000,1.07258,1.07254,6840000,3600000
2023-02-08 15:39:52.256000,1.07258,1.07252,3600000,11290000
2023-02-08 15:39:52.358000,1.07259,1.07253,6750000,4500000
2023-02-08 15:39:52.460000,1.07258,1.07253,3600000,900000
2023-02-08 15:39:52.562000,1.07258,1.07254,5850000,4500000
2023-02-08 15:39:52.766000,1.07257,1.07252,450000,8820000
2023-02-08 15:39:52.919000,1.07258,1.07253,450000,3600000
2023-02-08 15:39:53.022000,1.07259,1.07254,900000,3600000
2023-02-08 15:39:53.175000,1.07259,1.07255,900000,900000
2023-02-08 15:39:53.277000,1.07259,1.07254,900000,5400000
2023-02-08 15:39:53.583000,1.07261,1.07257,3600000,4950000
2023-02-08 15:39:53.685000,1.07261,1.0726,4860000,450000
2023-02-08 15:39:53.788000,1.07262,1.07261,4500000,4500000
2023-02-08 15:39:53.890000,1.07262,1.07261,1350000,3600000
2023-02-08 15:39:54.520000,1.07262,1.07261,3600000,900000
2023-02-08 15:39:54.571000,1.07264,1.07258,3600000,6970000
2023-02-08 15:39:54.775000,1.07264,1.07259,3600000,900000
2023-02-08 15:39:54.877000,1.07263,1.07259,3600000,7870000
2023-02-08 15:39:55.184000,1.07264,1.07259,3600000,450000
2023-02-08 15:39:55.286000,1.07264,1.0726,6750000,6970000
2023-02-08 15:39:55.338000,1.07265,1.07261,1350000,3600000
2023-02-08 15:39:55.389000,1.07268,1.07267,5400000,1350000
2023-02-08 15:39:55.644000,1.07271,1.07266,6300000,900000
2023-02-08 15:39:56.153000,1.07271,1.07268,900000,4050000
2023-02-08 15:39:56.255000,1.07274,1.07269,1800000,3600000
2023-02-08 15:39:57.972000,1.07271,1.07268,900000,900000
2023-02-08 15:39:58.075000,1.0727,1.07266,4050000,3420000
2023-02-08 15:39:58.177000,1.0727,1.07264,4050000,4500000
2023-02-08 15:39:59.937000,1.07266,1.07263,900000,900000
2023-02-08 15:39:59.990000,1.07267,1.07264,9000000,900000
2023-02-08 15:40:00.092000,1.07268,1.07262,6750000,3600000
2023-02-08 15:40:00.194000,1.07266,1.07261,4500000,1800000
2023-02-08 15:40:00.784000,1.07265,1.07261,450000,900000
2023-02-08 15:40:00.887000,1.07266,1.07261,6300000,900000
2023-02-08 15:40:01.090000,1.07263,1.0726,5940000,900000
2023-02-08 15:40:01.142000,1.0726,1.07258,450000,3420000
2023-02-08 15:40:01.295000,1.0726,1.07255,450000,9000000
2023-02-08 15:40:01.601000,1.07261,1.07258,5850000,450000
2023-02-08 15:40:01.653000,1.07263,1.07259,9000000,450000
2023-02-08 15:40:01.755000,1.07262,1.07259,4500000,6070000
2023-02-08 15:40:01.857000,1.07264,1.07259,3600000,220000
2023-02-08 15:40:02.112000,1.07265,1.07259,5400000,4720000
2023-02-08 15:40:02.214000,1.07264,1.07259,3600000,1120000
2023-02-08 15:40:02.723000,1.07263,1.07258,5850000,1800000
2023-02-08 15:40:02.825000,1.07264,1.07259,3600000,220000
2023-02-08 15:40:04.594000,1.07265,1.07259,5400000,4270000
2023-02-08 15:40:04.696000,1.07264,1.07259,3600000,220000
2023-02-08 15:40:05.052000,1.07265,1.07259,4500000,3820000
2023-02-08 15:40:05.413000,1.07263,1.0726,3600000,220000
2023-02-08 15:40:05.617000,1.07264,1.07258,3600000,6070000
2023-02-08 15:40:06.021000,1.07264,1.07259,3600000,220000
2023-02-08 15:40:06.224000,1.07265,1.07259,4500000,4270000
2023-02-08 15:40:06.327000,1.07264,1.07259,3600000,670000
2023-02-08 15:40:06.429000,1.07265,1.07259,4500000,4270000
2023-02-08 15:40:07.376000,1.07266,1.07261,1800000,4050000
2023-02-08 15:40:07.478000,1.07266,1.07263,900000,1570000
2023-02-08 15:40:07.530000,1.07269,1.07266,900000,900000
2023-02-08 15:40:07.633000,1.07269,1.07265,900000,5170000
2023-02-08 15:40:07.735000,1.0727,1.07264,1350000,3600000
2023-02-08 15:40:09.086000,1.0727,1.07265,3690000,900000
2023-02-08 15:40:09.189000,1.07265,1.07263,2700000,3420000
2023-02-08 15:40:09.291000,1.07268,1.07263,450000,4050000
2023-02-08 15:40:09.393000,1.07269,1.07263,3600000,4950000
2023-02-08 15:40:09.605000,1.07269,1.07265,6300000,4950000
2023-02-08 15:40:10.320000,1.07269,1.07264,900000,4500000
2023-02-08 15:40:10.432000,1.0727,1.07264,7650000,4500000
2023-02-08 15:40:11.154000,1.07269,1.07264,2340000,4500000
2023-02-08 15:40:11.256000,1.07269,1.07263,3600000,4950000
2023-02-08 15:40:11.973000,1.07269,1.07264,900000,4950000
2023-02-08 15:40:13.047000,1.07271,1.07266,5400000,3600000
2023-02-08 15:40:13.149000,1.07269,1.07265,900000,4500000
2023-02-08 15:40:13.607000,1.07268,1.07265,900000,4050000
2023-02-08 15:40:13.709000,1.0727,1.07264,1350000,4050000
2023-02-08 15:40:14.159000,1.07269,1.07263,450000,5850000
2023-02-08 15:40:14.261000,1.07267,1.07265,450000,3600000
2023-02-08 15:40:14.364000,1.07265,1.07261,1350000,3600000
2023-02-08 15:40:14.517000,1.07264,1.0726,3600000,900000
2023-02-08 15:40:14.636000,1.07265,1.07259,2250000,4050000
2023-02-08 15:40:15.037000,1.07264,1.07259,900000,4050000
2023-02-08 15:40:15.567000,1.07264,1.07261,900000,900000
2023-02-08 15:40:15.670000,1.07266,1.07263,900000,3600000
2023-02-08 15:40:15.721000,1.07268,1.07263,5310000,3600000
2023-02-08 15:40:15.926000,1.07269,1.07263,4050000,4270000
2023-02-08 15:40:16.436000,1.07269,1.07264,450000,3600000
2023-02-08 15:40:17.074000,1.07268,1.07263,3600000,1570000
2023-02-08 15:40:17.277000,1.07269,1.07263,4950000,5170000
2023-02-08 15:40:17.380000,1.07269,1.07264,1350000,3600000
2023-02-08 15:40:17.431000,1.07266,1.07262,1350000,900000
2023-02-08 15:40:17.534000,1.07266,1.0726,5400000,4270000
2023-02-08 15:40:17.636000,1.07264,1.07262,1350000,3600000
2023-02-08 15:40:17.687000,1.07265,1.07259,4950000,6070000
2023-02-08 15:40:17.738000,1.07265,1.07261,1350000,3600000
2023-02-08 15:40:18.145000,1.07264,1.07261,900000,4050000
2023-02-08 15:40:18.247000,1.07265,1.07261,900000,3600000
2023-02-08 15:40:18.349000,1.07265,1.0726,900000,4050000
2023-02-08 15:40:18.451000,1.07265,1.07259,1350000,6970000
2023-02-08 15:40:18.655000,1.07265,1.0726,1350000,3600000
2023-02-08 15:40:19.051000,1.07264,1.07262,1350000,3600000
2023-02-08 15:40:19.103000,1.07265,1.07259,450000,5170000
2023-02-08 15:40:20.731000,1.07262,1.0726,450000,5170000
2023-02-08 15:40:20.834000,1.07262,1.07259,3600000,670000
2023-02-08 15:40:20.885000,1.07264,1.0726,5400000,4270000
2023-02-08 15:40:21.318000,1.07265,1.07261,1800000,3600000
2023-02-08 15:40:21.420000,1.07265,1.07259,1800000,7690000
2023-02-08 15:40:21.675000,1.07265,1.07261,1800000,3600000
2023-02-08 15:40:21.930000,1.07265,1.07259,2700000,7690000
2023-02-08 15:40:22.083000,1.07264,1.07259,3600000,670000
2023-02-08 15:40:22.185000,1.07265,1.07259,2700000,4270000
2023-02-08 15:40:22.388000,1.07264,1.07259,3600000,670000
2023-02-08 15:40:22.440000,1.07261,1.07257,450000,4500000
2023-02-08 15:40:22.542000,1.07261,1.07256,2250000,7020000
2023-02-08 15:40:22.645000,1.07261,1.07255,7650000,4270000
2023-02-08 15:40:22.747000,1.07261,1.07256,3150000,3600000
2023-02-08 15:40:22.978000,1.0726,1.07256,450000,3600000
2023-02-08 15:40:23.080000,1.07259,1.07256,450000,4050000
2023-02-08 15:40:23.853000,1.0726,1.07254,900000,6750000
2023-02-08 15:40:24.057000,1.0726,1.07255,900000,3600000
2023-02-08 15:40:24.778000,1.0726,1.07254,5400000,6750000
2023-02-08 15:40:24.931000,1.0726,1.07255,1800000,3600000
2023-02-08 15:40:25.643000,1.0726,1.07254,5400000,4500000
2023-02-08 15:40:25.745000,1.0726,1.07255,2700000,3600000
2023-02-08 15:40:26.746000,1.07258,1.07254,450000,3600000
2023-02-08 15:40:27.408000,1.07259,1.07254,1350000,4500000
2023-02-08 15:40:27.713000,1.07258,1.07256,1350000,3600000
2023-02-08 15:40:27.867000,1.07259,1.07254,1350000,3600000
2023-02-08 15:40:27.969000,1.07258,1.07254,450000,3600000
2023-02-08 15:40:28.497000,1.07255,1.07251,2340000,220000
2023-02-08 15:40:28.599000,1.07253,1.0725,450000,3600000
2023-02-08 15:40:29.231000,1.07255,1.07249,4950000,4270000
2023-02-08 15:40:29.608000,1.07256,1.0725,2250000,5850000
2023-02-08 15:40:29.660000,1.07256,1.07253,1800000,450000
2023-02-08 15:40:29.711000,1.07257,1.07254,6210000,4050000
2023-02-08 15:40:29.813000,1.07258,1.07254,1350000,3600000
2023-02-08 15:40:30.989000,1.07258,1.07252,4050000,4270000
2023-02-08 15:40:31.041000,1.07258,1.07254,1350000,3600000
2023-02-08 15:40:31.092000,1.07258,1.07252,4950000,4270000
2023-02-08 15:40:31.296000,1.07256,1.07251,1350000,5170000
2023-02-08 15:40:31.398000,1.07254,1.07251,450000,220000
2023-02-08 15:40:31.450000,1.07255,1.07249,5850000,8590000
2023-02-08 15:40:31.974000,1.07254,1.07249,450000,4050000
2023-02-08 15:40:33.111000,1.07254,1.07248,4500000,2250000
2023-02-08 15:40:33.214000,1.07253,1.07249,450000,3600000
2023-02-08 15:40:33.316000,1.07253,1.07248,450000,3600000
2023-02-08 15:40:33.819000,1.07252,1.07248,450000,3600000
2023-02-08 15:40:34.472000,1.07252,1.07249,450000,3600000
2023-02-08 15:40:34.574000,1.07253,1.07249,900000,3600000
2023-02-08 15:40:34.798000,1.07254,1.07249,1440000,3600000
2023-02-08 15:40:35.228000,1.07254,1.07248,5040000,900000
2023-02-08 15:40:36.465000,1.07254,1.07249,1350000,3600000
2023-02-08 15:40:36.807000,1.07254,1.07248,4950000,4050000
2023-02-08 15:40:37.162000,1.07253,1.07248,450000,3600000
2023-02-08 15:40:37.214000,1.07251,1.07246,4050000,4540000
2023-02-08 15:40:37.316000,1.0725,1.07246,3600000,3420000
2023-02-08 15:40:37.418000,1.0725,1.07245,3600000,670000
2023-02-08 15:40:37.571000,1.07251,1.07245,1350000,4270000
2023-02-08 15:40:37.673000,1.0725,1.07245,3600000,670000
2023-02-08 15:40:38.469000,1.07251,1.07245,4950000,4270000
2023-02-08 15:40:38.907000,1.0725,1.07244,4950000,5170000
2023-02-08 15:40:39.009000,1.07248,1.07244,450000,220000
2023-02-08 15:40:39.416000,1.07249,1.07244,1350000,220000
2023-02-08 15:40:41.632000,1.0725,1.07247,900000,4950000
2023-02-08 15:40:41.734000,1.07252,1.07248,4860000,4950000
2023-02-08 15:40:41.786000,1.07254,1.07249,900000,3600000
2023-02-08 15:40:41.837000,1.07255,1.07252,4500000,450000
2023-02-08 15:40:41.940000,1.07257,1.07254,4860000,3600000
2023-02-08 15:40:42.042000,1.07258,1.07254,1800000,4050000
2023-02-08 15:40:42.144000,1.07256,1.07251,1800000,8140000
2023-02-08 15:40:42.247000,1.07255,1.07253,450000,900000
2023-02-08 15:40:42.501000,1.07256,1.07251,450000,8370000
2023-02-08 15:40:42.705000,1.07254,1.07251,450000,3420000
2023-02-08 15:40:42.858000,1.07254,1.07249,450000,4500000
2023-02-08 15:40:43.804000,1.07254,1.0725,900000,4050000
2023-02-08 15:40:44.213000,1.07254,1.07249,900000,6300000
2023-02-08 15:40:44.963000,1.07254,1.07248,4950000,5620000
2023-02-08 15:40:45.211000,1.07252,1.07248,900000,5620000
2023-02-08 15:40:45.313000,1.07252,1.07249,900000,3600000
2023-02-08 15:40:45.735000,1.07252,1.07248,900000,4500000
2023-02-08 15:40:45.989000,1.07252,1.07249,450000,4500000
2023-02-08 15:40:48.152000,1.07251,1.07247,1800000,900000
2023-02-08 15:40:48.255000,1.0725,1.07245,4050000,4320000
2023-02-08 15:40:48.478000,1.07248,1.07244,3600000,900000
2023-02-08 15:40:48.580000,1.07248,1.07243,3600000,1350000
2023-02-08 15:40:49.194000,1.07245,1.07243,900000,900000
2023-02-08 15:40:49.246000,1.07244,1.07241,450000,3420000
2023-02-08 15:40:49.348000,1.07244,1.0724,450000,4500000
2023-02-08 15:40:49.501000,1.07247,1.07243,900000,4500000
2023-02-08 15:40:49.553000,1.07249,1.07243,4050000,4950000
2023-02-08 15:40:49.757000,1.07248,1.07243,4050000,900000
2023-02-08 15:40:49.961000,1.07249,1.07243,4050000,5170000
2023-02-08 15:40:50.286000,1.07248,1.07243,450000,4720000
2023-02-08 15:40:50.894000,1.07248,1.07244,4050000,5170000
2023-02-08 15:40:51.259000,1.07248,1.07243,450000,7020000
2023-02-08 15:40:51.665000,1.07249,1.07243,4950000,4050000
2023-02-08 15:40:51.769000,1.07248,1.07243,4050000,220000
2023-02-08 15:40:52.333000,1.07249,1.07243,4050000,4720000
2023-02-08 15:40:53.122000,1.07249,1.07244,3600000,450000
2023-02-08 15:40:53.903000,1.0725,1.07244,5400000,4950000
2023-02-08 15:40:54.747000,1.07249,1.07244,3600000,1350000
2023-02-08 15:40:55.294000,1.0725,1.07245,450000,4500000
2023-02-08 15:40:55.396000,1.0725,1.07244,4050000,8320000
2023-02-08 15:40:55.448000,1.07251,1.07246,1710000,3600000
2023-02-08 15:40:55.552000,1.07252,1.07246,6300000,4050000
2023-02-08 15:40:55.655000,1.07251,1.07246,3600000,450000
2023-02-08 15:40:55.758000,1.07252,1.07247,900000,3600000
2023-02-08 15:40:55.962000,1.07251,1.07247,450000,3600000
2023-02-08 15:40:56.166000,1.07251,1.07246,4050000,1350000
2023-02-08 15:40:56.355000,1.07251,1.07247,450000,3600000
2023-02-08 15:40:56.457000,1.0725,1.07247,900000,3600000
2023-02-08 15:40:56.509000,1.0725,1.07245,5400000,1800000
2023-02-08 15:40:57.536000,1.07249,1.07245,450000,900000
2023-02-08 15:40:58.263000,1.0725,1.07245,4950000,900000
2023-02-08 15:40:58.755000,1.0725,1.07244,4950000,6070000
2023-02-08 15:40:59.019000,1.07249,1.07244,900000,4500000
2023-02-08 15:40:59.121000,1.07248,1.07243,4500000,2250000
2023-02-08 15:40:59.376000,1.07247,1.07243,1350000,900000
2023-02-08 15:40:59.427000,1.07245,1.07243,450000,900000
2023-02-08 15:40:59.529000,1.07245,1.07242,450000,3420000
2023-02-08 15:40:59.581000,1.07245,1.0724,450000,5400000
2023-02-08 15:41:00.046000,1.07244,1.07239,450000,5400000
2023-02-08 15:41:00.148000,1.07244,1.0724,6300000,6070000
2023-02-08 15:41:00.505000,1.07244,1.07239,4050000,220000
2023-02-08 15:41:00.557000,1.07242,1.07238,450000,4320000
2023-02-08 15:41:00.811000,1.07242,1.07239,3600000,900000
2023-02-08 15:41:00.914000,1.07242,1.07238,450000,900000
2023-02-08 15:41:01.016000,1.0724,1.07238,450000,1120000
2023-02-08 15:41:01.220000,1.0724,1.07237,450000,900000
2023-02-08 15:41:01.322000,1.0724,1.07236,4500000,900000
2023-02-08 15:41:01.424000,1.0724,1.07235,4500000,900000
2023-02-08 15:41:01.527000,1.07243,1.07237,10710000,4270000
2023-02-08 15:41:01.629000,1.07242,1.07237,900000,4500000
2023-02-08 15:41:01.731000,1.0724,1.07238,4950000,900000
2023-02-08 15:41:01.783000,1.07238,1.07235,450000,6750000
2023-02-08 15:41:01.886000,1.07238,1.07233,4050000,900000
2023-02-08 15:41:01.988000,1.07233,1.07232,450000,5440000
2023-02-08 15:41:02.090000,1.07234,1.07231,4050000,900000
2023-02-08 15:41:02.345000,1.07234,1.07229,3600000,1350000
2023-02-08 15:41:03.409000,1.07233,1.07231,450000,900000
2023-02-08 15:41:03.511000,1.07234,1.07228,450000,5850000
2023-02-08 15:41:04.238000,1.07233,1.07228,450000,5400000
2023-02-08 15:41:04.717000,1.07233,1.07229,450000,3600000
2023-02-08 15:41:05.410000,1.07232,1.07229,1350000,5620000
2023-02-08 15:41:07.305000,1.0723,1.07227,900000,4500000
2023-02-08 15:41:07.408000,1.07229,1.07224,3600000,5890000
2023-02-08 15:41:07.967000,1.07228,1.07223,450000,5400000
2023-02-08 15:41:08.070000,1.07225,1.07221,900000,1120000
2023-02-08 15:41:08.172000,1.07225,1.0722,900000,4500000
2023-02-08 15:41:08.386000,1.07226,1.07222,1800000,900000
2023-02-08 15:41:08.489000,1.07227,1.07224,4860000,4950000
2023-02-08 15:41:08.592000,1.07229,1.07224,4050000,2470000
2023-02-08 15:41:08.848000,1.0723,1.07225,3600000,1350000
2023-02-08 15:41:08.951000,1.07232,1.07227,3600000,1350000
2023-02-08 15:41:09.054000,1.07233,1.07228,450000,4500000
2023-02-08 15:41:09.258000,1.07233,1.07229,450000,4500000
2023-02-08 15:41:11.441000,1.07233,1.07228,450000,4950000
2023-02-08 15:41:12.227000,1.07235,1.07229,4950000,4950000
2023-02-08 15:41:12.380000,1.07235,1.0723,450000,3600000
2023-02-08 15:41:12.889000,1.07235,1.07229,4050000,4950000
2023-02-08 15:41:12.991000,1.07236,1.07232,900000,1350000
2023-02-08 15:41:13.773000,1.07236,1.07231,2340000,4500000
2023-02-08 15:41:13.875000,1.07235,1.0723,4050000,900000
2023-02-08 15:41:14.531000,1.07233,1.07231,3600000,900000
2023-02-08 15:41:14.633000,1.07235,1.0723,4050000,900000
2023-02-08 15:41:15.241000,1.07234,1.0723,450000,900000
2023-02-08 15:41:15.343000,1.07235,1.0723,4500000,900000
2023-02-08 15:41:15.651000,1.07238,1.07232,7110000,4050000
2023-02-08 15:41:15.753000,1.07237,1.07233,3600000,900000
2023-02-08 15:41:16.008000,1.07238,1.07233,5850000,900000
2023-02-08 15:41:16.393000,1.07237,1.07233,3600000,900000
2023-02-08 15:41:17.002000,1.07237,1.07234,450000,900000
2023-02-08 15:41:17.104000,1.07237,1.07233,3600000,900000
2023-02-08 15:41:17.662000,1.07237,1.07235,4050000,220000
2023-02-08 15:41:17.764000,1.07238,1.07233,4050000,900000
2023-02-08 15:41:17.991000,1.07237,1.07233,4950000,900000
2023-02-08 15:41:18.093000,1.07237,1.07232,4950000,1800000
2023-02-08 15:41:18.768000,1.07235,1.07232,450000,900000
2023-02-08 15:41:18.871000,1.07237,1.07232,5850000,1800000
2023-02-08 15:41:19.454000,1.07235,1.07231,900000,2250000
2023-02-08 15:41:19.557000,1.07236,1.07233,900000,900000
2023-02-08 15:41:19.681000,1.07237,1.07233,450000,900000
2023-02-08 15:41:19.834000,1.07238,1.07233,4950000,900000
2023-02-08 15:41:20.481000,1.0724,1.07236,900000,5400000
2023-02-08 15:41:20.583000,1.07239,1.07237,900000,900000
2023-02-08 15:41:20.939000,1.07239,1.07236,900000,900000
2023-02-08 15:41:21.084000,1.07238,1.07236,900000,900000
2023-02-08 15:41:21.186000,1.0724,1.07236,130000,900000
2023-02-08 15:41:21.592000,1.07241,1.07236,4180000,900000
2023-02-08 15:41:21.694000,1.07242,1.07237,4500000,1350000
2023-02-08 15:41:21.848000,1.0724,1.07237,1030000,900000
2023-02-08 15:41:21.950000,1.07239,1.07237,1030000,900000
2023-02-08 15:41:22.054000,1.07239,1.07236,130000,900000
2023-02-08 15:41:22.157000,1.07238,1.07233,3730000,5670000
2023-02-08 15:41:22.259000,1.07236,1.07234,130000,3600000
2023-02-08 15:41:22.362000,1.07238,1.07233,5350000,900000
2023-02-08 15:41:22.464000,1.07237,1.07232,4950000,900000
2023-02-08 15:41:22.567000,1.07236,1.07232,4050000,900000
2023-02-08 15:41:22.923000,1.07236,1.07231,4500000,900000
2023-02-08 15:41:23.026000,1.07235,1.07231,450000,450000
2023-02-08 15:41:23.128000,1.07235,1.07232,670000,450000
2023-02-08 15:41:23.332000,1.07235,1.0723,4050000,900000
2023-02-08 15:41:23.434000,1.07234,1.07229,4050000,1350000
2023-02-08 15:41:23.689000,1.07234,1.0723,450000,3600000
2023-02-08 15:41:23.791000,1.07234,1.07229,4050000,1350000
2023-02-08 15:41:23.893000,1.07233,1.07229,450000,900000
2023-02-08 15:41:23.996000,1.07232,1.07229,900000,900000
2023-02-08 15:41:24.098000,1.0723,1.07227,4050000,900000
2023-02-08 15:41:24.200000,1.07229,1.07226,450000,900000
2023-02-08 15:41:24.303000,1.0723,1.07225,3600000,2250000
2023-02-08 15:41:24.405000,1.07232,1.07227,1570000,4950000
2023-02-08 15:41:24.762000,1.0723,1.07228,450000,900000
2023-02-08 15:41:25.046000,1.0723,1.07226,3600000,900000
2023-02-08 15:41:25.352000,1.0723,1.07227,1350000,900000
2023-02-08 15:41:26.297000,1.0723,1.07225,4950000,900000
2023-02-08 15:41:26.399000,1.07229,1.07225,3600000,900000
2023-02-08 15:41:28.289000,1.07231,1.07227,3150000,4500000
2023-02-08 15:41:28.443000,1.07232,1.07227,900000,5170000
2023-02-08 15:41:28.546000,1.07232,1.07228,450000,3600000
2023-02-08 15:41:28.648000,1.07231,1.0723,450000,900000
2023-02-08 15:41:28.953000,1.07233,1.07229,900000,900000
2023-02-08 15:41:29.372000,1.07234,1.07229,4950000,900000
2023-02-08 15:41:30.844000,1.07232,1.07229,1350000,900000
2023-02-08 15:41:30.946000,1.07232,1.07228,1350000,900000
2023-02-08 15:41:30.998000,1.07234,1.07228,5850000,5170000
2023-02-08 15:41:31.100000,1.07234,1.07229,4950000,900000
2023-02-08 15:41:32.973000,1.07235,1.07229,1890000,4950000
2023-02-08 15:41:34.060000,1.07235,1.07231,8100000,2250000
2023-02-08 15:41:34.111000,1.07237,1.07232,4500000,450000
2023-02-08 15:41:34.214000,1.07238,1.07234,5310000,900000
2023-02-08 15:41:34.785000,1.07237,1.07234,4050000,900000
2023-02-08 15:41:34.887000,1.07237,1.07232,3600000,1350000
2023-02-08 15:41:34.990000,1.07236,1.07231,900000,1800000
2023-02-08 15:41:35.041000,1.07233,1.07231,450000,900000
2023-02-08 15:41:35.093000,1.07232,1.07229,450000,900000
2023-02-08 15:41:35.195000,1.07233,1.07228,540000,9000000
2023-02-08 15:41:35.247000,1.0723,1.07228,1440000,900000
2023-02-08 15:41:35.298000,1.07229,1.07226,4050000,900000
2023-02-08 15:41:35.350000,1.07227,1.07224,450000,5400000
2023-02-08 15:41:35.452000,1.07225,1.07223,1800000,3420000
2023-02-08 15:41:35.504000,1.07224,1.0722,4050000,900000
2023-02-08 15:41:35.707000,1.07222,1.0722,900000,900000
2023-02-08 15:41:38.381000,1.07226,1.07223,8460000,4050000
2023-02-08 15:41:38.483000,1.07229,1.07224,4500000,450000
2023-02-08 15:41:38.941000,1.07229,1.07223,3600000,4950000
2023-02-08 15:41:39.196000,1.07224,1.07221,3600000,4320000
2023-02-08 15:41:39.248000,1.07226,1.07221,3690000,3420000
2023-02-08 15:41:39.350000,1.07224,1.0722,3600000,1120000
2023-02-08 15:41:39.401000,1.07225,1.07221,8550000,4720000
2023-02-08 15:41:39.452000,1.07224,1.0722,3600000,1120000
2023-02-08 15:41:39.504000,1.07226,1.0722,3690000,1120000
2023-02-08 15:41:40.198000,1.07224,1.0722,3600000,1120000
2023-02-08 15:41:40.679000,1.07226,1.0722,3690000,4720000
2023-02-08 15:41:40.885000,1.07224,1.0722,3600000,1120000
2023-02-08 15:41:40.987000,1.07224,1.07221,3600000,1120000
2023-02-08 15:41:41.467000,1.07224,1.0722,3600000,900000
2023-02-08 15:41:41.671000,1.07227,1.07223,4860000,4050000
2023-02-08 15:41:41.773000,1.07228,1.07224,4500000,1800000
2023-02-08 15:41:41.875000,1.07229,1.07224,3600000,2250000
2023-02-08 15:41:42.955000,1.07228,1.07224,900000,900000
2023-02-08 15:41:44.346000,1.0723,1.07228,4860000,1350000
2023-02-08 15:41:44.397000,1.07234,1.0723,1800000,450000
2023-02-08 15:41:44.813000,1.07232,1.0723,450000,900000
2023-02-08 15:41:44.865000,1.07234,1.0723,3600000,900000
2023-02-08 15:41:45.799000,1.07234,1.07229,4050000,6790000
2023-02-08 15:41:48.452000,1.07231,1.07228,6300000,4320000
2023-02-08 15:41:48.656000,1.0723,1.07225,4500000,4320000
2023-02-08 15:41:48.911000,1.0723,1.07224,4050000,10390000
2023-02-08 15:41:50.170000,1.07229,1.07224,3600000,1120000
2023-02-08 15:41:56.363000,1.07229,1.07223,3600000,5170000
2023-02-08 15:41:56.791000,1.07228,1.07222,3600000,9490000
2023-02-08 15:41:57.776000,1.07228,1.07223,2700000,4050000
2023-02-08 15:41:57.878000,1.07229,1.07223,4950000,4050000
2023-02-08 15:41:58.809000,1.07227,1.07223,4500000,9270000
2023-02-08 15:41:58.962000,1.07228,1.07223,900000,3600000
2023-02-08 15:41:59.064000,1.07228,1.07222,4500000,5850000
2023-02-08 15:41:59.268000,1.07228,1.07223,450000,3600000
2023-02-08 15:41:59.370000,1.07226,1.07223,1350000,3600000
2023-02-08 15:41:59.421000,1.07225,1.07221,4050000,4320000
2023-02-08 15:41:59.575000,1.07225,1.0722,450000,4500000
2023-02-08 15:41:59.677000,1.07223,1.0722,450000,4270000
2023-02-08 15:41:59.780000,1.07225,1.07219,4500000,4270000
2023-02-08 15:41:59.882000,1.07224,1.07219,3600000,670000
2023-02-08 15:41:59.984000,1.07225,1.0722,450000,3600000
2023-02-08 15:42:00.345000,1.07224,1.07219,3600000,670000
2023-02-08 15:42:01.623000,1.07225,1.07219,6300000,4050000
2023-02-08 15:42:02.074000,1.07224,1.07219,450000,4050000
2023-02-08 15:42:02.430000,1.07225,1.07219,4050000,4950000
2023-02-08 15:42:02.979000,1.07224,1.07219,4500000,1350000
2023-02-08 15:42:04.692000,1.07222,1.07218,4950000,5220000
2023-02-08 15:42:04.795000,1.07221,1.07218,4500000,3420000
2023-02-08 15:42:04.846000,1.07221,1.07216,4500000,900000
2023-02-08 15:42:04.948000,1.07221,1.07215,4500000,6070000
2023-02-08 15:42:05.651000,1.07218,1.07216,540000,1120000
2023-02-08 15:42:05.753000,1.07215,1.07211,6390000,4500000
2023-02-08 15:42:05.857000,1.07213,1.07211,1350000,4500000
2023-02-08 15:42:05.908000,1.07213,1.07209,1350000,900000
2023-02-08 15:42:06.183000,1.07213,1.07208,1350000,4500000
2023-02-08 15:42:06.285000,1.07212,1.07208,900000,900000
2023-02-08 15:42:06.387000,1.0721,1.07206,4500000,4540000
2023-02-08 15:42:06.591000,1.07211,1.07206,1800000,1120000
2023-02-08 15:42:06.897000,1.07212,1.07206,3150000,5170000
2023-02-08 15:42:06.999000,1.07213,1.07208,4050000,2250000
2023-02-08 15:42:07.355000,1.07213,1.07209,450000,3600000
2023-02-08 15:42:07.476000,1.07212,1.07207,1350000,3420000
2023-02-08 15:42:07.578000,1.07212,1.07206,4950000,4950000
2023-02-08 15:42:07.782000,1.07213,1.07208,9360000,1350000
2023-02-08 15:42:07.986000,1.07214,1.07209,900000,3600000
2023-02-08 15:42:08.088000,1.07213,1.07208,3600000,2470000
2023-02-08 15:42:08.190000,1.07213,1.07209,4500000,6070000
2023-02-08 15:42:08.292000,1.07213,1.07208,900000,4270000
2023-02-08 15:42:08.629000,1.07213,1.07209,900000,450000
2023-02-08 15:42:08.778000,1.07213,1.07208,900000,7690000
2023-02-08 15:42:08.881000,1.07214,1.07208,4050000,4270000
2023-02-08 15:42:09.134000,1.07215,1.07209,6300000,4950000
2023-02-08 15:42:09.236000,1.07214,1.07209,450000,4950000
2023-02-08 15:42:09.631000,1.07213,1.07208,450000,4950000
2023-02-08 15:42:11.513000,1.07213,1.07209,3600000,450000
2023-02-08 15:42:11.615000,1.07213,1.0721,450000,450000
2023-02-08 15:42:12.323000,1.07213,1.07208,4050000,1800000
2023-02-08 15:42:12.680000,1.07213,1.07207,4050000,2920000
2023-02-08 15:42:12.782000,1.07213,1.07208,3600000,1350000
2023-02-08 15:42:12.884000,1.07213,1.07209,1350000,4950000
2023-02-08 15:42:13.088000,1.07212,1.07209,3600000,1350000
2023-02-08 15:42:13.190000,1.07214,1.07208,4050000,4950000
2023-02-08 15:42:13.393000,1.07215,1.07209,8320000,450000
2023-02-08 15:42:13.496000,1.07214,1.07208,1800000,4050000
2023-02-08 15:42:13.833000,1.07213,1.07208,450000,3600000
2023-02-08 15:42:13.936000,1.07214,1.07208,450000,4950000
2023-02-08 15:42:14.190000,1.07211,1.07207,5400000,4270000
2023-02-08 15:42:15.258000,1.07211,1.07206,450000,1350000
2023-02-08 15:42:15.411000,1.07211,1.07207,450000,3600000
2023-02-08 15:42:15.513000,1.07211,1.07206,450000,1350000
2023-02-08 15:42:15.768000,1.07212,1.07206,4950000,6300000
2023-02-08 15:42:15.870000,1.07213,1.07207,4500000,6570000
2023-02-08 15:42:15.972000,1.07213,1.07208,900000,4500000
2023-02-08 15:42:16.075000,1.07212,1.0721,900000,3600000
2023-02-08 15:42:16.177000,1.07213,1.07208,450000,4950000
2023-02-08 15:42:16.279000,1.07214,1.07209,4500000,450000
2023-02-08 15:42:17.337000,1.07215,1.07209,9360000,450000
2023-02-08 15:42:17.490000,1.07214,1.07209,3600000,450000
2023-02-08 15:42:17.592000,1.07215,1.07209,4050000,450000
2023-02-08 15:42:18.474000,1.07215,1.07214,4860000,3600000
2023-02-08 15:42:18.627000,1.07218,1.07213,450000,4500000
2023-02-08 15:42:18.831000,1.07216,1.07211,3600000,5440000
2023-02-08 15:42:18.985000,1.07215,1.07211,450000,3870000
2023-02-08 15:42:19.087000,1.07215,1.0721,1800000,4720000
2023-02-08 15:42:19.402000,1.07214,1.0721,450000,900000
2023-02-08 15:42:19.673000,1.07214,1.07209,450000,5170000
2023-02-08 15:42:20.030000,1.07214,1.0721,450000,450000
2023-02-08 15:42:20.305000,1.07215,1.0721,450000,670000
2023-02-08 15:42:20.813000,1.07213,1.07211,3600000,220000
2023-02-08 15:42:20.955000,1.07215,1.0721,900000,220000
2023-02-08 15:42:21.058000,1.07212,1.07208,6300000,3420000
2023-02-08 15:42:21.160000,1.07211,1.07207,1350000,900000
2023-02-08 15:42:21.262000,1.07211,1.07206,1350000,900000
2023-02-08 15:42:21.364000,1.0721,1.07206,450000,900000
2023-02-08 15:42:21.669000,1.07209,1.07204,4950000,900000
2023-02-08 15:42:21.771000,1.07209,1.07203,4950000,4950000
2023-02-08 15:42:22.127000,1.07208,1.07203,450000,4500000
2023-02-08 15:42:22.230000,1.07208,1.07202,1350000,5850000
2023-02-08 15:42:23.043000,1.07208,1.07203,900000,450000
2023-02-08 15:42:23.399000,1.07208,1.07202,4050000,9270000
2023-02-08 15:42:23.501000,1.07208,1.07203,900000,4050000
2023-02-08 15:42:23.857000,1.07208,1.07204,3600000,450000
2023-02-08 15:42:23.959000,1.07209,1.07204,4950000,450000
2023-02-08 15:42:24.988000,1.07209,1.07203,5850000,5170000
2023-02-08 15:42:27.037000,1.07209,1.07204,4050000,1570000
2023-02-08 15:42:27.632000,1.07208,1.07203,450000,8590000
2023-02-08 15:42:28.242000,1.07209,1.07204,4050000,900000
2023-02-08 15:42:28.839000,1.07211,1.07209,6660000,2250000
2023-02-08 15:42:28.891000,1.07216,1.07212,900000,4050000
2023-02-08 15:42:28.943000,1.07218,1.07213,450000,4950000
2023-02-08 15:42:29.146000,1.07219,1.07213,3600000,6070000
2023-02-08 15:42:29.626000,1.0722,1.07214,4950000,3600000
2023-02-08 15:42:30.011000,1.07216,1.07213,5850000,900000
2023-02-08 15:42:30.114000,1.07216,1.07211,3600000,4540000
2023-02-08 15:42:30.216000,1.07217,1.07211,5400000,4500000
2023-02-08 15:42:30.451000,1.07215,1.07211,450000,4320000
2023-02-08 15:42:30.969000,1.07214,1.0721,4950000,4500000
2023-02-08 15:42:31.122000,1.07213,1.07208,450000,8820000
2023-02-08 15:42:31.224000,1.07214,1.07209,900000,3600000
2023-02-08 15:42:31.326000,1.07215,1.07209,7960000,3600000
2023-02-08 15:42:32.242000,1.07214,1.07208,5400000,8820000
2023-02-08 15:42:32.344000,1.07215,1.07209,6070000,3600000
2023-02-08 15:42:32.497000,1.07215,1.0721,1800000,3600000
2023-02-08 15:42:32.650000,1.07216,1.0721,11380000,4500000
2023-02-08 15:42:33.023000,1.07215,1.0721,450000,7920000
2023-02-08 15:42:33.125000,1.07216,1.0721,7510000,8820000
2023-02-08 15:42:33.277000,1.07215,1.0721,450000,5400000
2023-02-08 15:42:34.849000,1.07216,1.0721,6750000,4500000
2023-02-08 15:42:34.952000,1.07216,1.07211,1350000,4500000
2023-02-08 15:42:35.054000,1.07217,1.07211,4050000,8820000
2023-02-08 15:42:35.475000,1.07217,1.07213,450000,900000
2023-02-08 15:42:35.628000,1.07218,1.07213,900000,4500000
2023-02-08 15:42:35.995000,1.07219,1.07213,5400000,4500000
2023-02-08 15:42:36.116000,1.07218,1.07213,3600000,900000
2023-02-08 15:42:36.218000,1.07219,1.07213,4500000,4500000
2023-02-08 15:42:36.320000,1.07218,1.07213,3600000,900000
2023-02-08 15:42:36.671000,1.07219,1.07213,9360000,4500000
2023-02-08 15:42:37.058000,1.07217,1.07214,4050000,900000
2023-02-08 15:42:37.625000,1.07219,1.07214,4050000,450000
2023-02-08 15:42:37.956000,1.0722,1.07215,900000,6750000
2023-02-08 15:42:38.313000,1.07221,1.07217,6430000,2250000
2023-02-08 15:42:38.415000,1.07223,1.07218,4500000,900000
2023-02-08 15:42:39.703000,1.07222,1.07217,4500000,4320000
2023-02-08 15:42:39.805000,1.07221,1.07217,3600000,4320000
2023-02-08 15:42:39.907000,1.07219,1.07217,900000,900000
2023-02-08 15:42:40.010000,1.07219,1.07215,450000,3420000
2023-02-08 15:42:40.112000,1.07219,1.07214,450000,4500000
2023-02-08 15:42:40.542000,1.07218,1.07213,450000,4500000
2023-02-08 15:42:40.647000,1.07215,1.07212,2250000,3420000
2023-02-08 15:42:40.750000,1.07215,1.07211,2250000,900000
2023-02-08 15:42:41.244000,1.07214,1.07211,900000,900000
2023-02-08 15:42:41.698000,1.07215,1.07211,6300000,900000
2023-02-08 15:42:41.800000,1.07215,1.0721,5400000,900000
2023-02-08 15:42:42.222000,1.07214,1.0721,450000,900000
2023-02-08 15:42:44.605000,1.07215,1.0721,4050000,900000
2023-02-08 15:42:45.136000,1.07213,1.07211,450000,900000
2023-02-08 15:42:45.492000,1.07216,1.07211,5850000,900000
2023-02-08 15:42:45.594000,1.07215,1.07211,3600000,900000
2023-02-08 15:42:45.696000,1.07216,1.07211,4950000,900000
2023-02-08 15:42:46.871000,1.07216,1.0721,6390000,4950000
2023-02-08 15:42:46.974000,1.07215,1.0721,4050000,900000
2023-02-08 15:42:47.076000,1.07216,1.0721,5400000,4950000
2023-02-08 15:42:47.428000,1.07215,1.0721,900000,4950000
2023-02-08 15:42:47.582000,1.07216,1.0721,4950000,5400000
2023-02-08 15:42:47.684000,1.07217,1.07212,4050000,1800000
2023-02-08 15:42:47.787000,1.07218,1.07213,900000,4950000
2023-02-08 15:42:47.940000,1.07219,1.07213,11020000,4950000
2023-02-08 15:42:48.042000,1.07218,1.07213,450000,4500000
2023-02-08 15:42:48.195000,1.07217,1.07212,4500000,900000
2023-02-08 15:42:48.297000,1.07216,1.07211,4050000,1800000
2023-02-08 15:42:48.589000,1.07215,1.07212,450000,900000
2023-02-08 15:42:49.036000,1.07214,1.07211,4500000,2250000
2023-02-08 15:42:50.908000,1.07215,1.07209,4500000,9270000
2023-02-08 15:42:52.903000,1.07211,1.07208,900000,5220000
2023-02-08 15:42:53.005000,1.07211,1.07209,5170000,3420000
2023-02-08 15:42:53.056000,1.07211,1.07207,5170000,4950000
2023-02-08 15:42:53.159000,1.07209,1.07207,3600000,900000
2023-02-08 15:42:53.261000,1.0721,1.07204,4050000,10390000
2023-02-08 15:42:53.381000,1.07211,1.07205,8320000,4950000
2023-02-08 15:42:53.648000,1.07212,1.07209,5760000,4950000
2023-02-08 15:42:53.751000,1.07215,1.0721,12960000,2700000
2023-02-08 15:42:53.853000,1.07215,1.07211,9360000,900000
2023-02-08 15:42:54.449000,1.07215,1.07212,900000,5850000
2023-02-08 15:42:55.334000,1.07215,1.07209,5490000,10170000
2023-02-08 15:42:55.908000,1.07214,1.07209,900000,5850000
2023-02-08 15:42:56.010000,1.07215,1.07209,5400000,5850000
2023-02-08 15:42:56.612000,1.07214,1.07209,3600000,2250000
2023-02-08 15:42:56.765000,1.07215,1.07209,4500000,5850000
2023-02-08 15:42:57.120000,1.07214,1.07209,3600000,2250000
2023-02-08 15:42:57.358000,1.07215,1.07209,5400000,5850000
2023-02-08 15:42:57.505000,1.07214,1.07209,3600000,2250000
2023-02-08 15:42:58.518000,1.07214,1.07211,900000,4950000
2023-02-08 15:42:59.107000,1.07217,1.07212,10710000,450000
2023-02-08 15:42:59.412000,1.07214,1.07212,900000,8370000
2023-02-08 15:43:00.270000,1.07215,1.0721,900000,10390000
2023-02-08 15:43:00.385000,1.07215,1.07211,900000,3600000
2023-02-08 15:43:00.651000,1.07215,1.0721,900000,11290000
2023-02-08 15:43:00.957000,1.07215,1.07211,4050000,11290000
2023-02-08 15:43:01.135000,1.07216,1.07211,450000,4500000
2023-02-08 15:43:01.440000,1.07216,1.0721,4050000,12640000
2023-02-08 15:43:02.372000,1.07216,1.07211,4050000,900000
2023-02-08 15:43:02.946000,1.07215,1.0721,450000,9490000
2023-02-08 15:43:03.099000,1.07215,1.07209,5400000,7650000
2023-02-08 15:43:03.586000,1.07214,1.07209,900000,6750000
2023-02-08 15:43:03.689000,1.07216,1.07211,7110000,4500000
2023-02-08 15:43:03.842000,1.07214,1.07212,450000,450000
2023-02-08 15:43:03.944000,1.07216,1.07211,4050000,450000
2023-02-08 15:43:04.148000,1.07215,1.0721,4950000,1350000
2023-02-08 15:43:04.603000,1.07214,1.0721,900000,1350000
2023-02-08 15:43:05.003000,1.07213,1.0721,4500000,2470000
2023-02-08 15:43:05.740000,1.07211,1.07209,4140000,1800000
2023-02-08 15:43:05.791000,1.07211,1.07206,9310000,4320000
2023-02-08 15:43:05.843000,1.0721,1.07204,1350000,6070000
2023-02-08 15:43:05.945000,1.0721,1.07209,7560000,900000
2023-02-08 15:43:06.098000,1.07213,1.07211,900000,900000
2023-02-08 15:43:06.222000,1.07214,1.07211,13050000,900000
2023-02-08 15:43:06.424000,1.07214,1.0721,900000,900000
2023-02-08 15:43:06.550000,1.07214,1.07211,6840000,900000
2023-02-08 15:43:06.653000,1.07211,1.07209,3460000,900000
2023-02-08 15:43:06.704000,1.0721,1.07204,5400000,12370000
2023-02-08 15:43:06.807000,1.07209,1.07204,450000,10120000
2023-02-08 15:43:07.011000,1.07209,1.07203,4050000,6970000
2023-02-08 15:43:08.292000,1.07209,1.07205,3600000,900000
2023-02-08 15:43:08.394000,1.07208,1.07205,3600000,2020000
2023-02-08 15:43:08.497000,1.0721,1.07206,4860000,900000
2023-02-08 15:43:08.599000,1.07209,1.07205,450000,4500000
2023-02-08 15:43:08.895000,1.07212,1.07209,5080000,4500000
2023-02-08 15:43:08.997000,1.07212,1.0721,4860000,900000
2023-02-08 15:43:09.049000,1.07215,1.07211,450000,4950000
2023-02-08 15:43:09.101000,1.07216,1.07214,220000,2250000
2023-02-08 15:43:09.203000,1.07218,1.07215,220000,4050000
2023-02-08 15:43:09.305000,1.07221,1.07215,11560000,4050000
2023-02-08 15:43:09.407000,1.07215,1.07213,120000,4410000
2023-02-08 15:43:09.561000,1.07214,1.0721,450000,450000
2023-02-08 15:43:09.612000,1.07216,1.07213,450000,3420000
2023-02-08 15:43:09.664000,1.07218,1.07213,2020000,4050000
2023-02-08 15:43:09.766000,1.07219,1.07214,6880000,3600000
2023-02-08 15:43:09.919000,1.07219,1.07215,450000,4500000
2023-02-08 15:43:10.073000,1.07219,1.07214,450000,3600000
2023-02-08 15:43:10.226000,1.07219,1.07215,450000,3600000
2023-02-08 15:43:10.328000,1.0722,1.07215,1570000,4500000
2023-02-08 15:43:10.583000,1.07219,1.07214,450000,4950000
2023-02-08 15:43:10.685000,1.0722,1.07214,4950000,4950000
2023-02-08 15:43:10.907000,1.0722,1.07215,1350000,3600000
2023-02-08 15:43:11.009000,1.07221,1.07215,10800000,6750000
2023-02-08 15:43:11.112000,1.07219,1.07216,540000,3600000
2023-02-08 15:43:11.214000,1.07221,1.07215,5940000,4050000
2023-02-08 15:43:11.265000,1.07219,1.07215,450000,3600000
2023-02-08 15:43:11.368000,1.0722,1.07215,450000,3600000
2023-02-08 15:43:11.627000,1.07219,1.07215,450000,3600000
2023-02-08 15:43:11.780000,1.07219,1.07214,450000,4500000
2023-02-08 15:43:12.542000,1.07219,1.07216,450000,900000
2023-02-08 15:43:12.644000,1.0722,1.07216,450000,900000
2023-02-08 15:43:13.968000,1.07221,1.07217,5400000,1350000
2023-02-08 15:43:14.071000,1.07224,1.07222,10480000,3600000
2023-02-08 15:43:14.224000,1.07225,1.0722,6210000,4500000
2023-02-08 15:43:14.326000,1.07223,1.0722,450000,3600000
2023-02-08 15:43:14.429000,1.07222,1.07219,900000,3420000
2023-02-08 15:43:14.531000,1.07222,1.07218,900000,4500000
2023-02-08 15:43:14.633000,1.07221,1.07219,900000,4500000
2023-02-08 15:43:15.039000,1.07223,1.07218,900000,7960000
2023-02-08 15:43:15.141000,1.07221,1.07219,900000,7920000
2023-02-08 15:43:15.294000,1.07222,1.07218,450000,900000
2023-02-08 15:43:15.765000,1.07223,1.07218,1350000,4500000
2023-02-08 15:43:15.918000,1.07224,1.07218,4950000,5850000
2023-02-08 15:43:16.317000,1.07223,1.07218,900000,7920000
2023-02-08 15:43:16.419000,1.0722,1.07217,450000,3420000
2023-02-08 15:43:16.573000,1.07221,1.07216,8100000,900000
2023-02-08 15:43:16.930000,1.07222,1.07217,5170000,1800000
2023-02-08 15:43:17.184000,1.0722,1.07218,900000,7920000
2023-02-08 15:43:17.388000,1.07222,1.07217,4050000,6570000
2023-02-08 15:43:17.491000,1.07222,1.07218,4050000,450000
2023-02-08 15:43:17.593000,1.07224,1.07218,5400000,5850000
2023-02-08 15:43:17.695000,1.07224,1.07219,900000,3600000
2023-02-08 15:43:17.797000,1.07223,1.07221,900000,4500000
2023-02-08 15:43:18.306000,1.07222,1.0722,900000,900000
2023-02-08 15:43:18.462000,1.07224,1.0722,4050000,900000
2023-02-08 15:43:18.946000,1.07223,1.07219,4050000,9270000
2023-02-08 15:43:19.048000,1.07225,1.07219,540000,4050000
2023-02-08 15:43:19.150000,1.07224,1.07218,4950000,11070000
2023-02-08 15:43:19.303000,1.07224,1.07221,5850000,450000
2023-02-08 15:43:19.405000,1.07223,1.0722,4050000,2020000
2023-02-08 15:43:19.508000,1.07223,1.07218,3600000,5890000
2023-02-08 15:43:19.610000,1.07224,1.07218,1570000,9270000
2023-02-08 15:43:19.864000,1.07223,1.07218,3600000,2250000
2023-02-08 15:43:19.966000,1.07224,1.07218,670000,5850000
2023-02-08 15:43:20.314000,1.07223,1.07218,4500000,900000
2023-02-08 15:43:21.939000,1.07224,1.07219,3600000,1800000
2023-02-08 15:43:22.346000,1.07222,1.0722,450000,900000
2023-02-08 15:43:22.645000,1.07223,1.07218,5170000,4320000
2023-02-08 15:43:23.107000,1.07223,1.07217,6070000,8820000
2023-02-08 15:43:23.209000,1.07222,1.07217,1350000,8370000
2023-02-08 15:43:23.312000,1.07221,1.07215,4950000,9940000
2023-02-08 15:43:23.638000,1.07221,1.07216,1350000,3600000
2023-02-08 15:43:24.250000,1.07221,1.07215,4500000,10390000
2023-02-08 15:43:24.352000,1.07219,1.07216,450000,8820000
2023-02-08 15:43:24.658000,1.07221,1.07216,4950000,900000
2023-02-08 15:43:24.760000,1.07221,1.07215,4950000,9490000
2023-02-08 15:43:25.065000,1.07221,1.07216,4050000,450000
2023-02-08 15:43:25.217000,1.0722,1.07215,900000,9040000
2023-02-08 15:43:25.374000,1.07221,1.07215,9540000,5170000
2023-02-08 15:43:25.480000,1.07221,1.07216,4950000,450000
2023-02-08 15:43:25.696000,1.07221,1.07215,5850000,9270000
2023-02-08 15:43:26.204000,1.07221,1.07216,4050000,900000
2023-02-08 15:43:26.306000,1.07222,1.07216,5400000,7870000
2023-02-08 15:43:26.409000,1.07221,1.07218,450000,5850000
2023-02-08 15:43:26.512000,1.07222,1.07218,450000,900000
2023-02-08 15:43:26.563000,1.07224,1.07218,4720000,5850000
2023-02-08 15:43:26.615000,1.07224,1.0722,450000,3600000
2023-02-08 15:43:26.768000,1.07224,1.07221,450000,3600000
2023-02-08 15:43:26.973000,1.07226,1.07222,2250000,3600000
2023-02-08 15:43:27.025000,1.07226,1.0722,2250000,10170000
2023-02-08 15:43:27.076000,1.07226,1.07222,2250000,3600000
2023-02-08 15:43:27.127000,1.07226,1.0722,5850000,9270000
2023-02-08 15:43:27.229000,1.07224,1.07221,450000,3600000
2023-02-08 15:43:27.332000,1.07222,1.07221,450000,3420000
2023-02-08 15:43:27.434000,1.07226,1.07221,1800000,3600000
2023-02-08 15:43:27.536000,1.07225,1.07221,450000,3600000
2023-02-08 15:43:27.841000,1.07226,1.07221,1800000,3600000
2023-02-08 15:43:28.096000,1.07226,1.07222,450000,4050000
2023-02-08 15:43:28.464000,1.07228,1.07223,1800000,3600000
2023-02-08 15:43:28.566000,1.0723,1.07225,6210000,4050000
2023-02-08 15:43:28.669000,1.07229,1.07228,450000,3600000
2023-02-08 15:43:28.720000,1.0723,1.07225,450000,8770000
2023-02-08 15:43:28.822000,1.0723,1.07227,450000,3600000
2023-02-08 15:43:28.924000,1.07232,1.07228,450000,3600000
2023-02-08 15:43:29.077000,1.07232,1.07227,900000,4050000
2023-02-08 15:43:29.180000,1.07233,1.07228,900000,4050000
2023-02-08 15:43:29.434000,1.07233,1.07227,4950000,10170000
2023-02-08 15:43:29.536000,1.07233,1.07228,1350000,3600000
2023-02-08 15:43:29.892000,1.07232,1.07228,450000,3600000
2023-02-08 15:43:29.994000,1.07232,1.07227,2250000,7020000
2023-02-08 15:43:30.113000,1.07231,1.07227,450000,3600000
2023-02-08 15:43:30.379000,1.0723,1.07225,900000,9490000
2023-02-08 15:43:30.481000,1.07229,1.07225,450000,3420000
2023-02-08 15:43:30.584000,1.07229,1.07224,4050000,2470000
2023-02-08 15:43:30.993000,1.07229,1.07223,5850000,9040000
2023-02-08 15:43:31.095000,1.07228,1.07223,450000,8590000
2023-02-08 15:43:31.200000,1.07229,1.07223,5850000,5620000
2023-02-08 15:43:31.866000,1.07228,1.07223,670000,5400000
2023-02-08 15:43:32.171000,1.07229,1.07223,5620000,4950000
2023-02-08 15:43:32.577000,1.07229,1.07224,4720000,450000
2023-02-08 15:43:32.934000,1.0723,1.07224,4050000,6970000
2023-02-08 15:43:37.095000,1.0723,1.07225,900000,4270000
2023-02-08 15:43:37.197000,1.0723,1.07224,5400000,6970000
2023-02-08 15:43:39.915000,1.07231,1.07226,6970000,900000
2023-02-08 15:43:40.017000,1.07232,1.07228,5080000,3600000
2023-02-08 15:43:40.119000,1.07233,1.07228,450000,3600000
2023-02-08 15:43:40.222000,1.07233,1.0723,450000,3600000
2023-02-08 15:43:40.324000,1.0723,1.07228,450000,900000
2023-02-08 15:43:40.376000,1.0723,1.07227,8190000,3420000
2023-02-08 15:43:40.529000,1.0723,1.07226,450000,4500000
2023-02-08 15:43:40.659000,1.07231,1.07226,900000,4950000
2023-02-08 15:43:41.117000,1.07231,1.07227,900000,3600000
2023-02-08 15:43:41.591000,1.07232,1.07227,450000,3600000
2023-02-08 15:43:41.744000,1.07233,1.07228,11610000,450000
2023-02-08 15:43:41.846000,1.07233,1.07229,450000,3600000
2023-02-08 15:43:41.949000,1.07233,1.07228,450000,4050000
2023-02-08 15:43:42.051000,1.07233,1.07229,450000,3600000
2023-02-08 15:43:42.153000,1.07233,1.07228,450000,4050000
2023-02-08 15:43:42.255000,1.07232,1.07228,450000,3600000
2023-02-08 15:43:42.459000,1.07231,1.07227,900000,3600000
2023-02-08 15:43:42.561000,1.0723,1.07226,1350000,3420000
2023-02-08 15:43:42.663000,1.0723,1.07225,450000,4050000
2023-02-08 15:43:43.495000,1.07229,1.07226,3600000,450000
2023-02-08 15:43:43.547000,1.07231,1.07228,5760000,4050000
2023-02-08 15:43:43.700000,1.07233,1.07228,900000,7470000
2023-02-08 15:43:43.853000,1.07233,1.07229,4500000,8370000
2023-02-08 15:43:43.955000,1.07235,1.07231,5760000,1350000
2023-02-08 15:43:44.057000,1.07236,1.07233,4860000,3150000
2023-02-08 15:43:44.109000,1.07239,1.07234,1350000,3600000
2023-02-08 15:43:44.334000,1.07237,1.07233,4950000,900000
2023-02-08 15:43:44.436000,1.07237,1.07232,1350000,9270000
2023-02-08 15:43:44.969000,1.07238,1.07234,450000,3600000
2023-02-08 15:43:45.071000,1.07239,1.07234,2250000,3600000
2023-02-08 15:43:45.603000,1.07239,1.07235,450000,3600000
2023-02-08 15:43:45.705000,1.0724,1.07234,7200000,5850000
2023-02-08 15:43:45.807000,1.07239,1.07237,1350000,900000
2023-02-08 15:43:45.910000,1.0724,1.07235,5400000,900000
2023-02-08 15:43:46.245000,1.0724,1.07236,1350000,900000
2023-02-08 15:43:46.741000,1.07241,1.07236,2250000,5170000
2023-02-08 15:43:46.843000,1.07241,1.07237,450000,3600000
2023-02-08 15:43:46.946000,1.07243,1.07237,7200000,4050000
2023-02-08 15:43:47.049000,1.0724,1.07237,450000,4320000
2023-02-08 15:43:47.252000,1.07241,1.07236,7200000,1800000
2023-02-08 15:43:47.354000,1.07241,1.07237,7200000,900000
2023-02-08 15:43:47.456000,1.0724,1.07236,450000,900000
2023-02-08 15:43:47.660000,1.07241,1.07237,900000,3820000
2023-02-08 15:43:47.762000,1.07243,1.07238,5310000,4500000
2023-02-08 15:43:48.271000,1.07244,1.07238,5850000,5620000
2023-02-08 15:43:49.168000,1.07245,1.07241,450000,3600000
2023-02-08 15:43:49.270000,1.07246,1.07242,900000,3600000
2023-02-08 15:43:49.525000,1.07244,1.07241,450000,4500000
2023-02-08 15:43:49.627000,1.07244,1.0724,450000,3600000
2023-02-08 15:43:50.448000,1.07243,1.07239,450000,900000
2023-02-08 15:43:51.261000,1.07241,1.07238,900000,3420000
2023-02-08 15:43:51.363000,1.07242,1.07238,450000,3420000
2023-02-08 15:43:51.465000,1.07242,1.07237,450000,5400000
2023-02-08 15:43:51.943000,1.07242,1.07238,450000,900000
2023-02-08 15:43:52.096000,1.07241,1.07236,2790000,4320000
2023-02-08 15:43:52.198000,1.0724,1.07236,450000,3420000
2023-02-08 15:43:52.301000,1.07242,1.07237,1350000,4500000
2023-02-08 15:43:52.403000,1.07243,1.07237,10350000,4950000
2023-02-08 15:43:52.718000,1.07243,1.07238,1440000,900000
2023-02-08 15:43:53.023000,1.07243,1.07237,1440000,10390000
2023-02-08 15:43:53.478000,1.0724,1.07237,450000,4320000
2023-02-08 15:43:53.580000,1.07244,1.07239,9130000,900000
2023-02-08 15:43:53.682000,1.07244,1.0724,4860000,3600000
2023-02-08 15:43:53.785000,1.07245,1.0724,1890000,3600000
2023-02-08 15:43:53.989000,1.07244,1.07239,3600000,5670000
2023-02-08 15:43:54.190000,1.07245,1.0724,900000,3600000
2023-02-08 15:43:54.293000,1.07246,1.07241,8550000,1120000
2023-02-08 15:43:54.396000,1.07247,1.07242,450000,3600000
2023-02-08 15:43:54.499000,1.07246,1.07242,1350000,900000
2023-02-08 15:43:54.602000,1.07245,1.0724,900000,4500000
2023-02-08 15:43:55.043000,1.07244,1.0724,450000,3600000
2023-02-08 15:43:55.146000,1.07243,1.0724,4950000,4320000
2023-02-08 15:43:55.888000,1.07243,1.07239,450000,900000
2023-02-08 15:43:56.743000,1.0724,1.07237,450000,900000
2023-02-08 15:43:56.845000,1.0724,1.07236,450000,7020000
2023-02-08 15:43:57.108000,1.0724,1.07235,450000,10620000
2023-02-08 15:43:57.211000,1.0724,1.07236,900000,3600000
2023-02-08 15:44:00.154000,1.0724,1.07235,900000,5400000
2023-02-08 15:44:04.298000,1.0724,1.07236,1350000,3600000
2023-02-08 15:44:04.401000,1.0724,1.07235,1350000,5400000
2023-02-08 15:44:04.556000,1.0724,1.07236,1350000,3600000
2023-02-08 15:44:04.835000,1.0724,1.07235,1440000,5400000
2023-02-08 15:44:06.400000,1.07238,1.07235,900000,3600000
2023-02-08 15:44:06.452000,1.07231,1.07229,1800000,4720000
2023-02-08 15:44:06.503000,1.07233,1.0723,5620000,2700000
2023-02-08 15:44:06.606000,1.07235,1.07231,4950000,450000
2023-02-08 15:44:06.809000,1.07235,1.07232,450000,450000
2023-02-08 15:44:07.016000,1.07236,1.07232,8190000,450000
2023-02-08 15:44:07.119000,1.07234,1.0723,450000,900000
2023-02-08 15:44:07.672000,1.07234,1.07229,4050000,220000
2023-02-08 15:44:07.777000,1.07233,1.07229,450000,3600000
2023-02-08 15:44:07.880000,1.07234,1.07229,1350000,4050000
2023-02-08 15:44:09.729000,1.07231,1.07228,2250000,3420000
2023-02-08 15:44:09.831000,1.07231,1.07229,900000,900000
2023-02-08 15:44:09.883000,1.07232,1.0723,4860000,4720000
2023-02-08 15:44:10.036000,1.07235,1.07229,6390000,5170000
2023-02-08 15:44:10.138000,1.07234,1.07229,4050000,1120000
2023-02-08 15:44:11.885000,1.07235,1.07229,8190000,5170000
2023-02-08 15:44:11.987000,1.07234,1.07229,1350000,4720000
2023-02-08 15:44:12.353000,1.0723,1.07229,450000,7020000
2023-02-08 15:44:12.456000,1.0723,1.07227,1350000,3420000
2023-02-08 15:44:12.558000,1.07231,1.07227,5400000,3420000
2023-02-08 15:44:12.609000,1.07231,1.07225,5400000,6070000
2023-02-08 15:44:12.712000,1.0723,1.07225,450000,5620000
2023-02-08 15:44:13.500000,1.07229,1.07224,4050000,1120000
2023-02-08 15:44:13.602000,1.07228,1.07224,450000,220000
2023-02-08 15:44:13.705000,1.07228,1.07223,1350000,3600000
2023-02-08 15:44:14.375000,1.07229,1.07224,4500000,450000
2023-02-08 15:44:14.477000,1.07229,1.07223,4950000,8590000
2023-02-08 15:44:15.250000,1.07229,1.07224,3600000,450000
2023-02-08 15:44:15.352000,1.0723,1.07224,6840000,4050000
2023-02-08 15:44:15.567000,1.07229,1.07224,450000,3600000
2023-02-08 15:44:16.852000,1.0723,1.07224,3690000,4050000
2023-02-08 15:44:17.109000,1.07228,1.07224,450000,3600000
2023-02-08 15:44:17.211000,1.07228,1.07223,450000,4720000
2023-02-08 15:44:19.468000,1.07229,1.07223,4950000,9220000
2023-02-08 15:44:19.823000,1.07228,1.07223,450000,10120000
2023-02-08 15:44:19.925000,1.07229,1.07225,7200000,4050000
2023-02-08 15:44:20.121000,1.07229,1.07224,3600000,450000
2023-02-08 15:44:20.223000,1.07231,1.07228,7560000,900000
2023-02-08 15:44:20.325000,1.07231,1.07229,4860000,450000
2023-02-08 15:44:20.377000,1.07235,1.07229,4500000,4050000
2023-02-08 15:44:24.582000,1.07231,1.07228,5850000,3420000
2023-02-08 15:44:24.685000,1.07229,1.07226,4950000,4500000
2023-02-08 15:44:24.787000,1.07229,1.07223,4950000,12640000
2023-02-08 15:44:25.599000,1.07225,1.07222,900000,3420000
2023-02-08 15:44:25.753000,1.07225,1.07221,4500000,4500000
2023-02-08 15:44:26.768000,1.07225,1.07223,900000,1350000
2023-02-08 15:44:26.870000,1.07226,1.07222,450000,3600000
2023-02-08 15:44:26.973000,1.07225,1.07221,450000,7650000
2023-02-08 15:44:27.865000,1.07226,1.07221,13860000,4950000
2023-02-08 15:44:27.968000,1.07225,1.07224,8010000,3600000
2023-02-08 15:44:28.121000,1.07227,1.07224,450000,8590000
2023-02-08 15:44:28.646000,1.07227,1.07222,450000,4720000
2023-02-08 15:44:29.384000,1.07228,1.07223,450000,3820000
2023-02-08 15:44:29.998000,1.07229,1.07223,4950000,4270000
2023-02-08 15:44:30.594000,1.07229,1.07225,3600000,1120000
2023-02-08 15:44:30.646000,1.07231,1.07226,4050000,450000
2023-02-08 15:44:30.951000,1.0723,1.07226,4050000,900000
2023-02-08 15:44:31.623000,1.07231,1.07226,6300000,1570000
2023-02-08 15:44:31.827000,1.07232,1.07226,4140000,5620000
2023-02-08 15:44:31.930000,1.07232,1.07227,540000,3600000
2023-02-08 15:44:33.348000,1.07232,1.07226,4050000,6070000
2023-02-08 15:44:33.400000,1.0723,1.07226,450000,900000
2023-02-08 15:44:33.502000,1.07232,1.07228,450000,900000
2023-02-08 15:44:33.604000,1.07233,1.07227,5940000,5620000
2023-02-08 15:44:33.859000,1.07231,1.07226,4950000,900000
2023-02-08 15:44:33.961000,1.0723,1.07226,450000,900000
2023-02-08 15:44:34.266000,1.07229,1.07225,4050000,900000
2023-02-08 15:44:34.368000,1.07229,1.07224,4050000,4990000
2023-02-08 15:44:34.927000,1.07229,1.07225,450000,900000
2023-02-08 15:44:35.030000,1.07231,1.07228,4860000,4950000
2023-02-08 15:44:35.081000,1.07233,1.07229,900000,3600000
2023-02-08 15:44:35.183000,1.07234,1.07231,9360000,900000
2023-02-08 15:44:38.805000,1.07236,1.07231,8550000,1350000
2023-02-08 15:44:39.112000,1.07235,1.0723,450000,4270000
2023-02-08 15:44:40.168000,1.07234,1.0723,3600000,220000
2023-02-08 15:44:40.270000,1.07234,1.07229,3600000,1570000
2023-02-08 15:44:40.575000,1.07235,1.07229,4500000,6070000
2023-02-08 15:44:40.685000,1.07235,1.0723,4500000,900000
2023-02-08 15:44:40.787000,1.07233,1.07231,3600000,900000
2023-02-08 15:44:40.889000,1.07234,1.07229,3600000,2470000
2023-02-08 15:44:40.991000,1.07235,1.0723,1350000,3820000
2023-02-08 15:44:41.774000,1.07235,1.07229,4500000,5170000
2023-02-08 15:44:42.211000,1.07234,1.07229,3600000,1570000
2023-02-08 15:44:42.669000,1.07234,1.0723,4950000,5170000
2023-02-08 15:44:43.326000,1.07235,1.0723,900000,3600000
2023-02-08 15:44:44.511000,1.07235,1.07231,900000,900000
2023-02-08 15:44:44.613000,1.07235,1.0723,900000,4500000
2023-02-08 15:44:44.976000,1.07235,1.07231,13860000,6970000
2023-02-08 15:44:45.027000,1.07236,1.07232,6750000,900000
2023-02-08 15:44:45.231000,1.07236,1.07231,2250000,5850000
2023-02-08 15:44:45.640000,1.07236,1.07232,1350000,900000
2023-02-08 15:44:45.954000,1.07236,1.07233,1350000,1570000
2023-02-08 15:44:46.057000,1.07239,1.07234,450000,4500000
2023-02-08 15:44:46.159000,1.0724,1.07235,6750000,450000
2023-02-08 15:44:46.488000,1.07239,1.07234,450000,5620000
2023-02-08 15:44:46.595000,1.07239,1.07236,11160000,450000
2023-02-08 15:44:46.698000,1.07239,1.07235,450000,3820000
2023-02-08 15:44:47.164000,1.07238,1.07235,450000,3820000
2023-02-08 15:44:48.497000,1.07238,1.07234,900000,3820000
2023-02-08 15:44:48.548000,1.07235,1.07233,450000,3420000
2023-02-08 15:44:48.651000,1.07235,1.0723,900000,3600000
2023-02-08 15:44:50.834000,1.07235,1.07229,4500000,5170000
2023-02-08 15:44:57.636000,1.07234,1.07229,4500000,670000
2023-02-08 15:44:57.991000,1.07233,1.07228,450000,5170000
2023-02-08 15:44:58.093000,1.07233,1.07229,900000,4720000
2023-02-08 15:44:58.310000,1.07233,1.0723,900000,220000
2023-02-08 15:44:59.725000,1.07233,1.07229,1350000,8590000
2023-02-08 15:45:00.615000,1.07231,1.07228,5400000,3640000
