time,ask,bid,ask_volume,bid_volume
2017-02-15 10:25:01.657000,1.05477,1.05476,1000000,2250000
2017-02-15 10:25:03.006000,1.05478,1.05476,1500000,2250000
2017-02-15 10:25:03.637000,1.05476,1.05475,1000000,1870000
2017-02-15 10:25:06.265000,1.05475,1.05474,1000000,2620000
2017-02-15 10:25:07.678000,1.05476,1.05475,1500000,1000000
2017-02-15 10:25:10.128000,1.05476,1.05474,4750000,1870000
2017-02-15 10:25:11.345000,1.05475,1.05474,1000000,1120000
2017-02-15 10:25:11.944000,1.05476,1.05474,2250000,1870000
2017-02-15 10:25:20.600000,1.05476,1.05475,1500000,1000000
2017-02-15 10:25:21.257000,1.05477,1.05475,3940000,1000000
2017-02-15 10:25:25.524000,1.05476,1.05475,1000000,1000000
2017-02-15 10:25:28.446000,1.05476,1.05474,3750000,1870000
2017-02-15 10:25:28.753000,1.05475,1.05473,1500000,6670000
2017-02-15 10:25:30.534000,1.05474,1.05472,6060000,5850000
2017-02-15 10:25:30.939000,1.05476,1.05475,5810000,1000000
2017-02-15 10:25:31.987000,1.05475,1.05474,1000000,2620000
2017-02-15 10:25:32.809000,1.05475,1.05474,1000000,2620000
2017-02-15 10:25:33.616000,1.05476,1.05475,1870000,1000000
2017-02-15 10:25:34.259000,1.05477,1.05476,1690000,1000000
2017-02-15 10:25:34.563000,1.05475,1.05473,3000000,14250000
2017-02-15 10:25:34.758000,1.05474,1.05472,9380000,1720000
2017-02-15 10:25:35.430000,1.05473,1.05472,1000000,3600000
2017-02-15 10:25:36.079000,1.05473,1.05472,1000000,5850000
2017-02-15 10:25:36.383000,1.05473,1.05472,1000000,1120000
2017-02-15 10:25:36.888000,1.05475,1.05473,11210000,1000000
2017-02-15 10:25:37.040000,1.05474,1.05472,4750000,3000000
2017-02-15 10:25:37.480000,1.05475,1.05473,8440000,1000000
2017-02-15 10:25:37.980000,1.05473,1.05472,1000000,2850000
2017-02-15 10:25:39.750000,1.05474,1.05472,1870000,4350000
2017-02-15 10:25:40.297000,1.05474,1.05471,12790000,3370000
2017-02-15 10:25:40.833000,1.05473,1.05472,1000000,2100000
2017-02-15 10:25:43.660000,1.05474,1.05472,3560000,2100000
2017-02-15 10:25:44.834000,1.05473,1.05472,1000000,1500000
2017-02-15 10:25:45.470000,1.05477,1.05475,14890000,2350000
2017-02-15 10:25:45.572000,1.05477,1.05475,1120000,1690000
2017-02-15 10:25:46.201000,1.05476,1.05473,6370000,6750000
2017-02-15 10:25:46.572000,1.05474,1.05473,1000000,1120000
2017-02-15 10:25:47.994000,1.05473,1.05472,1000000,1500000
2017-02-15 10:25:48.202000,1.05472,1.05471,1500000,1000000
2017-02-15 10:25:51.031000,1.05474,1.05473,2250000,1000000
2017-02-15 10:25:51.082000,1.05474,1.05473,1000000,1000000
2017-02-15 10:25:51.405000,1.05473,1.05471,1500000,1120000
2017-02-15 10:25:52.495000,1.05472,1.05471,1000000,1870000
2017-02-15 10:25:52.703000,1.05468,1.05467,1000000,8100000
2017-02-15 10:25:52.957000,1.05467,1.05465,1190000,9000000
2017-02-15 10:25:53.160000,1.05465,1.05463,1500000,4120000
2017-02-15 10:25:53.906000,1.05465,1.05464,2210000,1000000
2017-02-15 10:25:54.413000,1.05464,1.05463,1500000,3370000
2017-02-15 10:25:54.565000,1.05467,1.05466,8250000,1500000
2017-02-15 10:25:54.775000,1.0547,1.05468,17469999,1000000
2017-02-15 10:25:54.827000,1.05468,1.05465,1190000,15000000
2017-02-15 10:25:55.335000,1.05467,1.05466,2290000,1000000
2017-02-15 10:25:55.842000,1.05467,1.05466,3040000,1000000
2017-02-15 10:25:56.427000,1.05467,1.05466,1690000,2620000
2017-02-15 10:25:56.478000,1.0547,1.05468,9370000,1000000
2017-02-15 10:25:56.835000,1.05471,1.05469,1690000,2250000
2017-02-15 10:25:57.376000,1.0547,1.05469,1000000,1120000
2017-02-15 10:26:03.064000,1.05471,1.05469,6790000,4370000
2017-02-15 10:26:05.084000,1.05471,1.0547,1160000,1000000
2017-02-15 10:26:05.286000,1.05474,1.05472,10120000,2120000
2017-02-15 10:26:05.616000,1.05476,1.05475,4310000,1000000
2017-02-15 10:26:05.667000,1.05476,1.05475,1690000,1000000
2017-02-15 10:26:05.920000,1.05479,1.05477,14060000,2120000
2017-02-15 10:26:06.123000,1.05479,1.05478,5100000,2250000
2017-02-15 10:26:06.662000,1.05478,1.05477,1250000,4120000
2017-02-15 10:26:06.798000,1.0548,1.05478,14170000,2620000
2017-02-15 10:26:06.900000,1.05483,1.05481,1000000,5620000
2017-02-15 10:26:07.564000,1.05483,1.05482,1000000,1000000
2017-02-15 10:26:08.093000,1.05483,1.05482,1000000,4120000
2017-02-15 10:26:08.601000,1.05482,1.0548,1560000,15370000
2017-02-15 10:26:08.753000,1.05482,1.0548,1190000,8250000
2017-02-15 10:26:09.006000,1.0548,1.05478,1310000,5620000
2017-02-15 10:26:09.536000,1.0548,1.05478,1000000,1870000
2017-02-15 10:26:14.237000,1.05481,1.0548,5250000,1870000
2017-02-15 10:26:14.440000,1.05483,1.05482,2060000,1500000
2017-02-15 10:26:17.788000,1.05483,1.05481,3440000,7500000
2017-02-15 10:26:18.538000,1.05483,1.05481,3190000,3750000
2017-02-15 10:26:19.065000,1.05482,1.05481,1000000,5250000
2017-02-15 10:26:20.197000,1.05482,1.0548,8290000,6370000
2017-02-15 10:26:20.450000,1.05479,1.05478,1500000,1000000
2017-02-15 10:26:20.978000,1.05479,1.05477,1390000,4120000
2017-02-15 10:26:22.035000,1.05483,1.05481,7500000,1000000
2017-02-15 10:26:22.139000,1.05483,1.05482,1500000,4870000
2017-02-15 10:26:23.264000,1.05484,1.05482,5060000,2620000
2017-02-15 10:26:27.684000,1.05484,1.05483,3190000,1000000
2017-02-15 10:26:28.264000,1.05484,1.05482,3190000,2250000
2017-02-15 10:26:31.212000,1.05487,1.05485,20809999,5870000
2017-02-15 10:26:31.466000,1.05489,1.05487,2250000,1120000
2017-02-15 10:26:31.517000,1.05488,1.05486,1620000,3750000
2017-02-15 10:26:31.821000,1.05486,1.05485,5440000,1000000
2017-02-15 10:26:32.325000,1.05487,1.05485,10540000,1000000
2017-02-15 10:26:33.758000,1.05486,1.05484,2440000,1690000
2017-02-15 10:26:34.298000,1.05485,1.05483,1000000,1870000
2017-02-15 10:26:34.605000,1.05487,1.05485,11620000,3560000
2017-02-15 10:26:34.758000,1.05488,1.05485,2440000,15560000
2017-02-15 10:26:34.860000,1.05487,1.05485,1690000,12750000
2017-02-15 10:26:35.116000,1.05488,1.05485,3190000,11440000
2017-02-15 10:26:35.404000,1.05487,1.05485,1250000,11620000
2017-02-15 10:26:35.924000,1.05486,1.05484,1690000,2250000
2017-02-15 10:26:37.070000,1.05484,1.05482,1000000,9750000
2017-02-15 10:26:37.222000,1.05485,1.05483,1500000,2250000
2017-02-15 10:26:37.731000,1.05486,1.05483,1690000,11250000
2017-02-15 10:26:38.214000,1.05487,1.05485,6190000,7500000
2017-02-15 10:26:38.751000,1.05487,1.05485,4540000,1870000
2017-02-15 10:26:39.055000,1.05488,1.05486,4910000,4500000
2017-02-15 10:26:39.561000,1.05488,1.05486,2440000,8060000
2017-02-15 10:26:40.068000,1.05488,1.05486,2440000,8810000
2017-02-15 10:26:42.952000,1.05487,1.05486,1120000,9750000
2017-02-15 10:26:43.234000,1.05486,1.05484,2100000,3370000
2017-02-15 10:26:44.291000,1.05487,1.05485,1690000,2620000
2017-02-15 10:26:45.859000,1.05487,1.05485,1000000,8370000
2017-02-15 10:26:46.366000,1.05487,1.05484,2100000,6000000
2017-02-15 10:26:46.879000,1.05487,1.05484,5850000,6750000
2017-02-15 10:26:47.396000,1.05485,1.05484,1000000,1500000
2017-02-15 10:26:47.904000,1.05485,1.05483,1500000,4500000
2017-02-15 10:26:48.208000,1.05487,1.05485,1000000,9750000
2017-02-15 10:26:48.667000,1.05486,1.05484,1000000,3370000
2017-02-15 10:26:49.780000,1.05486,1.05483,2250000,10200000
2017-02-15 10:26:50.084000,1.05486,1.05485,2250000,1000000
2017-02-15 10:26:50.598000,1.05486,1.05484,2250000,2250000
2017-02-15 10:26:51.337000,1.05486,1.05483,1500000,9370000
2017-02-15 10:26:51.892000,1.05485,1.05483,1000000,4200000
2017-02-15 10:26:53.062000,1.05486,1.05483,3000000,1200000
2017-02-15 10:26:53.524000,1.05486,1.05484,2250000,7870000
2017-02-15 10:26:53.625000,1.05488,1.05485,2620000,17440001
2017-02-15 10:26:53.828000,1.05486,1.05485,1000000,3520000
2017-02-15 10:26:54.434000,1.05486,1.05485,1000000,3750000
2017-02-15 10:26:54.927000,1.05488,1.05486,1500000,6000000
2017-02-15 10:26:55.797000,1.05489,1.05486,1500000,4500000
2017-02-15 10:27:04.190000,1.05488,1.05487,1500000,1000000
2017-02-15 10:27:04.741000,1.05489,1.05486,2440000,4840000
2017-02-15 10:27:05.260000,1.05489,1.05487,2440000,1000000
2017-02-15 10:27:10.241000,1.05487,1.05486,1350000,1500000
2017-02-15 10:27:10.588000,1.05487,1.05484,5290000,2250000
2017-02-15 10:27:11.097000,1.05486,1.05484,1500000,1500000
2017-02-15 10:27:11.741000,1.05485,1.05484,1500000,1500000
2017-02-15 10:27:15.123000,1.05486,1.05484,3000000,1000000
2017-02-15 10:27:17.214000,1.05485,1.05484,1000000,1500000
2017-02-15 10:27:17.765000,1.05485,1.05483,1000000,4120000
2017-02-15 10:27:21.487000,1.05485,1.05482,2250000,2810000
2017-02-15 10:27:22.008000,1.05484,1.05482,1000000,1870000
2017-02-15 10:27:23.076000,1.05484,1.05482,2250000,2440000
2017-02-15 10:27:23.687000,1.05482,1.05481,2100000,3750000
2017-02-15 10:27:24.029000,1.0548,1.05479,2250000,1000000
2017-02-15 10:27:25.707000,1.05479,1.05478,1000000,1870000
2017-02-15 10:27:26.745000,1.0548,1.05478,1500000,1870000
2017-02-15 10:27:27.271000,1.0548,1.05478,1500000,1870000
2017-02-15 10:27:27.672000,1.05482,1.0548,10120000,6410000
2017-02-15 10:27:27.724000,1.05483,1.05481,4500000,2060000
2017-02-15 10:27:27.927000,1.05485,1.05482,5620000,3940000
2017-02-15 10:27:28.028000,1.05484,1.05482,3220000,3000000
2017-02-15 10:27:28.350000,1.05482,1.0548,1500000,3000000
2017-02-15 10:27:28.758000,1.05483,1.05481,1500000,6370000
2017-02-15 10:27:29.110000,1.05485,1.05483,6000000,1000000
2017-02-15 10:27:30.466000,1.05486,1.05483,1500000,3750000
2017-02-15 10:27:31.128000,1.05485,1.05483,1000000,4120000
2017-02-15 10:27:31.991000,1.05481,1.0548,1690000,15000000
2017-02-15 10:27:32.172000,1.05479,1.05478,1540000,8620000
2017-02-15 10:27:32.223000,1.05478,1.05477,1000000,1870000
2017-02-15 10:27:32.730000,1.05479,1.05477,2440000,1000000
2017-02-15 10:27:33.271000,1.05478,1.05477,1500000,1000000
2017-02-15 10:27:34.873000,1.05479,1.05477,3190000,1000000
2017-02-15 10:27:35.329000,1.05477,1.05476,1000000,1000000
2017-02-15 10:27:36.866000,1.05478,1.05477,5810000,1000000
2017-02-15 10:27:37.398000,1.05478,1.05476,4500000,1690000
2017-02-15 10:27:37.921000,1.05477,1.05476,1000000,1250000
2017-02-15 10:27:40.396000,1.05477,1.05475,2440000,1870000
2017-02-15 10:27:40.811000,1.05475,1.05474,1000000,3750000
2017-02-15 10:27:41.015000,1.05474,1.05473,1000000,2620000
2017-02-15 10:27:41.570000,1.05475,1.05473,1250000,3490000
2017-02-15 10:27:41.963000,1.05476,1.05475,1690000,1500000
2017-02-15 10:27:44.856000,1.05473,1.05472,5100000,1500000
2017-02-15 10:27:44.959000,1.05469,1.05467,3040000,7120000
2017-02-15 10:27:45.010000,1.05469,1.05468,3790000,4120000
2017-02-15 10:27:45.516000,1.05468,1.05466,1690000,3860000
2017-02-15 10:27:46.022000,1.05468,1.05466,1690000,4610000
2017-02-15 10:27:46.073000,1.05469,1.05467,9190000,1000000
2017-02-15 10:27:46.905000,1.05468,1.05467,1690000,2250000
2017-02-15 10:27:50.034000,1.05468,1.05467,7690000,1500000
2017-02-15 10:27:50.563000,1.05468,1.05467,7690000,1500000
2017-02-15 10:27:51.363000,1.05468,1.05467,4690000,1500000
2017-02-15 10:27:52.971000,1.05469,1.05467,9560000,1000000
2017-02-15 10:27:53.601000,1.0547,1.05468,4120000,1000000
2017-02-15 10:27:54.117000,1.05469,1.05468,2440000,1120000
2017-02-15 10:28:01.712000,1.05468,1.05467,4160000,2250000
2017-02-15 10:28:02.017000,1.05464,1.05462,1000000,5250000
2017-02-15 10:28:02.533000,1.05464,1.05463,3750000,1000000
2017-02-15 10:28:04.740000,1.05464,1.05462,1000000,2100000
2017-02-15 10:28:05.639000,1.05463,1.05462,3370000,1350000
2017-02-15 10:28:08.474000,1.05464,1.05462,2810000,1300000
2017-02-15 10:28:13.788000,1.05465,1.05463,4310000,1870000
2017-02-15 10:28:14.294000,1.05465,1.05464,2250000,2590000
2017-02-15 10:28:14.874000,1.05466,1.05464,6190000,1090000
2017-02-15 10:28:16.632000,1.05468,1.05466,15940000,2120000
2017-02-15 10:28:17.144000,1.05467,1.05466,3940000,1000000
2017-02-15 10:28:18.836000,1.05467,1.05465,3940000,1870000
2017-02-15 10:28:21.118000,1.05468,1.05465,11440000,7000000
2017-02-15 10:28:22.023000,1.05468,1.05466,3190000,5210000
2017-02-15 10:28:24.956000,1.05469,1.05466,3190000,9810000
2017-02-15 10:28:25.159000,1.0547,1.05468,6000000,1500000
2017-02-15 10:28:26.278000,1.05469,1.05468,1000000,1000000
2017-02-15 10:28:27.545000,1.0547,1.05468,6000000,1000000
2017-02-15 10:28:33.765000,1.05467,1.05465,1870000,7270000
2017-02-15 10:28:33.968000,1.05467,1.05465,6560000,1000000
2017-02-15 10:28:34.591000,1.05466,1.05465,1690000,1000000
2017-02-15 10:28:35.142000,1.05466,1.05464,5440000,1000000
2017-02-15 10:28:37.055000,1.05465,1.05463,1250000,1870000
2017-02-15 10:28:38.612000,1.05465,1.05463,1250000,2620000
2017-02-15 10:28:39.118000,1.05465,1.05463,1690000,1870000
2017-02-15 10:28:40.420000,1.05464,1.05463,1000000,2620000
2017-02-15 10:28:41.773000,1.05464,1.05461,1000000,6940000
2017-02-15 10:28:42.301000,1.05465,1.05462,2620000,2210000
2017-02-15 10:28:42.815000,1.05464,1.05462,2250000,2210000
2017-02-15 10:28:43.658000,1.05465,1.05462,2620000,1460000
2017-02-15 10:28:44.220000,1.05465,1.05463,2620000,1000000
2017-02-15 10:28:44.741000,1.05465,1.05462,3000000,1870000
2017-02-15 10:28:45.635000,1.05464,1.05462,1690000,1870000
2017-02-15 10:28:45.715000,1.05463,1.0546,4870000,3370000
2017-02-15 10:28:46.273000,1.05463,1.0546,4120000,5360000
2017-02-15 10:28:46.962000,1.05463,1.0546,3370000,5360000
2017-02-15 10:28:47.241000,1.05463,1.05461,3370000,1000000
2017-02-15 10:28:47.545000,1.05463,1.0546,4120000,5620000
2017-02-15 10:28:48.051000,1.05462,1.0546,3000000,2250000
2017-02-15 10:28:49.093000,1.05463,1.05462,8250000,1500000
2017-02-15 10:28:49.600000,1.05463,1.05462,1500000,1000000
2017-02-15 10:28:50.657000,1.05465,1.05463,15560000,1000000
2017-02-15 10:28:51.173000,1.05463,1.05462,2250000,1000000
2017-02-15 10:28:51.225000,1.05463,1.05461,2250000,2590000
2017-02-15 10:28:51.614000,1.05464,1.05463,1310000,1000000
2017-02-15 10:28:52.238000,1.05465,1.05463,5440000,1000000
2017-02-15 10:28:53.348000,1.05464,1.05463,1250000,2250000
2017-02-15 10:28:55.259000,1.05465,1.05463,5440000,2090000
2017-02-15 10:28:56.869000,1.05465,1.05464,5060000,1000000
2017-02-15 10:28:57.399000,1.05465,1.05463,5060000,1090000
2017-02-15 10:29:01.884000,1.05465,1.05462,4310000,2440000
2017-02-15 10:29:02.391000,1.05465,1.05462,4690000,2810000
2017-02-15 10:29:03.305000,1.05465,1.05462,5440000,6370000
2017-02-15 10:29:06.303000,1.05465,1.05462,6190000,6000000
2017-02-15 10:29:07.642000,1.05464,1.05462,2250000,6000000
2017-02-15 10:29:08.549000,1.05465,1.05464,4310000,1000000
2017-02-15 10:29:09.062000,1.05466,1.05464,8810000,1000000
2017-02-15 10:29:09.663000,1.05465,1.05464,3940000,1000000
2017-02-15 10:29:12.821000,1.05465,1.05463,4310000,1120000
2017-02-15 10:29:14.820000,1.05464,1.05463,1000000,1120000
2017-02-15 10:29:16.122000,1.05465,1.05463,3940000,2620000
2017-02-15 10:29:19.667000,1.05465,1.05464,3940000,1000000
2017-02-15 10:29:20.257000,1.05465,1.05464,3940000,1000000
2017-02-15 10:29:31.859000,1.05465,1.05463,3190000,2360000
2017-02-15 10:29:33.723000,1.05464,1.05463,1000000,1500000
2017-02-15 10:29:34.510000,1.05465,1.05463,3940000,2250000
2017-02-15 10:29:36.815000,1.05464,1.05462,2810000,3750000
2017-02-15 10:29:37.329000,1.05464,1.05462,5440000,1000000
2017-02-15 10:29:37.860000,1.05463,1.05461,3370000,2250000
2017-02-15 10:29:39.607000,1.05463,1.05462,2250000,1000000
2017-02-15 10:29:40.674000,1.05463,1.05461,3750000,2850000
2017-02-15 10:29:43.502000,1.05463,1.0546,4910000,6000000
2017-02-15 10:29:43.861000,1.05463,1.05461,4690000,1500000
2017-02-15 10:29:44.370000,1.05463,1.05462,2440000,1500000
2017-02-15 10:29:44.890000,1.05464,1.05463,2810000,1000000
2017-02-15 10:29:45.735000,1.05464,1.05463,2060000,1000000
2017-02-15 10:29:48.709000,1.05464,1.05462,2470000,1000000
2017-02-15 10:29:49.216000,1.05463,1.05461,1000000,2250000
2017-02-15 10:29:49.750000,1.05462,1.0546,1500000,1870000
2017-02-15 10:29:50.808000,1.05463,1.0546,2620000,3370000
2017-02-15 10:29:51.236000,1.05463,1.05462,2250000,1000000
2017-02-15 10:29:51.540000,1.05465,1.05463,6370000,2620000
2017-02-15 10:29:52.026000,1.05466,1.05465,3190000,1500000
2017-02-15 10:29:52.127000,1.05464,1.05463,1500000,1870000
2017-02-15 10:29:52.431000,1.05466,1.05465,2440000,1500000
2017-02-15 10:29:52.878000,1.05465,1.05463,1000000,3370000
2017-02-15 10:29:53.227000,1.05466,1.05463,3000000,2620000
2017-02-15 10:29:53.851000,1.05465,1.05463,1000000,4120000
2017-02-15 10:29:54.415000,1.05464,1.05463,1500000,1500000
2017-02-15 10:29:55.129000,1.05464,1.05462,1500000,2250000
2017-02-15 10:29:55.640000,1.05464,1.05463,2620000,1000000
2017-02-15 10:29:56.231000,1.05463,1.05462,1000000,2250000
2017-02-15 10:29:57.489000,1.05465,1.05463,8810000,2870000
2017-02-15 10:29:57.591000,1.05465,1.05464,3750000,1000000
2017-02-15 10:30:00.154000,1.05464,1.05463,1870000,1120000
2017-02-15 10:30:00.684000,1.05464,1.05462,7310000,1120000
2017-02-15 10:30:01.190000,1.05465,1.05462,2320000,11470000
2017-02-15 10:30:01.851000,1.05464,1.05462,1000000,8810000
2017-02-15 10:30:02.357000,1.05464,1.05462,1500000,2310000
2017-02-15 10:30:03.061000,1.05465,1.05462,5620000,2310000
2017-02-15 10:30:03.567000,1.05465,1.05462,2250000,5290000
2017-02-15 10:30:03.800000,1.05463,1.05462,1200000,3940000
2017-02-15 10:30:04.104000,1.05461,1.0546,1500000,1000000
2017-02-15 10:30:04.357000,1.05461,1.05458,2250000,4870000
2017-02-15 10:30:05.166000,1.05461,1.0546,2250000,1500000
2017-02-15 10:30:05.470000,1.05463,1.05461,1500000,1270000
2017-02-15 10:30:06.312000,1.05463,1.05461,2250000,1000000
2017-02-15 10:30:06.767000,1.05461,1.0546,1000000,1690000
2017-02-15 10:30:07.280000,1.0546,1.05459,2250000,3000000
2017-02-15 10:30:08.087000,1.0546,1.05459,5100000,2250000
2017-02-15 10:30:08.423000,1.05457,1.05455,2620000,4690000
2017-02-15 10:30:08.751000,1.05456,1.05454,7870000,1000000
2017-02-15 10:30:08.903000,1.05455,1.05453,1000000,3370000
2017-02-15 10:30:09.429000,1.05454,1.05452,2500000,6190000
2017-02-15 10:30:16.228000,1.05455,1.05454,3000000,1000000
2017-02-15 10:30:19.247000,1.05456,1.05454,5250000,1000000
2017-02-15 10:30:20.334000,1.05458,1.05456,20059999,1000000
2017-02-15 10:30:20.861000,1.05457,1.05455,6000000,1000000
2017-02-15 10:30:23.190000,1.05458,1.05456,9040000,1000000
2017-02-15 10:30:23.350000,1.05458,1.05456,5290000,1000000
2017-02-15 10:30:23.502000,1.0546,1.05459,8810000,2100000
2017-02-15 10:30:23.654000,1.05461,1.0546,2250000,1000000
2017-02-15 10:30:24.204000,1.0546,1.05459,1040000,1000000
2017-02-15 10:30:24.741000,1.05459,1.05458,1000000,1500000
2017-02-15 10:30:25.385000,1.05459,1.05458,1500000,1000000
2017-02-15 10:30:25.762000,1.05461,1.0546,1540000,1000000
2017-02-15 10:30:26.291000,1.0546,1.05459,3190000,1000000
2017-02-15 10:30:26.672000,1.05459,1.05457,4000000,4870000
2017-02-15 10:30:27.262000,1.0546,1.05458,6190000,1000000
2017-02-15 10:30:27.940000,1.05459,1.05458,1500000,2250000
2017-02-15 10:30:31.555000,1.05458,1.05456,5470000,3750000
2017-02-15 10:30:37.863000,1.05458,1.05456,4500000,4190000
2017-02-15 10:30:38.402000,1.05456,1.05455,1500000,1120000
2017-02-15 10:30:38.953000,1.05455,1.05454,1000000,1870000
2017-02-15 10:30:40.086000,1.05455,1.05454,2250000,2620000
2017-02-15 10:30:40.636000,1.05456,1.05455,4500000,1500000
2017-02-15 10:30:41.681000,1.05456,1.05455,1500000,1500000
2017-02-15 10:30:45.150000,1.05457,1.05456,2250000,1120000
2017-02-15 10:30:45.662000,1.05458,1.05456,10910000,1000000
2017-02-15 10:30:46.224000,1.05457,1.05456,4500000,1000000
2017-02-15 10:30:48.716000,1.05458,1.05457,9560000,1120000
2017-02-15 10:30:49.155000,1.05456,1.05455,1500000,1870000
2017-02-15 10:30:51.070000,1.05457,1.05455,9370000,2870000
2017-02-15 10:30:51.746000,1.05456,1.05455,1500000,1120000
2017-02-15 10:30:52.271000,1.05457,1.05456,2250000,1000000
2017-02-15 10:30:52.778000,1.05456,1.05455,1000000,2620000
2017-02-15 10:30:56.643000,1.05457,1.05456,1000000,1000000
2017-02-15 10:30:57.405000,1.05457,1.05456,1000000,1500000
2017-02-15 10:30:57.778000,1.05457,1.05455,1000000,3560000
2017-02-15 10:30:58.776000,1.05458,1.05457,10350000,1000000
2017-02-15 10:31:00.983000,1.05457,1.05456,4500000,1500000
2017-02-15 10:31:01.525000,1.05456,1.05455,1500000,4870000
2017-02-15 10:31:04.456000,1.05459,1.05457,14100000,1000000
2017-02-15 10:31:06.767000,1.05458,1.05457,1500000,3370000
2017-02-15 10:31:07.432000,1.05458,1.05457,1500000,2620000
2017-02-15 10:31:07.534000,1.05458,1.05457,6600000,1500000
2017-02-15 10:31:08.041000,1.05456,1.05455,1000000,7570000
2017-02-15 10:31:08.381000,1.05459,1.05458,6370000,1000000
2017-02-15 10:31:09.275000,1.05458,1.05457,1500000,2250000
2017-02-15 10:31:13.473000,1.05457,1.05455,4500000,12370000
2017-02-15 10:31:15.170000,1.05457,1.05456,1500000,8060000
2017-02-15 10:31:17.897000,1.05458,1.05456,1500000,13540000
2017-02-15 10:31:20.634000,1.05459,1.05457,4500000,2500000
2017-02-15 10:31:21.183000,1.05458,1.05457,1500000,2250000
2017-02-15 10:31:22.518000,1.05458,1.05457,1500000,1000000
2017-02-15 10:31:23.033000,1.05457,1.05455,1500000,8140000
2017-02-15 10:31:24.821000,1.05458,1.05457,5250000,1500000
2017-02-15 10:31:24.872000,1.05458,1.05457,1500000,2250000
2017-02-15 10:31:25.419000,1.05459,1.05457,6000000,1000000
2017-02-15 10:31:25.940000,1.05458,1.05457,1500000,1500000
2017-02-15 10:31:27.354000,1.05458,1.05456,4750000,14660000
2017-02-15 10:31:27.880000,1.05457,1.05456,1500000,8290000
2017-02-15 10:31:28.423000,1.05458,1.05456,4500000,9290000
2017-02-15 10:31:34.666000,1.05458,1.05457,1500000,1500000
2017-02-15 10:31:35.379000,1.05457,1.05456,1870000,4310000
2017-02-15 10:31:35.910000,1.05458,1.05457,4500000,1000000
2017-02-15 10:31:36.458000,1.05457,1.05456,1000000,3560000
2017-02-15 10:31:47.373000,1.05458,1.05456,9370000,1000000
2017-02-15 10:31:47.921000,1.05456,1.05455,1000000,1690000
2017-02-15 10:31:48.429000,1.05457,1.05456,1000000,1870000
2017-02-15 10:31:49.235000,1.05457,1.05455,2250000,1350000
2017-02-15 10:31:50.881000,1.05457,1.05456,2440000,2470000
2017-02-15 10:31:51.399000,1.05458,1.05456,9750000,1000000
2017-02-15 10:31:51.905000,1.05457,1.05455,1000000,6410000
2017-02-15 10:32:01.113000,1.05457,1.05456,1690000,2250000
2017-02-15 10:32:06.227000,1.05458,1.05457,5440000,2250000
2017-02-15 10:32:08.578000,1.05457,1.05456,1000000,5250000
2017-02-15 10:32:09.096000,1.05458,1.05457,5440000,1000000
2017-02-15 10:32:09.647000,1.05457,1.05456,1500000,3000000
2017-02-15 10:32:18.212000,1.05458,1.05456,6190000,3250000
2017-02-15 10:32:20.251000,1.05457,1.05456,1000000,3190000
2017-02-15 10:32:24.726000,1.05458,1.05456,1500000,4310000
2017-02-15 10:32:25.556000,1.05459,1.05457,6000000,1000000
2017-02-15 10:32:26.065000,1.05458,1.05457,1500000,1000000
2017-02-15 10:32:27.445000,1.05457,1.05456,1000000,3190000
2017-02-15 10:32:30.159000,1.05457,1.05456,1000000,3190000
2017-02-15 10:32:31.888000,1.05458,1.05457,4690000,1000000
2017-02-15 10:32:32.438000,1.05457,1.05456,1000000,2250000
2017-02-15 10:32:42.473000,1.05458,1.05457,6750000,1000000
2017-02-15 10:32:44.047000,1.05458,1.05457,2250000,1120000
2017-02-15 10:32:44.582000,1.05459,1.05457,9600000,2120000
2017-02-15 10:32:45.198000,1.05458,1.05457,2250000,1120000
2017-02-15 10:32:45.299000,1.05458,1.05457,1500000,1870000
2017-02-15 10:32:45.350000,1.05458,1.05457,5100000,1120000
2017-02-15 10:32:45.748000,1.05458,1.05457,2100000,1870000
2017-02-15 10:32:49.535000,1.05458,1.05456,1000000,4870000
2017-02-15 10:32:50.053000,1.05458,1.05457,2850000,1000000
2017-02-15 10:32:50.715000,1.05458,1.05457,2850000,1000000
2017-02-15 10:32:50.817000,1.05458,1.05457,2100000,1000000
2017-02-15 10:32:54.028000,1.05457,1.05455,1500000,4120000
2017-02-15 10:32:56.975000,1.05458,1.05456,12000000,2120000
2017-02-15 10:32:57.768000,1.05457,1.05455,1000000,15040000
2017-02-15 10:32:57.818000,1.05459,1.05457,12190000,2500000
2017-02-15 10:32:58.072000,1.05457,1.05455,4000000,10870000
2017-02-15 10:32:58.309000,1.05457,1.05455,5250000,4370000
2017-02-15 10:32:58.893000,1.05456,1.05455,1500000,3000000
2017-02-15 10:32:59.400000,1.05456,1.05455,1500000,4500000
2017-02-15 10:33:01.211000,1.05459,1.05457,14250000,1000000
2017-02-15 10:33:02.088000,1.05456,1.05455,1500000,4310000
2017-02-15 10:33:02.189000,1.05456,1.05455,1500000,4690000
2017-02-15 10:33:04.504000,1.05455,1.05454,1000000,2620000
2017-02-15 10:33:05.010000,1.05456,1.05454,4870000,3370000
2017-02-15 10:33:09.775000,1.05456,1.05454,4870000,3000000
2017-02-15 10:33:17.003000,1.05456,1.05455,4870000,1500000
2017-02-15 10:33:19.181000,1.05455,1.05454,1000000,2970000
2017-02-15 10:33:24.203000,1.05456,1.05454,7120000,1840000
2017-02-15 10:33:25.895000,1.05455,1.05454,1000000,1090000
2017-02-15 10:33:25.998000,1.05454,1.05453,4720000,1870000
2017-02-15 10:33:26.049000,1.05454,1.05453,3560000,2220000
2017-02-15 10:33:26.100000,1.05453,1.05452,1120000,1000000
2017-02-15 10:33:26.534000,1.05455,1.05453,13500000,1000000
2017-02-15 10:33:27.048000,1.05454,1.05453,4120000,1500000
2017-02-15 10:33:27.619000,1.05455,1.05454,6750000,1000000
2017-02-15 10:33:28.168000,1.05456,1.05454,7870000,1000000
2017-02-15 10:33:30.835000,1.05454,1.05453,1120000,2250000
2017-02-15 10:33:31.240000,1.05456,1.05454,14250000,1000000
2017-02-15 10:33:31.775000,1.05455,1.05454,5250000,1000000
2017-02-15 10:33:32.464000,1.05455,1.05453,5250000,3750000
2017-02-15 10:33:33.037000,1.05454,1.05453,3370000,1000000
2017-02-15 10:33:33.632000,1.05455,1.05453,5620000,1000000
2017-02-15 10:33:34.038000,1.05454,1.05452,1500000,2440000
2017-02-15 10:33:34.562000,1.05454,1.05453,1500000,1000000
2017-02-15 10:33:35.069000,1.05454,1.05452,3000000,2660000
2017-02-15 10:33:35.591000,1.05455,1.05453,8250000,1000000
2017-02-15 10:33:35.921000,1.05454,1.05452,4000000,4160000
2017-02-15 10:33:36.023000,1.05455,1.05453,8250000,1000000
2017-02-15 10:33:40.223000,1.05454,1.05452,4000000,2290000
2017-02-15 10:33:41.131000,1.05455,1.05453,6750000,1000000
2017-02-15 10:33:41.626000,1.05453,1.05452,1000000,3790000
2017-02-15 10:33:42.208000,1.05454,1.05452,1000000,6290000
2017-02-15 10:33:43.040000,1.05455,1.05453,2250000,2250000
2017-02-15 10:33:43.580000,1.05456,1.05453,3000000,4750000
2017-02-15 10:33:44.914000,1.05456,1.05454,4500000,1000000
2017-02-15 10:33:46.733000,1.05454,1.05453,1500000,3000000
2017-02-15 10:33:48.025000,1.05456,1.05454,10870000,1000000
2017-02-15 10:33:50.939000,1.05455,1.05453,2100000,3000000
2017-02-15 10:33:51.174000,1.05453,1.05452,1000000,2620000
2017-02-15 10:33:55.061000,1.05454,1.05453,1000000,1000000
2017-02-15 10:33:55.652000,1.05455,1.05453,2250000,1570000
2017-02-15 10:33:56.334000,1.05456,1.05453,6940000,1100000
2017-02-15 10:33:57.663000,1.05455,1.05453,1500000,1100000
2017-02-15 10:33:58.175000,1.05454,1.05453,1000000,1000000
2017-02-15 10:33:58.698000,1.05455,1.05453,1000000,1000000
2017-02-15 10:34:00.900000,1.05454,1.05452,1000000,5550000
2017-02-15 10:34:01.405000,1.05454,1.05453,1000000,1500000
2017-02-15 10:34:03.960000,1.05455,1.05453,2250000,1500000
2017-02-15 10:34:10.752000,1.05454,1.05453,1500000,1100000
2017-02-15 10:34:11.295000,1.05454,1.05452,1500000,3490000
2017-02-15 10:34:13.681000,1.05455,1.05452,2250000,4240000
2017-02-15 10:34:14.342000,1.05454,1.05452,1000000,3640000
2017-02-15 10:34:14.874000,1.05455,1.05453,2250000,1000000
2017-02-15 10:34:15.422000,1.05455,1.05454,2250000,1000000
2017-02-15 10:34:15.937000,1.05456,1.05454,2250000,1500000
2017-02-15 10:34:16.982000,1.05458,1.05457,4120000,2620000
2017-02-15 10:34:17.318000,1.05458,1.05456,3790000,2250000
2017-02-15 10:34:18.383000,1.05458,1.05457,4540000,1000000
2017-02-15 10:34:18.895000,1.05458,1.05457,2290000,1000000
2017-02-15 10:34:19.102000,1.05457,1.05455,1000000,10120000
2017-02-15 10:34:19.641000,1.05458,1.05457,4540000,1000000
2017-02-15 10:34:20.250000,1.05456,1.05455,1500000,9370000
2017-02-15 10:34:20.829000,1.05458,1.05457,3600000,1000000
2017-02-15 10:34:22.905000,1.05456,1.05455,1500000,5810000
2017-02-15 10:34:23.424000,1.05456,1.05455,1500000,1000000
2017-02-15 10:34:23.748000,1.05457,1.05456,3000000,2250000
2017-02-15 10:34:23.900000,1.05458,1.05457,4350000,1500000
2017-02-15 10:34:24.439000,1.05457,1.05455,6100000,2620000
2017-02-15 10:34:24.743000,1.05457,1.05455,2850000,1870000
2017-02-15 10:34:25.325000,1.05457,1.05456,1350000,1000000
2017-02-15 10:34:26.422000,1.05457,1.05455,6600000,1000000
2017-02-15 10:34:26.950000,1.05456,1.05455,1000000,1500000
2017-02-15 10:34:28.634000,1.05457,1.05455,4350000,1500000
2017-02-15 10:34:33.743000,1.05456,1.05455,1500000,1500000
2017-02-15 10:34:34.705000,1.05457,1.05455,6600000,1000000
2017-02-15 10:34:35.212000,1.05456,1.05455,1000000,1500000
2017-02-15 10:34:35.720000,1.05457,1.05456,1350000,1000000
2017-02-15 10:34:37.039000,1.05457,1.05455,1500000,2250000
2017-02-15 10:34:37.547000,1.05456,1.05455,1500000,1000000
2017-02-15 10:34:40.772000,1.05457,1.05455,5100000,1000000
2017-02-15 10:34:41.816000,1.05456,1.05455,1000000,1000000
2017-02-15 10:34:42.841000,1.05457,1.05455,5250000,1000000
2017-02-15 10:34:43.347000,1.05457,1.05456,2100000,1000000
2017-02-15 10:34:44.984000,1.05456,1.05455,1500000,1500000
2017-02-15 10:34:47.077000,1.05457,1.05455,6750000,2500000
2017-02-15 10:34:47.583000,1.05457,1.05456,4350000,1000000
2017-02-15 10:34:51.981000,1.05458,1.05456,7720000,2120000
2017-02-15 10:34:59.900000,1.05458,1.05457,4350000,1000000
2017-02-15 10:35:00.771000,1.05457,1.05455,2350000,8440000
2017-02-15 10:35:01.308000,1.05458,1.05456,7350000,2250000
2017-02-15 10:35:02.200000,1.05456,1.05455,1500000,3370000
2017-02-15 10:35:04.806000,1.05456,1.05455,1500000,2250000
2017-02-15 10:35:11.331000,1.05457,1.05455,8850000,1000000
2017-02-15 10:35:11.879000,1.05456,1.05455,1500000,1000000
2017-02-15 10:35:12.399000,1.05456,1.05454,3220000,1310000
2017-02-15 10:35:12.971000,1.05456,1.05454,2620000,1120000
2017-02-15 10:35:13.485000,1.05456,1.05453,4720000,3750000
2017-02-15 10:35:23.878000,1.05456,1.05453,6600000,1000000
2017-02-15 10:35:37.718000,1.05456,1.05454,2620000,1000000
2017-02-15 10:35:38.248000,1.05455,1.05454,1000000,1120000
2017-02-15 10:35:38.602000,1.05455,1.05453,1000000,10270000
2017-02-15 10:35:39.550000,1.05454,1.05453,1120000,1000000
2017-02-15 10:35:41.240000,1.05456,1.05453,9750000,2850000
2017-02-15 10:35:41.756000,1.05457,1.05454,6970000,4870000
2017-02-15 10:35:42.277000,1.05457,1.05455,2620000,1000000
2017-02-15 10:35:42.812000,1.05456,1.05454,1500000,1690000
2017-02-15 10:35:54.506000,1.05456,1.05455,1500000,1000000
2017-02-15 10:35:55.066000,1.05456,1.05454,1500000,2810000
2017-02-15 10:35:58.174000,1.05457,1.05456,5250000,2660000
2017-02-15 10:35:58.298000,1.05458,1.05456,2100000,2440000
2017-02-15 10:35:58.832000,1.05457,1.05455,1350000,2960000
2017-02-15 10:36:00.251000,1.05456,1.05455,1500000,1120000
2017-02-15 10:36:05.466000,1.05457,1.05456,3370000,1120000
2017-02-15 10:36:05.669000,1.05458,1.05457,1000000,1120000
2017-02-15 10:36:05.720000,1.0546,1.05457,8440000,2250000
2017-02-15 10:36:06.271000,1.0546,1.05457,8790000,4120000
2017-02-15 10:36:06.841000,1.05459,1.05457,4480000,2620000
2017-02-15 10:36:07.448000,1.0546,1.05457,7440000,1870000
2017-02-15 10:36:08.056000,1.05459,1.05457,2980000,1870000
2017-02-15 10:36:10.059000,1.0546,1.05457,3310000,1870000
2017-02-15 10:36:10.573000,1.0546,1.05457,3690000,1870000
2017-02-15 10:36:11.674000,1.0546,1.05458,3690000,1000000
2017-02-15 10:36:12.219000,1.0546,1.05457,4660000,4120000
2017-02-15 10:36:12.894000,1.0546,1.05457,4660000,4120000
2017-02-15 10:36:13.325000,1.05459,1.05456,1670000,9940000
2017-02-15 10:36:13.831000,1.05457,1.05455,1160000,5620000
2017-02-15 10:36:14.345000,1.05458,1.05455,4160000,2250000
2017-02-15 10:36:18.045000,1.05459,1.05457,2250000,1000000
2017-02-15 10:36:19.418000,1.05458,1.05456,1540000,2620000
2017-02-15 10:36:20.944000,1.05459,1.05456,5100000,2250000
2017-02-15 10:36:21.349000,1.0546,1.05456,3310000,9790000
2017-02-15 10:36:21.851000,1.05459,1.05456,2600000,5250000
2017-02-15 10:36:22.391000,1.05459,1.05457,2600000,1000000
2017-02-15 10:36:24.789000,1.05458,1.05457,2190000,1000000
2017-02-15 10:36:25.904000,1.0546,1.05456,8910000,5250000
2017-02-15 10:36:26.005000,1.0546,1.05457,3310000,1120000
2017-02-15 10:36:26.780000,1.0546,1.05456,11410000,8440000
2017-02-15 10:36:27.322000,1.05459,1.05456,4720000,1120000
2017-02-15 10:36:28.405000,1.05458,1.05455,2470000,3940000
2017-02-15 10:36:33.326000,1.05458,1.05455,2210000,3560000
2017-02-15 10:36:36.475000,1.05458,1.05456,1150000,2100000
2017-02-15 10:36:36.983000,1.05458,1.05455,1760000,4870000
2017-02-15 10:36:37.034000,1.05459,1.05456,3670000,2810000
2017-02-15 10:36:41.863000,1.05458,1.05456,2350000,5700000
2017-02-15 10:36:42.376000,1.05457,1.05456,1000000,1000000
2017-02-15 10:36:42.982000,1.05458,1.05455,2100000,4120000
2017-02-15 10:36:46.109000,1.05458,1.05456,3600000,1000000
2017-02-15 10:36:46.656000,1.05457,1.05456,1000000,6370000
2017-02-15 10:36:48.152000,1.05457,1.05456,1000000,3750000
2017-02-15 10:36:48.680000,1.05459,1.05457,2890000,1000000
2017-02-15 10:36:49.232000,1.05458,1.05457,1050000,3750000
2017-02-15 10:36:49.753000,1.05458,1.05456,1050000,4120000
2017-02-15 10:36:52.808000,1.05459,1.05457,5360000,2250000
2017-02-15 10:36:53.956000,1.05459,1.05457,3820000,2850000
2017-02-15 10:36:54.008000,1.0546,1.05458,2140000,2620000
2017-02-15 10:36:54.515000,1.0546,1.05458,2810000,2250000
2017-02-15 10:36:55.053000,1.05459,1.05458,1000000,2250000
2017-02-15 10:36:55.609000,1.0546,1.05458,2810000,2250000
2017-02-15 10:37:03.096000,1.0546,1.05459,1250000,1000000
2017-02-15 10:37:08.700000,1.0546,1.05458,1540000,4120000
2017-02-15 10:37:11.645000,1.05461,1.05458,4910000,4870000
2017-02-15 10:37:12.265000,1.05461,1.05458,4160000,2250000
2017-02-15 10:37:14.702000,1.05459,1.05458,1350000,1500000
2017-02-15 10:37:15.006000,1.05458,1.05456,1540000,3750000
2017-02-15 10:37:16.669000,1.05458,1.05456,3410000,3750000
2017-02-15 10:37:17.265000,1.05459,1.05456,5290000,3000000
2017-02-15 10:37:17.998000,1.05457,1.05456,1000000,4540000
2017-02-15 10:37:19.650000,1.05458,1.05456,3000000,5250000
2017-02-15 10:37:20.636000,1.05458,1.05457,2250000,2250000
2017-02-15 10:37:21.177000,1.05458,1.05457,1500000,5250000
2017-02-15 10:37:26.233000,1.05457,1.05455,1000000,25870001
2017-02-15 10:37:26.752000,1.05456,1.05455,1500000,1500000
2017-02-15 10:37:27.448000,1.05458,1.05456,5290000,1500000
2017-02-15 10:37:27.499000,1.05458,1.05456,3000000,4500000
2017-02-15 10:37:27.821000,1.05457,1.05455,2620000,4090000
2017-02-15 10:37:28.413000,1.05456,1.05455,1500000,2290000
2017-02-15 10:37:28.920000,1.05457,1.05455,1000000,5850000
2017-02-15 10:37:29.429000,1.05458,1.05456,2250000,3000000
2017-02-15 10:37:29.956000,1.05459,1.05457,2250000,1370000
2017-02-15 10:37:30.462000,1.05457,1.05456,1500000,5440000
2017-02-15 10:37:30.963000,1.05457,1.05455,1000000,10690000
2017-02-15 10:37:35.436000,1.05458,1.05456,3850000,4690000
2017-02-15 10:37:37.305000,1.05457,1.05455,1000000,7690000
2017-02-15 10:37:37.812000,1.05457,1.05455,2250000,1370000
2017-02-15 10:37:37.864000,1.05455,1.05453,1000000,11470000
2017-02-15 10:37:38.169000,1.05458,1.05455,5250000,5810000
2017-02-15 10:37:38.492000,1.05457,1.05455,1500000,5250000
2017-02-15 10:37:39.015000,1.05457,1.05455,1500000,3750000
2017-02-15 10:37:39.230000,1.05456,1.05454,1000000,12190000
2017-02-15 10:37:39.956000,1.05456,1.05455,1000000,1500000
2017-02-15 10:37:41.159000,1.05457,1.05455,1000000,8250000
2017-02-15 10:37:41.464000,1.05455,1.05454,1000000,6560000
2017-02-15 10:37:41.668000,1.05455,1.05454,1000000,4310000
2017-02-15 10:37:42.186000,1.05456,1.05454,1500000,7870000
2017-02-15 10:37:42.505000,1.05457,1.05456,1690000,1870000
2017-02-15 10:37:42.606000,1.05458,1.05456,1000000,1120000
2017-02-15 10:37:43.112000,1.05457,1.05455,3370000,7570000
2017-02-15 10:37:43.619000,1.05456,1.05455,1500000,1000000
2017-02-15 10:37:44.121000,1.05456,1.05454,1500000,10120000
2017-02-15 10:37:44.647000,1.05457,1.05456,1000000,3970000
2017-02-15 10:37:44.698000,1.05458,1.05456,2060000,8470000
2017-02-15 10:37:46.563000,1.05459,1.05457,3190000,4870000
2017-02-15 10:37:47.082000,1.05458,1.05457,1500000,6370000
2017-02-15 10:37:48.932000,1.05459,1.05457,3190000,3370000
2017-02-15 10:37:49.777000,1.05459,1.05457,3190000,3750000
2017-02-15 10:37:50.900000,1.05458,1.05457,1000000,3750000
2017-02-15 10:37:52.924000,1.05458,1.05457,5100000,1120000
2017-02-15 10:37:54.585000,1.05458,1.05456,5350000,2250000
2017-02-15 10:37:55.112000,1.05456,1.05455,1000000,8890000
2017-02-15 10:37:55.163000,1.05456,1.05455,1000000,6450000
2017-02-15 10:37:55.214000,1.05458,1.05456,4350000,1500000
2017-02-15 10:37:55.366000,1.05457,1.05455,1500000,5620000
2017-02-15 10:37:55.892000,1.05456,1.05455,1000000,3750000
2017-02-15 10:37:56.617000,1.05456,1.05454,1000000,11620000
2017-02-15 10:37:57.817000,1.05457,1.05456,1500000,1000000
2017-02-15 10:37:57.970000,1.05458,1.05457,3940000,1000000
2017-02-15 10:37:58.024000,1.05457,1.05455,1250000,9370000
2017-02-15 10:37:58.179000,1.05457,1.05455,2440000,5250000
2017-02-15 10:37:58.768000,1.05457,1.05455,2440000,8500000
2017-02-15 10:37:58.870000,1.05458,1.05456,6190000,2250000
2017-02-15 10:37:59.995000,1.05458,1.05457,3190000,1000000
2017-02-15 10:38:01.433000,1.05458,1.05456,3940000,7800000
2017-02-15 10:38:02.042000,1.05456,1.05454,1000000,8250000
2017-02-15 10:38:02.548000,1.05456,1.05455,2250000,1120000
2017-02-15 10:38:10.822000,1.05456,1.05454,1870000,3370000
2017-02-15 10:38:11.345000,1.05455,1.05454,2440000,2620000
2017-02-15 10:38:11.904000,1.05455,1.05453,2690000,7870000
2017-02-15 10:38:17.191000,1.05454,1.05452,1000000,9970000
2017-02-15 10:38:21.074000,1.05454,1.05453,1500000,2620000
2017-02-15 10:38:21.603000,1.05454,1.05452,1000000,9790000
2017-02-15 10:38:25.405000,1.0545,1.05449,1000000,13690000
2017-02-15 10:38:25.455000,1.0545,1.05449,1120000,7120000
2017-02-15 10:38:25.658000,1.0545,1.05449,1000000,3750000
2017-02-15 10:38:26.208000,1.0545,1.05448,1000000,3000000
2017-02-15 10:38:26.677000,1.05449,1.05448,4350000,1500000
2017-02-15 10:38:26.849000,1.05441,1.0544,1500000,4500000
2017-02-15 10:38:26.900000,1.05442,1.05439,1350000,2620000
2017-02-15 10:38:26.951000,1.05441,1.05439,1500000,4870000
2017-02-15 10:38:27.305000,1.05439,1.05437,2100000,1870000
2017-02-15 10:38:27.821000,1.0544,1.05439,1500000,1000000
2017-02-15 10:38:28.547000,1.0544,1.05438,1500000,1500000
2017-02-15 10:38:29.735000,1.0544,1.05439,2210000,1000000
2017-02-15 10:38:30.040000,1.0544,1.05437,5920000,2810000
2017-02-15 10:38:30.556000,1.05439,1.05437,1350000,1500000
2017-02-15 10:38:30.861000,1.05437,1.05435,1870000,2250000
2017-02-15 10:38:31.050000,1.05436,1.05433,1870000,3000000
2017-02-15 10:38:31.683000,1.05436,1.05433,2250000,2850000
2017-02-15 10:38:35.194000,1.05435,1.05433,6560000,1150000
2017-02-15 10:38:35.281000,1.05431,1.0543,1870000,3750000
2017-02-15 10:38:35.433000,1.05429,1.05428,1120000,1870000
2017-02-15 10:38:36.055000,1.0543,1.05428,2500000,2620000
2017-02-15 10:38:36.566000,1.0543,1.05429,1500000,1000000
2017-02-15 10:38:37.242000,1.05431,1.05429,1120000,1500000
2017-02-15 10:38:37.394000,1.05433,1.05431,9370000,2500000
2017-02-15 10:38:37.767000,1.05431,1.05428,4120000,4500000
2017-02-15 10:38:38.288000,1.05431,1.05428,2620000,4120000
2017-02-15 10:38:39.040000,1.05429,1.05428,1000000,1000000
2017-02-15 10:38:39.572000,1.05429,1.05427,1000000,7120000
2017-02-15 10:38:39.623000,1.0543,1.05429,2620000,1000000
2017-02-15 10:38:40.323000,1.05429,1.05428,1500000,1500000
2017-02-15 10:38:40.827000,1.05429,1.05427,1500000,7120000
2017-02-15 10:38:41.354000,1.05429,1.05427,1500000,5250000
2017-02-15 10:38:44.545000,1.05428,1.05427,1500000,4120000
2017-02-15 10:38:44.850000,1.05432,1.05431,1000000,3370000
2017-02-15 10:38:45.154000,1.05435,1.05433,5620000,1000000
2017-02-15 10:38:45.517000,1.05437,1.05435,2250000,1000000
2017-02-15 10:38:45.925000,1.05435,1.05434,2250000,3000000
2017-02-15 10:38:46.536000,1.05435,1.05433,2500000,6670000
2017-02-15 10:38:47.015000,1.05434,1.05433,1000000,2920000
2017-02-15 10:38:47.525000,1.05433,1.05432,1500000,4610000
2017-02-15 10:38:49.680000,1.05435,1.05433,2810000,1000000
2017-02-15 10:38:50.181000,1.05435,1.05434,1500000,1500000
2017-02-15 10:38:50.608000,1.05435,1.05434,1000000,7500000
2017-02-15 10:38:50.761000,1.05437,1.05436,1690000,1000000
2017-02-15 10:38:51.661000,1.05435,1.05434,3940000,2250000
2017-02-15 10:38:51.764000,1.05434,1.05433,1250000,1870000
2017-02-15 10:38:52.390000,1.05433,1.05432,1000000,2250000
2017-02-15 10:38:52.934000,1.05432,1.05431,1500000,1120000
2017-02-15 10:38:53.808000,1.05433,1.05432,1120000,1000000
2017-02-15 10:38:53.859000,1.05434,1.05432,5440000,1120000
2017-02-15 10:38:56.460000,1.05434,1.05433,1690000,1000000
2017-02-15 10:38:58.034000,1.05433,1.05432,1000000,3750000
2017-02-15 10:38:58.935000,1.05434,1.05433,1250000,1000000
2017-02-15 10:38:59.256000,1.05433,1.05431,7910000,1870000
2017-02-15 10:38:59.358000,1.05431,1.05429,1500000,1500000
2017-02-15 10:38:59.611000,1.0543,1.05428,1000000,7690000
2017-02-15 10:38:59.731000,1.05432,1.05431,1120000,1120000
2017-02-15 10:39:00.077000,1.05431,1.05429,1500000,8470000
2017-02-15 10:39:00.593000,1.05431,1.05429,1000000,8210000
2017-02-15 10:39:00.645000,1.05433,1.05431,3790000,1000000
2017-02-15 10:39:00.754000,1.05432,1.05431,1500000,1000000
2017-02-15 10:39:00.805000,1.05434,1.05432,6940000,1000000
2017-02-15 10:39:00.958000,1.05435,1.05433,2060000,1000000
2017-02-15 10:39:02.336000,1.05435,1.05433,4690000,1000000
2017-02-15 10:39:05.050000,1.05435,1.05432,9040000,3000000
2017-02-15 10:39:06.911000,1.05434,1.05433,1500000,1000000
2017-02-15 10:39:07.089000,1.05436,1.05435,2440000,1000000
2017-02-15 10:39:07.616000,1.05437,1.05435,2440000,2250000
2017-02-15 10:39:08.125000,1.05437,1.05435,2440000,3250000
2017-02-15 10:39:11.185000,1.05438,1.05437,4690000,1000000
2017-02-15 10:39:11.388000,1.05439,1.05437,8660000,1870000
2017-02-15 10:39:11.920000,1.05439,1.05437,9410000,1000000
2017-02-15 10:39:12.460000,1.05439,1.05437,3190000,2250000
2017-02-15 10:39:14.443000,1.05438,1.05437,1000000,1500000
2017-02-15 10:39:15.012000,1.05439,1.05438,1250000,1000000
2017-02-15 10:39:16.728000,1.05438,1.05437,1000000,2250000
2017-02-15 10:39:17.243000,1.05438,1.05437,1000000,2250000
2017-02-15 10:39:18.737000,1.05439,1.05438,2060000,1000000
2017-02-15 10:39:19.526000,1.05438,1.05437,1120000,2250000
2017-02-15 10:39:19.758000,1.05438,1.05436,1870000,1870000
2017-02-15 10:39:20.470000,1.05438,1.05436,1120000,2250000
2017-02-15 10:39:23.317000,1.05439,1.05437,7120000,1000000
2017-02-15 10:39:23.891000,1.05438,1.05437,1000000,1000000
2017-02-15 10:39:24.673000,1.05439,1.05437,3750000,1000000
2017-02-15 10:39:26.796000,1.05438,1.05437,1000000,1000000
2017-02-15 10:39:28.570000,1.05439,1.05437,1120000,3000000
2017-02-15 10:39:28.621000,1.05441,1.05439,6840000,2850000
2017-02-15 10:39:28.875000,1.05444,1.05443,3000000,1500000
2017-02-15 10:39:29.401000,1.05445,1.05443,2440000,1500000
2017-02-15 10:39:36.788000,1.05445,1.05443,1500000,7160000
2017-02-15 10:39:37.194000,1.05447,1.05445,1870000,1000000
2017-02-15 10:39:38.014000,1.05447,1.05444,1370000,8850000
2017-02-15 10:39:38.544000,1.05446,1.05444,2620000,2440000
2017-02-15 10:39:39.963000,1.05447,1.05446,1500000,1500000
2017-02-15 10:39:40.112000,1.05448,1.05446,2060000,5250000
2017-02-15 10:39:40.315000,1.05447,1.05446,1120000,3750000
2017-02-15 10:39:40.509000,1.05447,1.05446,1000000,1000000
2017-02-15 10:39:40.814000,1.05449,1.05447,1500000,2440000
2017-02-15 10:39:41.526000,1.0545,1.05447,1720000,6190000
2017-02-15 10:39:41.843000,1.05451,1.05449,2470000,4720000
2017-02-15 10:39:42.148000,1.05455,1.05454,4120000,1500000
2017-02-15 10:39:43.586000,1.05455,1.05454,4120000,1500000
2017-02-15 10:39:43.789000,1.05452,1.0545,3370000,2120000
2017-02-15 10:39:44.280000,1.05452,1.05449,3000000,1690000
2017-02-15 10:39:44.788000,1.05451,1.05448,1870000,8060000
2017-02-15 10:39:45.328000,1.05451,1.05449,3750000,1250000
2017-02-15 10:39:46.873000,1.05451,1.0545,1000000,1500000
2017-02-15 10:39:46.998000,1.05453,1.0545,6190000,3560000
2017-02-15 10:39:47.514000,1.05453,1.05451,2440000,1500000
2017-02-15 10:39:48.322000,1.05453,1.05451,2250000,3190000
2017-02-15 10:39:48.373000,1.05454,1.05452,1870000,3600000
2017-02-15 10:39:48.474000,1.05455,1.05454,1120000,1250000
2017-02-15 10:39:49.504000,1.05456,1.05454,1500000,3940000
2017-02-15 10:39:49.556000,1.05458,1.05456,4870000,3100000
2017-02-15 10:39:49.709000,1.05459,1.05457,1870000,2620000
2017-02-15 10:39:50.216000,1.05459,1.05456,1870000,6560000
2017-02-15 10:39:50.733000,1.05459,1.05457,2620000,1000000
2017-02-15 10:39:51.414000,1.05458,1.05457,1000000,1000000
2017-02-15 10:39:51.736000,1.05456,1.05455,2250000,1690000
2017-02-15 10:39:52.041000,1.05458,1.05457,2250000,1500000
2017-02-15 10:39:52.524000,1.05456,1.05454,1870000,7690000
2017-02-15 10:39:52.828000,1.05457,1.05456,1120000,2060000
2017-02-15 10:39:53.084000,1.05456,1.05454,3370000,4500000
2017-02-15 10:39:53.135000,1.05456,1.05454,2620000,13010000
2017-02-15 10:39:53.649000,1.05456,1.05454,3370000,2620000
2017-02-15 10:39:54.154000,1.05456,1.05454,3370000,2250000
2017-02-15 10:39:54.723000,1.05453,1.05452,2470000,2620000
2017-02-15 10:39:55.131000,1.05453,1.05452,1870000,1250000
2017-02-15 10:39:55.637000,1.05454,1.05452,4120000,1500000
2017-02-15 10:40:00.584000,1.05453,1.05452,1120000,1000000
2017-02-15 10:40:01.124000,1.05454,1.05452,4500000,1250000
2017-02-15 10:40:01.484000,1.05453,1.0545,1370000,20469999
2017-02-15 10:40:01.769000,1.05451,1.05449,1370000,4120000
2017-02-15 10:40:02.224000,1.05453,1.0545,6000000,3750000
2017-02-15 10:40:02.585000,1.05453,1.05452,2620000,1000000
2017-02-15 10:40:03.135000,1.05454,1.05452,3600000,1870000
2017-02-15 10:40:03.497000,1.05452,1.0545,1370000,9000000
2017-02-15 10:40:04.088000,1.05452,1.05449,5250000,4500000
2017-02-15 10:40:04.632000,1.05452,1.0545,3000000,1000000
2017-02-15 10:40:05.273000,1.05451,1.05449,1870000,6000000
2017-02-15 10:40:05.425000,1.0545,1.05448,1720000,2250000
2017-02-15 10:40:06.027000,1.05451,1.05449,1500000,1000000
2017-02-15 10:40:06.586000,1.05451,1.0545,1120000,1000000
2017-02-15 10:40:06.688000,1.05453,1.05451,3750000,1000000
2017-02-15 10:40:06.879000,1.05453,1.05452,2250000,1500000
2017-02-15 10:40:07.286000,1.05452,1.0545,1870000,6000000
2017-02-15 10:40:07.795000,1.05453,1.0545,1870000,12970000
2017-02-15 10:40:08.327000,1.05453,1.05451,1120000,1870000
2017-02-15 10:40:09.444000,1.05455,1.05453,1120000,5250000
2017-02-15 10:40:09.495000,1.05458,1.05454,5440000,9410000
2017-02-15 10:40:09.899000,1.05457,1.05454,1120000,9260000
2017-02-15 10:40:10.412000,1.05457,1.05454,1870000,10260000
2017-02-15 10:40:11.151000,1.05455,1.05454,1500000,5290000
2017-02-15 10:40:11.886000,1.05456,1.05454,1000000,9140000
2017-02-15 10:40:12.836000,1.05457,1.05455,1870000,2250000
2017-02-15 10:40:15.555000,1.05456,1.05455,2250000,2250000
2017-02-15 10:40:17.215000,1.05456,1.05454,2250000,1000000
2017-02-15 10:40:19.225000,1.05456,1.05453,2250000,4350000
2017-02-15 10:40:19.935000,1.05456,1.05454,2250000,1000000
2017-02-15 10:40:20.453000,1.05455,1.05454,2250000,1000000
2017-02-15 10:40:22.232000,1.05456,1.05454,2250000,1000000
2017-02-15 10:40:23.824000,1.05456,1.05453,2250000,5100000
2017-02-15 10:40:24.386000,1.05456,1.05453,2250000,6100000
2017-02-15 10:40:24.934000,1.05455,1.05453,2250000,6100000
2017-02-15 10:40:26.266000,1.05455,1.05453,2250000,5250000
2017-02-15 10:40:26.542000,1.05453,1.05452,1870000,1500000
2017-02-15 10:40:26.898000,1.05454,1.05452,3560000,2620000
2017-02-15 10:40:27.161000,1.05455,1.05454,1000000,1000000
2017-02-15 10:40:27.691000,1.05455,1.05453,3000000,4120000
2017-02-15 10:40:28.047000,1.05453,1.05452,2250000,3190000
2017-02-15 10:40:28.098000,1.05453,1.05452,2250000,3790000
2017-02-15 10:40:29.694000,1.05454,1.05452,5210000,1500000
2017-02-15 10:40:30.239000,1.05453,1.05452,2250000,1500000
2017-02-15 10:40:31.159000,1.05454,1.05452,7090000,3250000
2017-02-15 10:40:31.326000,1.05457,1.05456,4690000,1120000
2017-02-15 10:40:31.873000,1.05456,1.05455,2250000,2620000
2017-02-15 10:40:32.427000,1.05457,1.05456,4270000,1000000
2017-02-15 10:40:34.115000,1.05456,1.05455,2380000,1500000
2017-02-15 10:40:34.634000,1.05456,1.05454,2380000,1870000
2017-02-15 10:40:41.950000,1.05456,1.05454,5040000,1500000
2017-02-15 10:40:42.255000,1.05455,1.05454,6540000,1000000
2017-02-15 10:40:43.341000,1.05454,1.05452,2500000,6940000
2017-02-15 10:40:45.919000,1.05455,1.05453,4060000,3000000
2017-02-15 10:40:46.464000,1.05455,1.05454,2300000,1000000
2017-02-15 10:40:58.017000,1.05456,1.05454,3430000,4500000
2017-02-15 10:41:00.148000,1.05456,1.05455,2300000,6750000
2017-02-15 10:41:01.132000,1.05457,1.05456,3610000,1870000
2017-02-15 10:41:01.647000,1.05458,1.05456,5660000,3620000
2017-02-15 10:41:04.887000,1.05457,1.05456,2440000,3370000
2017-02-15 10:41:08.447000,1.05456,1.05455,1000000,2250000
2017-02-15 10:41:08.981000,1.05457,1.05456,3040000,1500000
2017-02-15 10:41:12.812000,1.05459,1.05457,7310000,1000000
2017-02-15 10:41:14.047000,1.05458,1.05457,2250000,2250000
2017-02-15 10:41:15.181000,1.05457,1.05456,3040000,1870000
2017-02-15 10:41:15.714000,1.05456,1.05455,3750000,1000000
2017-02-15 10:41:16.069000,1.05458,1.05456,6940000,1370000
2017-02-15 10:41:16.120000,1.05456,1.05455,1000000,6000000
2017-02-15 10:41:16.272000,1.05458,1.05457,3000000,2250000
2017-02-15 10:41:16.526000,1.05461,1.05459,2620000,1500000
2017-02-15 10:41:17.039000,1.0546,1.05459,1000000,2250000
2017-02-15 10:41:17.603000,1.0546,1.05458,1000000,6750000
2017-02-15 10:41:17.806000,1.05461,1.05459,3190000,1500000
2017-02-15 10:41:18.856000,1.05461,1.0546,3190000,1500000
2017-02-15 10:41:19.381000,1.0546,1.05459,1000000,2250000
2017-02-15 10:41:19.968000,1.0546,1.05459,1000000,1000000
2017-02-15 10:41:20.481000,1.05461,1.0546,3750000,1120000
2017-02-15 10:41:21.017000,1.05461,1.05459,3750000,2020000
2017-02-15 10:41:23.399000,1.05461,1.05459,3750000,2870000
2017-02-15 10:41:26.048000,1.05462,1.0546,3190000,2250000
2017-02-15 10:41:26.591000,1.05461,1.0546,1500000,1000000
2017-02-15 10:41:27.255000,1.0546,1.05459,1000000,2060000
2017-02-15 10:41:29.573000,1.0546,1.05459,1000000,1250000
2017-02-15 10:41:30.282000,1.05461,1.05459,1000000,1000000
2017-02-15 10:41:30.885000,1.05462,1.05459,8470000,1000000
2017-02-15 10:41:31.392000,1.05462,1.0546,4340000,1280000
2017-02-15 10:41:32.714000,1.05461,1.0546,1000000,2250000
2017-02-15 10:41:33.328000,1.05461,1.05459,3000000,1500000
2017-02-15 10:41:33.877000,1.0546,1.05459,1000000,1000000
2017-02-15 10:41:36.235000,1.05461,1.05459,3000000,4350000
2017-02-15 10:41:36.489000,1.05462,1.0546,1530000,3970000
2017-02-15 10:41:38.619000,1.05463,1.05461,3780000,2250000
2017-02-15 10:41:39.228000,1.05463,1.05461,1530000,2440000
2017-02-15 10:41:42.232000,1.05464,1.05463,3590000,1300000
2017-02-15 10:41:42.335000,1.05464,1.05463,1500000,3220000
2017-02-15 10:41:42.920000,1.05465,1.05464,3370000,1000000
2017-02-15 10:41:43.578000,1.05464,1.05463,1000000,2810000
2017-02-15 10:41:44.084000,1.05465,1.05464,4120000,1000000
2017-02-15 10:41:44.728000,1.05465,1.05463,5620000,1670000
2017-02-15 10:41:45.240000,1.05464,1.05463,1000000,1000000
2017-02-15 10:41:46.521000,1.05464,1.05462,1000000,4350000
2017-02-15 10:41:46.726000,1.05463,1.05461,1000000,4310000
2017-02-15 10:41:47.228000,1.05463,1.05462,3000000,1000000
2017-02-15 10:41:48.032000,1.05464,1.05462,4500000,3220000
2017-02-15 10:41:48.579000,1.05464,1.05463,2250000,1310000
2017-02-15 10:41:49.095000,1.05465,1.05463,3000000,2060000
2017-02-15 10:41:49.602000,1.05465,1.05464,3000000,1000000
2017-02-15 10:41:53.146000,1.05468,1.05466,8620000,2470000
2017-02-15 10:41:53.344000,1.05467,1.05466,3000000,3000000
2017-02-15 10:41:54.155000,1.05467,1.05465,3000000,2060000
2017-02-15 10:41:54.690000,1.05467,1.05465,3000000,1500000
2017-02-15 10:41:55.410000,1.05467,1.05465,3000000,3940000
2017-02-15 10:41:55.995000,1.05467,1.05465,3000000,3940000
2017-02-15 10:41:56.556000,1.05467,1.05465,3000000,3940000
2017-02-15 10:41:57.103000,1.05467,1.05465,3000000,3940000
2017-02-15 10:41:57.811000,1.05467,1.05465,1500000,3940000
2017-02-15 10:41:59.448000,1.05467,1.05465,1000000,3750000
2017-02-15 10:42:00.510000,1.05466,1.05465,2250000,2620000
2017-02-15 10:42:00.662000,1.05466,1.05464,3000000,2620000
2017-02-15 10:42:01.168000,1.05465,1.05464,1000000,2250000
2017-02-15 10:42:01.795000,1.05466,1.05464,4500000,2440000
2017-02-15 10:42:02.315000,1.05464,1.05462,2870000,5060000
2017-02-15 10:42:02.845000,1.05464,1.05463,4120000,1000000
2017-02-15 10:42:03.580000,1.05466,1.05464,15600000,1000000
2017-02-15 10:42:04.637000,1.05465,1.05464,1500000,1500000
2017-02-15 10:42:07.408000,1.05465,1.05464,1000000,1500000
2017-02-15 10:42:08.179000,1.05466,1.05464,2620000,1870000
2017-02-15 10:42:09.081000,1.05465,1.05464,1000000,2250000
2017-02-15 10:42:09.585000,1.05466,1.05464,2620000,2250000
2017-02-15 10:42:10.194000,1.05465,1.05464,1000000,2250000
2017-02-15 10:42:24.395000,1.05466,1.05464,4120000,2250000
2017-02-15 10:42:25.900000,1.05465,1.05464,1000000,2250000
2017-02-15 10:42:28.081000,1.05465,1.05463,1500000,3560000
2017-02-15 10:42:30.549000,1.05466,1.05463,5810000,2470000
2017-02-15 10:42:31.460000,1.05466,1.05464,5060000,1000000
2017-02-15 10:42:40.666000,1.05475,1.05469,1000000,22190001
2017-02-15 10:42:41.174000,1.05476,1.05469,1690000,17809999
2017-02-15 10:42:42.119000,1.05475,1.05469,2250000,25160000
2017-02-15 10:42:43.790000,1.05474,1.05472,2440000,1500000
2017-02-15 10:42:44.541000,1.05475,1.05474,6040000,1000000
2017-02-15 10:42:45.047000,1.05475,1.05474,3000000,1120000
2017-02-15 10:42:45.637000,1.05476,1.05474,5810000,1120000
2017-02-15 10:42:46.195000,1.05476,1.05474,9060000,2620000
2017-02-15 10:42:48.057000,1.05475,1.05473,1000000,3370000
2017-02-15 10:42:49.267000,1.05476,1.05473,4500000,4720000
2017-02-15 10:42:49.572000,1.0548,1.05478,1690000,3000000
2017-02-15 10:42:49.979000,1.0548,1.05478,1690000,4500000
2017-02-15 10:42:50.275000,1.05481,1.0548,8810000,1000000
2017-02-15 10:42:51.825000,1.05481,1.05479,7310000,3000000
2017-02-15 10:42:52.168000,1.05483,1.05481,11620000,3250000
2017-02-15 10:42:52.745000,1.05481,1.0548,1500000,1870000
2017-02-15 10:42:53.505000,1.05481,1.05478,3370000,3000000
2017-02-15 10:42:53.556000,1.05479,1.05478,1000000,2250000
2017-02-15 10:42:58.343000,1.05477,1.05476,1000000,1760000
2017-02-15 10:42:58.445000,1.05477,1.05474,3940000,1760000
2017-02-15 10:42:58.597000,1.05476,1.05473,1000000,7910000
2017-02-15 10:43:00.526000,1.05476,1.05475,1250000,1000000
2017-02-15 10:43:00.729000,1.05478,1.05476,8060000,1000000
2017-02-15 10:43:01.090000,1.0548,1.05478,1190000,1500000
2017-02-15 10:43:02.034000,1.05479,1.05477,1250000,3370000
2017-02-15 10:43:02.573000,1.05479,1.05477,1440000,2620000
2017-02-15 10:43:03.080000,1.05479,1.05478,1120000,1000000
2017-02-15 10:43:03.498000,1.05481,1.05479,8440000,1000000
2017-02-15 10:43:03.674000,1.05479,1.05477,1000000,2250000
2017-02-15 10:43:03.726000,1.05477,1.05475,1000000,7500000
2017-02-15 10:43:03.880000,1.05476,1.05475,1310000,1120000
2017-02-15 10:43:04.848000,1.05476,1.05475,1690000,1000000
2017-02-15 10:43:04.950000,1.05476,1.05475,1310000,4870000
2017-02-15 10:43:05.354000,1.05479,1.05477,10120000,1870000
2017-02-15 10:43:05.890000,1.05479,1.05477,3190000,1000000
2017-02-15 10:43:11.151000,1.05479,1.05478,1500000,1500000
2017-02-15 10:43:11.464000,1.05481,1.05479,1500000,3410000
2017-02-15 10:43:11.515000,1.05482,1.0548,3750000,5060000
2017-02-15 10:43:12.143000,1.05483,1.05481,2440000,1500000
2017-02-15 10:43:12.842000,1.05481,1.0548,1690000,4010000
2017-02-15 10:43:13.095000,1.0548,1.05478,3000000,1000000
2017-02-15 10:43:13.349000,1.05478,1.05477,2250000,3750000
2017-02-15 10:43:13.781000,1.05481,1.0548,3750000,1500000
2017-02-15 10:43:13.934000,1.05483,1.0548,7310000,4870000
2017-02-15 10:43:14.875000,1.05482,1.0548,1000000,2140000
2017-02-15 10:43:16.394000,1.05481,1.0548,1000000,1000000
2017-02-15 10:43:16.901000,1.05481,1.05479,3000000,1000000
2017-02-15 10:43:17.434000,1.0548,1.05478,1000000,1120000
2017-02-15 10:43:17.945000,1.05481,1.05478,1870000,3220000
2017-02-15 10:43:18.483000,1.05478,1.05476,2060000,7010000
2017-02-15 10:43:18.635000,1.05476,1.05474,1120000,3750000
2017-02-15 10:43:18.889000,1.05478,1.05476,1870000,3850000
2017-02-15 10:43:18.991000,1.0548,1.05479,1000000,2250000
2017-02-15 10:43:19.314000,1.05479,1.05477,1500000,6600000
2017-02-15 10:43:19.866000,1.05479,1.05478,1000000,1000000
2017-02-15 10:43:20.138000,1.05481,1.05478,6750000,1000000
2017-02-15 10:43:20.872000,1.05481,1.05479,1690000,1000000
2017-02-15 10:43:21.414000,1.0548,1.05478,1000000,4120000
2017-02-15 10:43:21.921000,1.05481,1.05479,1250000,1000000
2017-02-15 10:43:24.789000,1.05481,1.05478,2440000,6970000
2017-02-15 10:43:24.932000,1.05479,1.05477,1120000,1250000
2017-02-15 10:43:25.917000,1.05478,1.05476,1120000,6750000
2017-02-15 10:43:26.120000,1.05476,1.05474,1000000,5620000
2017-02-15 10:43:26.474000,1.05479,1.05477,7500000,1870000
2017-02-15 10:43:26.627000,1.0548,1.05478,1120000,2620000
2017-02-15 10:43:26.830000,1.05479,1.05476,2620000,3370000
2017-02-15 10:43:27.331000,1.05478,1.05475,6560000,1500000
2017-02-15 10:43:27.449000,1.05476,1.05474,3370000,1000000
2017-02-15 10:43:28.006000,1.05476,1.05474,1000000,1010000
2017-02-15 10:43:31.847000,1.05476,1.05473,1500000,9490000
2017-02-15 10:43:32.359000,1.05476,1.05473,1500000,7050000
2017-02-15 10:43:33.737000,1.05476,1.05475,1500000,1000000
2017-02-15 10:43:36.066000,1.05476,1.05474,1500000,2320000
2017-02-15 10:43:42.707000,1.05476,1.05475,1000000,2250000
2017-02-15 10:43:45.517000,1.0548,1.05479,33560001,1300000
2017-02-15 10:43:45.670000,1.0548,1.05478,3000000,4500000
2017-02-15 10:43:46.194000,1.05481,1.05479,1500000,1000000
2017-02-15 10:43:50.124000,1.05482,1.05479,6000000,3370000
2017-02-15 10:43:51.903000,1.05482,1.0548,4500000,2250000
2017-02-15 10:43:57.273000,1.05482,1.05479,1500000,2700000
2017-02-15 10:43:58.442000,1.05481,1.05479,1500000,1950000
2017-02-15 10:43:58.544000,1.0548,1.05478,2500000,2320000
2017-02-15 10:43:58.645000,1.0548,1.05477,1500000,2060000
2017-02-15 10:43:59.182000,1.05479,1.05477,1000000,1120000
2017-02-15 10:43:59.285000,1.05481,1.05478,6220000,1870000
2017-02-15 10:43:59.796000,1.0548,1.05478,1500000,1000000
2017-02-15 10:44:01.122000,1.05481,1.05478,4120000,3970000
2017-02-15 10:44:01.662000,1.0548,1.05477,1000000,5440000
2017-02-15 10:44:01.865000,1.05481,1.05478,2620000,3750000
2017-02-15 10:44:02.485000,1.0548,1.05478,1000000,9600000
2017-02-15 10:44:03.026000,1.05481,1.05478,1000000,9290000
2017-02-15 10:44:04.227000,1.0548,1.05479,1120000,1500000
2017-02-15 10:44:04.996000,1.0548,1.05478,1500000,2250000
2017-02-15 10:44:06.972000,1.05478,1.05476,2620000,9940000
2017-02-15 10:44:07.196000,1.05477,1.05476,1250000,1000000
2017-02-15 10:44:07.755000,1.05478,1.05475,3560000,4570000
2017-02-15 10:44:07.908000,1.05479,1.05477,1500000,5470000
2017-02-15 10:44:08.410000,1.05478,1.05477,1870000,1000000
2017-02-15 10:44:08.719000,1.05479,1.05478,1000000,4500000
2017-02-15 10:44:08.923000,1.05479,1.05477,1000000,1500000
2017-02-15 10:44:09.430000,1.05478,1.05477,1000000,1000000
2017-02-15 10:44:12.845000,1.05479,1.05477,1000000,2620000
2017-02-15 10:44:12.896000,1.05481,1.0548,7120000,2250000
2017-02-15 10:44:13.139000,1.05481,1.0548,1870000,2250000
2017-02-15 10:44:13.686000,1.0548,1.05478,1000000,14740000
2017-02-15 10:44:20.054000,1.05481,1.0548,2620000,1500000
2017-02-15 10:44:20.717000,1.05481,1.0548,1870000,2250000
2017-02-15 10:44:21.267000,1.05481,1.05479,1000000,2620000
2017-02-15 10:44:21.822000,1.0548,1.05478,1000000,2620000
2017-02-15 10:44:23.313000,1.0548,1.05478,1000000,7350000
2017-02-15 10:44:24.914000,1.05481,1.05479,4120000,1350000
2017-02-15 10:44:28.087000,1.0548,1.05478,1000000,9970000
2017-02-15 10:44:28.443000,1.05481,1.0548,2620000,1000000
2017-02-15 10:44:29.433000,1.05481,1.05479,1120000,2850000
2017-02-15 10:44:29.947000,1.05481,1.0548,1120000,1500000
2017-02-15 10:44:30.512000,1.05482,1.05481,3000000,1000000
2017-02-15 10:44:30.563000,1.0548,1.05479,1870000,5620000
2017-02-15 10:44:30.614000,1.0548,1.05479,3000000,5250000
2017-02-15 10:44:30.767000,1.05478,1.05477,1000000,1500000
2017-02-15 10:44:30.971000,1.0548,1.05478,1120000,3190000
2017-02-15 10:44:31.123000,1.05481,1.05479,2620000,3250000
2017-02-15 10:44:31.628000,1.05481,1.05479,1120000,2850000
2017-02-15 10:44:31.999000,1.05479,1.05477,1000000,5620000
2017-02-15 10:44:32.179000,1.05479,1.05476,1690000,7310000
2017-02-15 10:44:32.432000,1.0548,1.05478,4870000,3000000
2017-02-15 10:44:34.258000,1.05481,1.05478,3370000,4120000
2017-02-15 10:44:36.220000,1.05481,1.05479,3750000,1000000
2017-02-15 10:44:40.720000,1.05481,1.0548,1000000,2250000
2017-02-15 10:44:42.680000,1.05482,1.0548,5250000,1500000
2017-02-15 10:44:46.462000,1.05482,1.0548,2250000,2250000
2017-02-15 10:44:47.733000,1.05481,1.05479,4720000,4120000
2017-02-15 10:44:48.237000,1.05481,1.05479,6750000,1500000
2017-02-15 10:44:48.440000,1.05482,1.0548,4500000,3750000
2017-02-15 10:44:48.911000,1.05481,1.05479,3370000,4870000
2017-02-15 10:44:49.418000,1.05481,1.0548,2620000,2250000
2017-02-15 10:44:50.568000,1.05483,1.05481,1500000,2250000
2017-02-15 10:44:52.978000,1.05483,1.05482,1000000,1500000
2017-02-15 10:44:53.520000,1.05484,1.05481,3370000,6600000
2017-02-15 10:44:53.672000,1.05484,1.05482,2620000,2250000
2017-02-15 10:44:54.198000,1.05484,1.05483,2620000,1000000
2017-02-15 10:44:55.638000,1.05484,1.05482,1870000,1500000
2017-02-15 10:44:55.849000,1.05484,1.05482,1870000,1500000
2017-02-15 10:44:56.340000,1.05483,1.05482,1870000,1000000
2017-02-15 10:44:56.441000,1.05482,1.0548,1000000,11470000
2017-02-15 10:44:56.665000,1.05481,1.0548,1120000,4720000
2017-02-15 10:44:57.197000,1.05482,1.0548,2620000,4720000
2017-02-15 10:44:58.717000,1.05483,1.0548,1500000,9600000
2017-02-15 10:44:58.818000,1.05484,1.05482,5620000,1000000
2017-02-15 10:44:59.324000,1.05483,1.0548,1120000,5850000
2017-02-15 10:44:59.830000,1.05483,1.0548,3370000,5100000
