time,ask,bid,ask_volume,bid_volume
2017-06-16 13:55:00.419000,1.10912,1.1091,2250000,1120000
2017-06-16 13:55:02.422000,1.10912,1.10909,2060000,2620000
2017-06-16 13:55:05.798000,1.10912,1.10909,1120000,4350000
2017-06-16 13:55:06.311000,1.10913,1.10912,1500000,1350000
2017-06-16 13:55:06.669000,1.10912,1.1091,1120000,3000000
2017-06-16 13:55:07.220000,1.10912,1.1091,1870000,1000000
2017-06-16 13:55:08.014000,1.1091,1.10908,1910000,1500000
2017-06-16 13:55:08.526000,1.10909,1.10907,1120000,1870000
2017-06-16 13:55:09.088000,1.1091,1.10907,2060000,3000000
2017-06-16 13:55:10.221000,1.10911,1.1091,2440000,1000000
2017-06-16 13:55:10.737000,1.10912,1.1091,2440000,1000000
2017-06-16 13:55:12.157000,1.10911,1.10908,3790000,2620000
2017-06-16 13:55:12.311000,1.10907,1.10906,1690000,3000000
2017-06-16 13:55:12.414000,1.10907,1.10905,3000000,1500000
2017-06-16 13:55:12.933000,1.10907,1.10904,3750000,2620000
2017-06-16 13:55:14.050000,1.10906,1.10905,1870000,1000000
2017-06-16 13:55:14.586000,1.10907,1.10905,4160000,1000000
2017-06-16 13:55:15.505000,1.10907,1.10904,1500000,2620000
2017-06-16 13:55:15.709000,1.10908,1.10905,4200000,1000000
2017-06-16 13:55:15.943000,1.109,1.10899,1000000,3750000
2017-06-16 13:55:16.455000,1.109,1.10898,3560000,1000000
2017-06-16 13:55:16.609000,1.10901,1.10899,1500000,6040000
2017-06-16 13:55:16.660000,1.10904,1.10903,1690000,1000000
2017-06-16 13:55:17.083000,1.10908,1.10906,1870000,1000000
2017-06-16 13:55:17.494000,1.1091,1.10908,2060000,1000000
2017-06-16 13:55:18.027000,1.1091,1.10908,1690000,1000000
2017-06-16 13:55:24.581000,1.10909,1.10908,3220000,1000000
2017-06-16 13:55:24.683000,1.10906,1.10905,2480000,1120000
2017-06-16 13:55:25.077000,1.10905,1.10903,3190000,1000000
2017-06-16 13:55:25.383000,1.10907,1.10906,2250000,1000000
2017-06-16 13:55:25.587000,1.10905,1.10904,1120000,1500000
2017-06-16 13:55:26.109000,1.10904,1.10903,1690000,1000000
2017-06-16 13:55:26.642000,1.10903,1.10901,1620000,1120000
2017-06-16 13:55:27.173000,1.10904,1.10902,2810000,1500000
2017-06-16 13:55:27.688000,1.10904,1.10902,2810000,1120000
2017-06-16 13:55:28.256000,1.10904,1.10902,2810000,1500000
2017-06-16 13:55:28.771000,1.10904,1.10903,1120000,1000000
2017-06-16 13:55:29.432000,1.10905,1.10903,1120000,1120000
2017-06-16 13:55:29.981000,1.10905,1.10903,1370000,1000000
2017-06-16 13:55:30.499000,1.10905,1.10903,1370000,1000000
2017-06-16 13:55:31.009000,1.10905,1.10904,1120000,1000000
2017-06-16 13:55:32.976000,1.10906,1.10904,2620000,1000000
2017-06-16 13:55:33.180000,1.1091,1.10908,2250000,1000000
2017-06-16 13:55:34.063000,1.1091,1.10908,1720000,2250000
2017-06-16 13:55:34.606000,1.10909,1.10907,1120000,2810000
2017-06-16 13:55:37.713000,1.10909,1.10907,1120000,2810000
2017-06-16 13:55:40.644000,1.10909,1.10907,1120000,3190000
2017-06-16 13:55:41.260000,1.10909,1.10907,1000000,2440000
2017-06-16 13:55:41.958000,1.10909,1.10907,1000000,1690000
2017-06-16 13:55:45.035000,1.1091,1.10907,1870000,3790000
2017-06-16 13:55:45.582000,1.10909,1.10907,1000000,1690000
2017-06-16 13:55:46.065000,1.10911,1.1091,3750000,1120000
2017-06-16 13:55:46.573000,1.10912,1.10909,3220000,3000000
2017-06-16 13:55:47.615000,1.1091,1.10909,1870000,1120000
2017-06-16 13:55:48.223000,1.1091,1.10908,1870000,1000000
2017-06-16 13:55:49.224000,1.10909,1.10907,1000000,1500000
2017-06-16 13:55:49.378000,1.10907,1.10906,1000000,1840000
2017-06-16 13:55:49.785000,1.10903,1.10901,1000000,5290000
2017-06-16 13:55:50.299000,1.10903,1.10901,2250000,2440000
2017-06-16 13:55:52.037000,1.10904,1.10902,1370000,1000000
2017-06-16 13:55:52.344000,1.10898,1.10897,1500000,2620000
2017-06-16 13:55:52.397000,1.10897,1.10895,2620000,1870000
2017-06-16 13:55:52.823000,1.10896,1.10894,1000000,1500000
2017-06-16 13:55:53.341000,1.10895,1.10894,1500000,1000000
2017-06-16 13:55:53.750000,1.10893,1.1089,2620000,4200000
2017-06-16 13:55:54.001000,1.10891,1.10889,1000000,2250000
2017-06-16 13:55:54.870000,1.10894,1.10892,3190000,2470000
2017-06-16 13:55:55.319000,1.10895,1.10893,3940000,1000000
2017-06-16 13:55:56.371000,1.10896,1.10893,3940000,3220000
2017-06-16 13:55:56.647000,1.10897,1.10895,1120000,1870000
2017-06-16 13:55:56.751000,1.10898,1.10897,1870000,1000000
2017-06-16 13:55:56.959000,1.109,1.10898,1250000,2250000
2017-06-16 13:55:57.596000,1.10901,1.10899,3560000,1000000
2017-06-16 13:55:57.873000,1.10904,1.10902,2810000,1000000
2017-06-16 13:55:58.182000,1.10906,1.10904,4690000,1000000
2017-06-16 13:55:58.542000,1.10905,1.10903,2660000,2250000
2017-06-16 13:55:59.068000,1.10905,1.10903,6940000,1000000
2017-06-16 13:55:59.397000,1.10906,1.10904,6940000,1000000
2017-06-16 13:55:59.954000,1.10908,1.10906,7870000,1370000
2017-06-16 13:56:00.056000,1.10909,1.10908,1120000,1000000
2017-06-16 13:56:01.548000,1.10908,1.10906,2660000,1000000
2017-06-16 13:56:02.061000,1.10908,1.10906,1370000,1120000
2017-06-16 13:56:02.646000,1.10909,1.10907,2060000,1000000
2017-06-16 13:56:03.363000,1.10907,1.10906,2060000,1120000
2017-06-16 13:56:03.670000,1.10906,1.10904,1870000,1120000
2017-06-16 13:56:05.461000,1.10906,1.10905,1120000,1000000
2017-06-16 13:56:05.769000,1.10908,1.10907,1310000,1000000
2017-06-16 13:56:06.321000,1.10909,1.10907,1690000,1000000
2017-06-16 13:56:06.836000,1.10909,1.10908,1310000,1000000
2017-06-16 13:56:09.546000,1.10908,1.10907,1120000,1000000
2017-06-16 13:56:10.949000,1.10909,1.10908,1310000,1000000
2017-06-16 13:56:11.481000,1.10909,1.10907,2060000,1500000
2017-06-16 13:56:12.019000,1.10909,1.10908,1310000,1000000
2017-06-16 13:56:14.414000,1.10909,1.10907,1620000,1120000
2017-06-16 13:56:14.925000,1.10909,1.10908,1310000,1000000
2017-06-16 13:56:21.070000,1.10911,1.10909,6750000,1000000
2017-06-16 13:56:21.383000,1.10912,1.10911,1310000,1000000
2017-06-16 13:56:22.233000,1.10912,1.1091,2060000,1120000
2017-06-16 13:56:24.471000,1.10912,1.10911,1310000,1000000
2017-06-16 13:56:25.134000,1.10914,1.10912,7690000,1000000
2017-06-16 13:56:25.638000,1.10912,1.10911,1120000,1000000
2017-06-16 13:56:29.922000,1.10911,1.10909,2620000,3040000
2017-06-16 13:56:30.646000,1.1091,1.10909,3560000,1000000
2017-06-16 13:56:31.152000,1.1091,1.10908,3560000,2250000
2017-06-16 13:56:31.680000,1.1091,1.10908,3560000,1000000
2017-06-16 13:56:32.055000,1.10906,1.10905,1310000,2250000
2017-06-16 13:56:32.564000,1.10906,1.10905,2060000,1000000
2017-06-16 13:56:33.088000,1.10905,1.10903,1120000,1870000
2017-06-16 13:56:33.604000,1.10905,1.10902,3750000,3370000
2017-06-16 13:56:34.697000,1.10903,1.10902,1000000,1500000
2017-06-16 13:56:35.460000,1.10902,1.109,1000000,2250000
2017-06-16 13:56:35.870000,1.109,1.10898,1000000,5250000
2017-06-16 13:56:36.389000,1.109,1.10897,2620000,3370000
2017-06-16 13:56:36.898000,1.10901,1.10899,3370000,1720000
2017-06-16 13:56:37.533000,1.10901,1.10899,1000000,2890000
2017-06-16 13:56:38.028000,1.10903,1.10901,1870000,1120000
2017-06-16 13:56:38.558000,1.10903,1.10901,1000000,4540000
2017-06-16 13:56:40.792000,1.10904,1.10902,3370000,1000000
2017-06-16 13:56:41.855000,1.10904,1.10902,1000000,1370000
2017-06-16 13:56:42.314000,1.10906,1.10905,3370000,1120000
2017-06-16 13:56:42.467000,1.10909,1.10906,4310000,1370000
2017-06-16 13:56:43.248000,1.10907,1.10905,3370000,1410000
2017-06-16 13:56:43.351000,1.10906,1.10904,1120000,1870000
2017-06-16 13:56:44.049000,1.10907,1.10905,1120000,1870000
2017-06-16 13:56:44.563000,1.10908,1.10905,1870000,2250000
2017-06-16 13:56:45.059000,1.10906,1.10904,1120000,1870000
2017-06-16 13:56:45.595000,1.10906,1.10904,1120000,1500000
2017-06-16 13:56:46.105000,1.10907,1.10904,2060000,3750000
2017-06-16 13:56:46.455000,1.10908,1.10906,1000000,2250000
2017-06-16 13:56:47.022000,1.10909,1.10907,3560000,1000000
2017-06-16 13:56:49.161000,1.10909,1.10908,1250000,1120000
2017-06-16 13:56:49.472000,1.10912,1.10909,5620000,2620000
2017-06-16 13:56:49.983000,1.10913,1.1091,3560000,2250000
2017-06-16 13:56:51.133000,1.10913,1.10911,1250000,1500000
2017-06-16 13:56:52.657000,1.10914,1.10912,1870000,1370000
2017-06-16 13:56:53.973000,1.10914,1.10912,3560000,1120000
2017-06-16 13:56:56.332000,1.10914,1.10912,1310000,1870000
2017-06-16 13:56:57.956000,1.10914,1.10911,3560000,8100000
2017-06-16 13:56:59.467000,1.10913,1.10912,1000000,1120000
2017-06-16 13:56:59.978000,1.10912,1.1091,2250000,1870000
2017-06-16 13:57:00.531000,1.10914,1.10912,3940000,1000000
2017-06-16 13:57:00.842000,1.1091,1.10908,2810000,1240000
2017-06-16 13:57:01.480000,1.1091,1.10907,5440000,2250000
2017-06-16 13:57:01.991000,1.1091,1.10908,2440000,1000000
2017-06-16 13:57:02.297000,1.10909,1.10906,2810000,3750000
2017-06-16 13:57:02.774000,1.1091,1.10908,2440000,1870000
2017-06-16 13:57:03.304000,1.10911,1.10907,2440000,6000000
2017-06-16 13:57:04.286000,1.10913,1.1091,3560000,3370000
2017-06-16 13:57:04.337000,1.10912,1.1091,2620000,1500000
2017-06-16 13:57:05.564000,1.10912,1.1091,1870000,1500000
2017-06-16 13:57:06.438000,1.10913,1.10911,1120000,1610000
2017-06-16 13:57:06.965000,1.10914,1.10911,3560000,3490000
2017-06-16 13:57:07.479000,1.10914,1.10912,2060000,1500000
2017-06-16 13:57:07.788000,1.10913,1.10911,1870000,1120000
2017-06-16 13:57:07.995000,1.10912,1.1091,2620000,1500000
2017-06-16 13:57:11.025000,1.10912,1.10911,1120000,1000000
2017-06-16 13:57:12.038000,1.10912,1.10911,1120000,1000000
2017-06-16 13:57:12.635000,1.10913,1.10911,2620000,1000000
2017-06-16 13:57:13.889000,1.10912,1.10911,1120000,1000000
2017-06-16 13:57:15.505000,1.10913,1.10911,1310000,1120000
2017-06-16 13:57:15.966000,1.10912,1.1091,2060000,1000000
2017-06-16 13:57:16.223000,1.1091,1.10908,1310000,1500000
2017-06-16 13:57:16.699000,1.10911,1.10909,1500000,1000000
2017-06-16 13:57:17.209000,1.10912,1.1091,1370000,1120000
2017-06-16 13:57:17.260000,1.10912,1.10909,1370000,1870000
2017-06-16 13:57:17.676000,1.10914,1.10911,4310000,2250000
2017-06-16 13:57:18.649000,1.10914,1.10911,1310000,4120000
2017-06-16 13:57:26.325000,1.10913,1.10911,1620000,1120000
2017-06-16 13:57:27.356000,1.10914,1.10911,2250000,3000000
2017-06-16 13:57:27.969000,1.10913,1.10911,2060000,1120000
2017-06-16 13:57:30.185000,1.10913,1.10911,1250000,2250000
2017-06-16 13:57:30.688000,1.10914,1.10911,2810000,3000000
2017-06-16 13:57:33.457000,1.10914,1.10912,1120000,1120000
2017-06-16 13:57:33.964000,1.10914,1.10911,2440000,2620000
2017-06-16 13:57:34.066000,1.10912,1.1091,1870000,1870000
2017-06-16 13:57:37.797000,1.10913,1.10911,2060000,1870000
2017-06-16 13:57:45.861000,1.10914,1.10912,1120000,2250000
2017-06-16 13:57:47.174000,1.10914,1.10912,1310000,1120000
2017-06-16 13:57:48.546000,1.10913,1.10911,1370000,2250000
2017-06-16 13:57:48.903000,1.10911,1.10909,2060000,1370000
2017-06-16 13:57:49.140000,1.1091,1.10908,1120000,3750000
2017-06-16 13:57:52.968000,1.10911,1.1091,1500000,1870000
2017-06-16 13:57:53.274000,1.10913,1.10911,1120000,1370000
2017-06-16 13:57:55.021000,1.10912,1.10911,1870000,1000000
2017-06-16 13:57:55.551000,1.10912,1.10909,3190000,2250000
2017-06-16 13:57:56.066000,1.10912,1.10909,3190000,1870000
2017-06-16 13:57:56.375000,1.10909,1.10908,1000000,1120000
2017-06-16 13:57:56.893000,1.1091,1.10908,1690000,1000000
2017-06-16 13:58:00.223000,1.1091,1.10909,1690000,1000000
2017-06-16 13:58:00.896000,1.10908,1.10907,1000000,2250000
2017-06-16 13:58:01.422000,1.10909,1.10907,1250000,1870000
2017-06-16 13:58:02.447000,1.10912,1.1091,7310000,1120000
2017-06-16 13:58:03.877000,1.10911,1.10909,3370000,1000000
2017-06-16 13:58:04.378000,1.10911,1.10909,3750000,1000000
2017-06-16 13:58:05.095000,1.10911,1.10909,3750000,1120000
2017-06-16 13:58:05.599000,1.1091,1.10908,3190000,1500000
2017-06-16 13:58:06.058000,1.10909,1.10907,2810000,1500000
2017-06-16 13:58:06.637000,1.10908,1.10906,6190000,1000000
2017-06-16 13:58:07.781000,1.10907,1.10905,2810000,1870000
2017-06-16 13:58:08.304000,1.10906,1.10905,3370000,1000000
2017-06-16 13:58:08.833000,1.10906,1.10905,1870000,1000000
2017-06-16 13:58:14.667000,1.10907,1.10905,1310000,1500000
2017-06-16 13:58:14.994000,1.10912,1.1091,1610000,2620000
2017-06-16 13:58:15.773000,1.10913,1.10911,1000000,3000000
2017-06-16 13:58:17.219000,1.10913,1.10911,3940000,1120000
2017-06-16 13:58:17.741000,1.10912,1.1091,3190000,1000000
2017-06-16 13:58:18.921000,1.10909,1.10908,2620000,1870000
2017-06-16 13:58:19.074000,1.10909,1.10906,3560000,2250000
2017-06-16 13:58:19.995000,1.10909,1.10908,2620000,1000000
2017-06-16 13:58:20.602000,1.10909,1.10906,1870000,2620000
2017-06-16 13:58:23.038000,1.10908,1.10906,1120000,1500000
2017-06-16 13:58:23.549000,1.10908,1.10905,1690000,3370000
2017-06-16 13:58:24.891000,1.10909,1.10907,3190000,1000000
2017-06-16 13:58:26.912000,1.10909,1.10907,1620000,1000000
2017-06-16 13:58:27.308000,1.10911,1.10909,2810000,1500000
2017-06-16 13:58:27.359000,1.10912,1.1091,1000000,2620000
2017-06-16 13:58:27.891000,1.10913,1.1091,3190000,3070000
2017-06-16 13:58:28.649000,1.10912,1.1091,1310000,1570000
2017-06-16 13:58:29.493000,1.10911,1.10909,1120000,1370000
2017-06-16 13:58:30.069000,1.10911,1.10909,1870000,1000000
2017-06-16 13:58:30.472000,1.10909,1.10908,1000000,1870000
2017-06-16 13:58:30.527000,1.10907,1.10906,1000000,1000000
2017-06-16 13:58:31.512000,1.10907,1.10905,2060000,1870000
2017-06-16 13:58:32.053000,1.10907,1.10904,3190000,1870000
2017-06-16 13:58:32.567000,1.10905,1.10903,1120000,3750000
2017-06-16 13:58:33.231000,1.10906,1.10904,1120000,1870000
2017-06-16 13:58:33.741000,1.10907,1.10905,2060000,1000000
2017-06-16 13:58:34.265000,1.10906,1.10904,1870000,1370000
2017-06-16 13:58:34.975000,1.10907,1.10905,1120000,2250000
2017-06-16 13:58:35.521000,1.10907,1.10905,1240000,2620000
2017-06-16 13:58:36.035000,1.10906,1.10904,1870000,1000000
2017-06-16 13:58:36.546000,1.10906,1.10904,1120000,1870000
2017-06-16 13:58:38.118000,1.10906,1.10904,1870000,1250000
2017-06-16 13:58:38.641000,1.10906,1.10903,1870000,5440000
2017-06-16 13:58:39.630000,1.10904,1.10903,1120000,3190000
2017-06-16 13:58:40.491000,1.10904,1.10902,1120000,3560000
2017-06-16 13:58:46.454000,1.10906,1.10905,4500000,1250000
2017-06-16 13:58:46.505000,1.10908,1.10907,2250000,1310000
2017-06-16 13:58:46.608000,1.1091,1.10908,1000000,5060000
2017-06-16 13:58:46.659000,1.10911,1.10909,1120000,3410000
2017-06-16 13:58:47.612000,1.10912,1.1091,1120000,1200000
2017-06-16 13:58:50.065000,1.10912,1.10909,1500000,4840000
2017-06-16 13:58:50.577000,1.10912,1.10909,1870000,4090000
2017-06-16 13:58:51.117000,1.10912,1.10909,1500000,4090000
2017-06-16 13:58:52.059000,1.10912,1.10909,1500000,3190000
2017-06-16 13:58:54.041000,1.10912,1.1091,2250000,1000000
2017-06-16 13:58:56.890000,1.10911,1.10909,2060000,3370000
2017-06-16 13:58:57.400000,1.10911,1.10909,1370000,2620000
2017-06-16 13:58:59.120000,1.10911,1.10909,1120000,2620000
2017-06-16 13:58:59.875000,1.10912,1.10909,1120000,3370000
2017-06-16 13:59:00.851000,1.10911,1.10909,1120000,3900000
2017-06-16 13:59:01.531000,1.10911,1.10909,1870000,1500000
2017-06-16 13:59:02.044000,1.10911,1.10908,1370000,4870000
2017-06-16 13:59:02.643000,1.10912,1.10909,1870000,1500000
2017-06-16 13:59:04.078000,1.10912,1.10909,1370000,4690000
2017-06-16 13:59:04.713000,1.10913,1.1091,1870000,1500000
2017-06-16 13:59:06.355000,1.1091,1.10909,1000000,2620000
2017-06-16 13:59:06.508000,1.10909,1.10907,2620000,2810000
2017-06-16 13:59:07.021000,1.1091,1.10908,1120000,1870000
2017-06-16 13:59:07.924000,1.10909,1.10908,1120000,1000000
2017-06-16 13:59:07.975000,1.10908,1.10906,1370000,2440000
2017-06-16 13:59:08.524000,1.10908,1.10906,1370000,2810000
2017-06-16 13:59:08.975000,1.10909,1.10906,1500000,5060000
2017-06-16 13:59:10.654000,1.1091,1.10907,1370000,2810000
2017-06-16 13:59:11.178000,1.1091,1.10907,1120000,3560000
2017-06-16 13:59:15.752000,1.10911,1.10908,1120000,3190000
2017-06-16 13:59:16.262000,1.10912,1.10909,1120000,5440000
2017-06-16 13:59:16.771000,1.10912,1.1091,1120000,1190000
2017-06-16 13:59:16.873000,1.10911,1.10909,1000000,6560000
2017-06-16 13:59:16.976000,1.1091,1.10908,1120000,2440000
2017-06-16 13:59:17.526000,1.1091,1.10908,1870000,1120000
2017-06-16 13:59:17.859000,1.10909,1.10906,1500000,1690000
2017-06-16 13:59:18.376000,1.10909,1.10906,2250000,1690000
2017-06-16 13:59:19.313000,1.10909,1.10906,1500000,1250000
2017-06-16 13:59:19.825000,1.10909,1.10906,1120000,1310000
2017-06-16 13:59:21.610000,1.1091,1.10907,1500000,2440000
2017-06-16 13:59:22.404000,1.10908,1.10906,1500000,2440000
2017-06-16 13:59:24.569000,1.10909,1.10906,2250000,2060000
2017-06-16 13:59:26.707000,1.10908,1.10906,1120000,1310000
2017-06-16 13:59:27.015000,1.10907,1.10904,3000000,1310000
2017-06-16 13:59:30.077000,1.10906,1.10905,1120000,1000000
2017-06-16 13:59:30.230000,1.1091,1.10906,2140000,1120000
2017-06-16 13:59:30.639000,1.1091,1.10907,3070000,1000000
2017-06-16 13:59:30.933000,1.10911,1.10907,3260000,1120000
2017-06-16 13:59:31.443000,1.10911,1.10907,1500000,1870000
2017-06-16 13:59:31.495000,1.10911,1.10909,1500000,1000000
2017-06-16 13:59:31.648000,1.10913,1.1091,3000000,1120000
2017-06-16 13:59:32.156000,1.10914,1.1091,1500000,1120000
2017-06-16 13:59:32.690000,1.10913,1.1091,1000000,1120000
2017-06-16 13:59:33.416000,1.10911,1.10909,1000000,1000000
2017-06-16 13:59:33.978000,1.10906,1.10904,1000000,1870000
2017-06-16 13:59:34.030000,1.10905,1.10903,1000000,3370000
2017-06-16 13:59:34.539000,1.10904,1.10901,1000000,2250000
2017-06-16 13:59:34.926000,1.10903,1.10901,1000000,1500000
2017-06-16 13:59:35.342000,1.10908,1.10905,1000000,2250000
2017-06-16 13:59:35.802000,1.10906,1.10903,1000000,3750000
2017-06-16 13:59:36.108000,1.10905,1.10903,1000000,1120000
2017-06-16 13:59:37.880000,1.10905,1.10903,1000000,1120000
2017-06-16 13:59:38.390000,1.10905,1.10903,1000000,1870000
2017-06-16 13:59:39.529000,1.10906,1.10904,1000000,1000000
2017-06-16 13:59:40.045000,1.10907,1.10906,1000000,1000000
2017-06-16 13:59:40.199000,1.10905,1.10903,1000000,1870000
2017-06-16 13:59:40.709000,1.10904,1.10902,1000000,1540000
2017-06-16 13:59:41.223000,1.10904,1.10902,1000000,1540000
2017-06-16 13:59:41.325000,1.10906,1.10905,1000000,1000000
2017-06-16 13:59:41.479000,1.10903,1.10901,1100000,1000000
2017-06-16 13:59:41.717000,1.10897,1.10894,1000000,1370000
2017-06-16 13:59:42.027000,1.10891,1.10888,1000000,1500000
2017-06-16 13:59:42.336000,1.10886,1.10884,1000000,1000000
2017-06-16 13:59:42.876000,1.10885,1.10882,1000000,1870000
2017-06-16 13:59:46.175000,1.10887,1.10883,1000000,1120000
2017-06-16 13:59:46.432000,1.10884,1.10881,1100000,2250000
2017-06-16 13:59:46.583000,1.10883,1.10881,1000000,1000000
2017-06-16 13:59:46.635000,1.10881,1.10875,1000000,3000000
2017-06-16 13:59:47.095000,1.10882,1.10879,1000000,1000000
2017-06-16 13:59:47.299000,1.10884,1.10879,1500000,1000000
2017-06-16 13:59:47.658000,1.10884,1.1088,1000000,1490000
2017-06-16 13:59:48.017000,1.10881,1.1088,1000000,1120000
2017-06-16 13:59:48.121000,1.1088,1.10878,1000000,2620000
2017-06-16 13:59:48.473000,1.1088,1.10875,1120000,1500000
2017-06-16 13:59:48.729000,1.10878,1.10875,1000000,1500000
2017-06-16 13:59:48.984000,1.1088,1.10875,1200000,1120000
2017-06-16 13:59:49.530000,1.1088,1.10875,1500000,1000000
2017-06-16 13:59:50.041000,1.1088,1.10875,2250000,1500000
2017-06-16 13:59:50.195000,1.10879,1.10875,2620000,1500000
2017-06-16 13:59:50.247000,1.10879,1.10873,4870000,1500000
2017-06-16 13:59:50.402000,1.1088,1.10873,3900000,1870000
2017-06-16 13:59:50.507000,1.10877,1.10873,1320000,1500000
2017-06-16 13:59:50.996000,1.10876,1.10873,1500000,3000000
2017-06-16 13:59:51.201000,1.10886,1.10882,4690000,1000000
2017-06-16 13:59:51.253000,1.10887,1.10884,2320000,1000000
2017-06-16 13:59:51.356000,1.10889,1.10881,2140000,1750000
2017-06-16 13:59:51.614000,1.10887,1.10881,1260000,1000000
2017-06-16 13:59:51.924000,1.10883,1.10878,1770000,1000000
2017-06-16 13:59:52.235000,1.10879,1.10873,2890000,1000000
2017-06-16 13:59:52.410000,1.10879,1.10873,1100000,1120000
2017-06-16 13:59:54.068000,1.10879,1.10875,1200000,1000000
2017-06-16 13:59:54.376000,1.10874,1.10868,1200000,2250000
2017-06-16 13:59:54.625000,1.10875,1.10871,1500000,1000000
2017-06-16 13:59:54.729000,1.10877,1.1087,1500000,2250000
2017-06-16 13:59:54.831000,1.10877,1.10869,2700000,1870000
2017-06-16 13:59:54.882000,1.10876,1.10869,2700000,1370000
2017-06-16 13:59:55.242000,1.10875,1.10868,1570000,1120000
2017-06-16 13:59:56.365000,1.10875,1.10872,1370000,3370000
2017-06-16 13:59:56.826000,1.10876,1.10871,1500000,1000000
2017-06-16 13:59:57.136000,1.10876,1.10875,1120000,1000000
2017-06-16 13:59:57.240000,1.10881,1.10875,1870000,3000000
2017-06-16 13:59:57.724000,1.10882,1.1088,5250000,1000000
2017-06-16 13:59:57.827000,1.10884,1.10881,4870000,1000000
2017-06-16 13:59:57.879000,1.10881,1.10876,2250000,1870000
2017-06-16 13:59:57.982000,1.10877,1.10875,1000000,1000000
2017-06-16 13:59:58.362000,1.1088,1.10879,1000000,1000000
2017-06-16 13:59:58.467000,1.10882,1.10879,1120000,1000000
2017-06-16 13:59:58.979000,1.1088,1.10879,1000000,1000000
2017-06-16 13:59:59.082000,1.10878,1.10875,1200000,1120000
2017-06-16 13:59:59.340000,1.10881,1.10876,3210000,1500000
2017-06-16 13:59:59.854000,1.10882,1.10876,1500000,1500000
2017-06-16 14:00:00.193000,1.10885,1.10878,19330000,1000000
2017-06-16 14:00:00.245000,1.10866,1.10859,1280000,2250000
2017-06-16 14:00:00.296000,1.10869,1.1086,7710000,1430000
2017-06-16 14:00:00.400000,1.10869,1.10861,1630000,1000000
2017-06-16 14:00:00.655000,1.10863,1.10859,1120000,1090000
2017-06-16 14:00:00.971000,1.10842,1.10836,1120000,1500000
2017-06-16 14:00:01.074000,1.1084,1.10832,2250000,1500000
2017-06-16 14:00:01.125000,1.10839,1.10832,1570000,1500000
2017-06-16 14:00:01.177000,1.10837,1.10828,1100000,1870000
2017-06-16 14:00:01.228000,1.10837,1.10831,1200000,1500000
2017-06-16 14:00:01.750000,1.10838,1.1083,2620000,1000000
2017-06-16 14:00:02.119000,1.1081,1.10808,1120000,1000000
2017-06-16 14:00:02.172000,1.10803,1.108,1870000,1500000
2017-06-16 14:00:02.224000,1.10797,1.10795,1000000,1000000
2017-06-16 14:00:02.380000,1.10799,1.10788,1120000,1000000
2017-06-16 14:00:02.483000,1.10797,1.10795,1120000,1000000
2017-06-16 14:00:02.586000,1.10788,1.10783,1500000,1000000
2017-06-16 14:00:02.739000,1.10787,1.10783,2620000,1000000
2017-06-16 14:00:03,1.10779,1.10773,3000000,1500000
2017-06-16 14:00:03.104000,1.10779,1.10766,5700000,1870000
2017-06-16 14:00:03.270000,1.10777,1.10774,1500000,1000000
2017-06-16 14:00:03.321000,1.10779,1.10769,1000000,1370000
2017-06-16 14:00:03.373000,1.10776,1.10763,1000000,1750000
2017-06-16 14:00:03.425000,1.10776,1.10769,1120000,1120000
2017-06-16 14:00:03.530000,1.10773,1.10765,1120000,2600000
2017-06-16 14:00:03.683000,1.10776,1.10765,2250000,2230000
2017-06-16 14:00:03.900000,1.10772,1.10764,2100000,1000000
2017-06-16 14:00:04.003000,1.10774,1.10761,4570000,3820000
2017-06-16 14:00:04.105000,1.10775,1.10769,3000000,1000000
2017-06-16 14:00:04.157000,1.10778,1.10769,1200000,1000000
2017-06-16 14:00:04.208000,1.10779,1.10769,2620000,1000000
2017-06-16 14:00:04.260000,1.1078,1.10769,1570000,1000000
2017-06-16 14:00:04.311000,1.10779,1.10767,1200000,1500000
2017-06-16 14:00:04.614000,1.10776,1.10764,1000000,3450000
2017-06-16 14:00:04.879000,1.10791,1.10777,1570000,1470000
2017-06-16 14:00:04.930000,1.10786,1.10776,2250000,1950000
2017-06-16 14:00:05.338000,1.10791,1.10781,3070000,1000000
2017-06-16 14:00:05.661000,1.10798,1.10788,1500000,2920000
2017-06-16 14:00:05.713000,1.108,1.1079,1000000,1670000
2017-06-16 14:00:05.816000,1.10799,1.10793,1200000,1420000
2017-06-16 14:00:06.023000,1.10797,1.1079,1000000,1120000
2017-06-16 14:00:06.075000,1.10807,1.10799,1870000,1120000
2017-06-16 14:00:06.230000,1.10817,1.10808,1000000,2170000
2017-06-16 14:00:06.333000,1.10818,1.10811,1000000,1420000
2017-06-16 14:00:06.437000,1.1082,1.10811,1000000,2170000
2017-06-16 14:00:06.700000,1.10822,1.10815,2320000,1500000
2017-06-16 14:00:07.267000,1.10822,1.10815,1120000,1420000
2017-06-16 14:00:07.320000,1.10825,1.10815,1120000,1870000
2017-06-16 14:00:08.358000,1.10824,1.10816,1070000,1940000
2017-06-16 14:00:08.563000,1.10822,1.10815,2770000,2060000
2017-06-16 14:00:08.614000,1.10822,1.10817,1570000,1000000
2017-06-16 14:00:09.131000,1.10822,1.10815,1500000,2000000
2017-06-16 14:00:09.441000,1.10817,1.10811,1000000,1490000
2017-06-16 14:00:09.858000,1.10818,1.1081,6640000,1490000
2017-06-16 14:00:10.389000,1.10815,1.10807,1690000,3750000
2017-06-16 14:00:10.798000,1.10815,1.10807,3190000,1870000
2017-06-16 14:00:11.508000,1.10814,1.10807,4690000,1870000
2017-06-16 14:00:11.559000,1.10812,1.10807,1190000,1870000
2017-06-16 14:00:11.662000,1.1081,1.10803,3190000,1500000
2017-06-16 14:00:11.714000,1.10804,1.10803,1500000,1120000
2017-06-16 14:00:11.869000,1.10808,1.10802,2060000,1120000
2017-06-16 14:00:11.989000,1.10805,1.10802,1190000,1000000
2017-06-16 14:00:12.093000,1.10804,1.108,1690000,1500000
2017-06-16 14:00:12.349000,1.10806,1.10801,1050000,1000000
2017-06-16 14:00:12.504000,1.10805,1.10801,1940000,1000000
2017-06-16 14:00:12.555000,1.10804,1.10797,1690000,3630000
2017-06-16 14:00:12.607000,1.10804,1.10802,1000000,1250000
2017-06-16 14:00:12.659000,1.10807,1.10801,1250000,2810000
2017-06-16 14:00:12.813000,1.10808,1.10802,1190000,1500000
2017-06-16 14:00:12.967000,1.10807,1.10801,1250000,1870000
2017-06-16 14:00:13.223000,1.10804,1.10801,1250000,1120000
2017-06-16 14:00:13.275000,1.10801,1.10796,1000000,1500000
2017-06-16 14:00:13.378000,1.10801,1.10795,1310000,2620000
2017-06-16 14:00:13.593000,1.10798,1.10795,2440000,2440000
2017-06-16 14:00:13.644000,1.10796,1.10791,4690000,1120000
2017-06-16 14:00:13.851000,1.10796,1.1079,1310000,1120000
2017-06-16 14:00:14.438000,1.10797,1.1079,2060000,1460000
2017-06-16 14:00:14.910000,1.10797,1.10793,1990000,1000000
2017-06-16 14:00:15.218000,1.10794,1.10789,4310000,2400000
2017-06-16 14:00:15.390000,1.10796,1.10794,6490000,3000000
2017-06-16 14:00:15.544000,1.10798,1.10794,1150000,3190000
2017-06-16 14:00:15.596000,1.10796,1.10793,1150000,1480000
2017-06-16 14:00:15.703000,1.10795,1.1079,1250000,2000000
2017-06-16 14:00:15.960000,1.10798,1.10793,1240000,1000000
2017-06-16 14:00:16.433000,1.10797,1.10793,1240000,1000000
2017-06-16 14:00:16.796000,1.10793,1.10791,1310000,1250000
2017-06-16 14:00:17.103000,1.10792,1.10789,1370000,1500000
2017-06-16 14:00:17.735000,1.10791,1.10788,1800000,1500000
2017-06-16 14:00:17.787000,1.10789,1.10785,2060000,2620000
2017-06-16 14:00:17.889000,1.10787,1.10785,1370000,1000000
2017-06-16 14:00:17.992000,1.10787,1.10783,1990000,1000000
2017-06-16 14:00:18.527000,1.10787,1.10783,1990000,1500000
2017-06-16 14:00:18.732000,1.10785,1.10782,1560000,1370000
2017-06-16 14:00:19.291000,1.10786,1.1078,1420000,1820000
2017-06-16 14:00:19.394000,1.10781,1.10777,1310000,1000000
2017-06-16 14:00:19.703000,1.10782,1.10778,1620000,2250000
2017-06-16 14:00:19.806000,1.10784,1.10779,1250000,3750000
2017-06-16 14:00:20.012000,1.10784,1.10779,2250000,1310000
2017-06-16 14:00:20.158000,1.10783,1.10778,2440000,1120000
2017-06-16 14:00:20.209000,1.10782,1.10777,2440000,1120000
2017-06-16 14:00:20.568000,1.10779,1.10776,1880000,1000000
2017-06-16 14:00:20.671000,1.10778,1.10774,1620000,4870000
2017-06-16 14:00:20.773000,1.10773,1.10772,1500000,1000000
2017-06-16 14:00:20.875000,1.10776,1.10771,1690000,1250000
2017-06-16 14:00:20.927000,1.10777,1.10773,2060000,1000000
2017-06-16 14:00:21.471000,1.10776,1.10772,2440000,1120000
2017-06-16 14:00:21.981000,1.10776,1.1077,3560000,3560000
2017-06-16 14:00:22.595000,1.10773,1.1077,1000000,5440000
2017-06-16 14:00:23.104000,1.10772,1.10768,1870000,1870000
2017-06-16 14:00:23.614000,1.10772,1.10768,2060000,1120000
2017-06-16 14:00:24.128000,1.10773,1.10768,1410000,1500000
2017-06-16 14:00:24.536000,1.1077,1.10765,3190000,1120000
2017-06-16 14:00:25.511000,1.1077,1.10765,3190000,1370000
2017-06-16 14:00:25.639000,1.1077,1.10766,2250000,1370000
2017-06-16 14:00:25.845000,1.10773,1.10768,2440000,1870000
2017-06-16 14:00:26.152000,1.10775,1.1077,4310000,1120000
2017-06-16 14:00:26.255000,1.10775,1.10772,2250000,1310000
2017-06-16 14:00:26.577000,1.10793,1.1079,1000000,2960000
2017-06-16 14:00:26.836000,1.108,1.10796,2250000,1500000
2017-06-16 14:00:27.292000,1.10801,1.10799,1000000,1370000
2017-06-16 14:00:27.344000,1.10804,1.10801,1000000,1000000
2017-06-16 14:00:27.552000,1.10806,1.10801,2060000,1500000
2017-06-16 14:00:27.860000,1.10807,1.10802,1310000,3000000
2017-06-16 14:00:28.215000,1.10812,1.10808,2250000,1000000
2017-06-16 14:00:28.523000,1.10808,1.10802,2620000,1120000
2017-06-16 14:00:28.628000,1.10803,1.10798,4650000,1870000
2017-06-16 14:00:28.783000,1.10802,1.10797,1290000,1000000
2017-06-16 14:00:29.066000,1.108,1.10795,1190000,1120000
2017-06-16 14:00:29.322000,1.108,1.10796,1000000,1370000
2017-06-16 14:00:29.478000,1.10803,1.10798,3190000,1870000
2017-06-16 14:00:29.529000,1.10803,1.10801,1870000,1000000
2017-06-16 14:00:29.983000,1.10804,1.10801,1000000,2620000
2017-06-16 14:00:30.085000,1.10818,1.10814,2440000,1000000
2017-06-16 14:00:30.137000,1.1082,1.10816,2810000,1000000
2017-06-16 14:00:30.240000,1.10819,1.10818,1500000,1500000
2017-06-16 14:00:30.608000,1.10821,1.10816,3940000,1390000
2017-06-16 14:00:30.661000,1.10821,1.10818,3370000,1870000
2017-06-16 14:00:30.866000,1.10824,1.10819,1310000,2250000
2017-06-16 14:00:30.968000,1.10826,1.10822,1690000,1000000
2017-06-16 14:00:31.378000,1.10821,1.10819,1250000,1370000
2017-06-16 14:00:31.430000,1.1082,1.10816,1000000,1500000
2017-06-16 14:00:31.945000,1.10821,1.10815,3190000,1370000
2017-06-16 14:00:32.099000,1.10821,1.10818,2250000,2440000
2017-06-16 14:00:32.538000,1.10821,1.10815,4690000,1570000
2017-06-16 14:00:33.102000,1.10821,1.10816,4690000,1950000
2017-06-16 14:00:33.256000,1.10822,1.10818,2250000,1200000
2017-06-16 14:00:33.359000,1.1082,1.10816,1000000,4200000
2017-06-16 14:00:33.615000,1.1082,1.10816,1250000,1000000
2017-06-16 14:00:34.026000,1.10819,1.10815,1560000,1370000
2017-06-16 14:00:34.540000,1.10819,1.10815,1690000,1000000
2017-06-16 14:00:35.247000,1.10819,1.10815,1250000,1500000
2017-06-16 14:00:35.758000,1.1082,1.10816,2060000,1000000
2017-06-16 14:00:36.796000,1.10818,1.10815,1370000,2250000
2017-06-16 14:00:37.340000,1.10819,1.10816,1620000,1500000
2017-06-16 14:00:37.868000,1.10818,1.10815,1370000,1870000
2017-06-16 14:00:38.175000,1.1082,1.10817,1620000,1120000
2017-06-16 14:00:38.278000,1.10821,1.10819,5810000,1500000
2017-06-16 14:00:38.483000,1.10819,1.10815,1370000,2060000
2017-06-16 14:00:39.400000,1.10818,1.10815,1620000,1870000
2017-06-16 14:00:39.803000,1.10822,1.1082,2250000,1870000
2017-06-16 14:00:39.863000,1.10827,1.10823,1370000,1620000
2017-06-16 14:00:40.373000,1.10824,1.10821,1870000,1870000
2017-06-16 14:00:40.765000,1.10822,1.10818,5630000,2620000
2017-06-16 14:00:41.077000,1.10819,1.10816,1500000,1370000
2017-06-16 14:00:41.762000,1.10816,1.10814,2250000,1500000
2017-06-16 14:00:42.071000,1.10814,1.10812,1370000,1000000
2017-06-16 14:00:42.379000,1.10818,1.10815,1120000,1500000
2017-06-16 14:00:43.100000,1.10817,1.10814,1370000,1870000
2017-06-16 14:00:43.304000,1.10815,1.10813,2440000,1120000
2017-06-16 14:00:43.408000,1.10814,1.10811,1620000,2250000
2017-06-16 14:00:43.925000,1.10814,1.10811,1870000,1120000
2017-06-16 14:00:44.234000,1.10817,1.10815,1370000,1500000
2017-06-16 14:00:44.748000,1.10819,1.10816,2060000,1120000
2017-06-16 14:00:44.800000,1.1082,1.10818,5060000,1120000
2017-06-16 14:00:45.320000,1.1082,1.10817,1000000,1120000
2017-06-16 14:00:45.627000,1.10821,1.10819,1370000,1310000
2017-06-16 14:00:46.141000,1.10824,1.1082,3000000,2440000
2017-06-16 14:00:46.452000,1.10823,1.10822,1000000,1120000
2017-06-16 14:00:46.555000,1.10827,1.10824,5250000,1250000
2017-06-16 14:00:46.658000,1.10827,1.10825,1000000,1120000
2017-06-16 14:00:47.169000,1.10829,1.10826,1370000,1120000
2017-06-16 14:00:47.483000,1.10827,1.10824,1250000,1500000
2017-06-16 14:00:47.587000,1.10826,1.10822,2810000,3000000
2017-06-16 14:00:47.742000,1.10823,1.1082,1000000,1120000
2017-06-16 14:00:47.947000,1.1082,1.10818,1250000,1000000
2017-06-16 14:00:48.863000,1.10822,1.10819,2250000,1370000
2017-06-16 14:00:49.068000,1.10824,1.1082,1620000,2620000
2017-06-16 14:00:49.618000,1.10824,1.10822,1000000,1120000
2017-06-16 14:00:50.689000,1.10826,1.10823,1120000,1120000
2017-06-16 14:00:50.740000,1.10827,1.10823,2250000,1870000
2017-06-16 14:00:50.915000,1.10829,1.10827,3370000,1120000
2017-06-16 14:00:51.427000,1.10829,1.10827,1310000,1870000
2017-06-16 14:00:51.967000,1.10832,1.1083,2250000,3600000
2017-06-16 14:00:52.021000,1.10837,1.10834,3190000,1120000
2017-06-16 14:00:52.074000,1.10836,1.10834,2620000,2060000
2017-06-16 14:00:52.178000,1.10838,1.10834,1500000,1310000
2017-06-16 14:00:52.382000,1.10839,1.10834,3560000,2060000
2017-06-16 14:00:52.892000,1.10839,1.10834,2440000,2250000
2017-06-16 14:00:53.405000,1.10839,1.10835,2440000,3370000
2017-06-16 14:00:53.943000,1.1084,1.10835,5440000,3370000
2017-06-16 14:00:54.471000,1.10839,1.10837,1250000,1870000
2017-06-16 14:00:55.037000,1.10841,1.10838,1000000,1800000
2017-06-16 14:00:55.565000,1.10841,1.10838,1000000,2250000
2017-06-16 14:00:55.719000,1.10839,1.10838,1000000,1120000
2017-06-16 14:00:55.771000,1.10838,1.10836,1000000,1000000
2017-06-16 14:00:56.167000,1.10835,1.10834,1250000,1120000
2017-06-16 14:00:56.423000,1.10832,1.10829,1000000,4870000
2017-06-16 14:00:57.040000,1.10833,1.1083,1690000,3370000
2017-06-16 14:00:57.211000,1.10837,1.10834,2250000,1500000
2017-06-16 14:00:57.723000,1.10839,1.10835,3940000,1370000
2017-06-16 14:00:58.033000,1.10839,1.10837,1000000,2620000
2017-06-16 14:00:58.084000,1.10839,1.10836,3000000,1120000
2017-06-16 14:00:58.289000,1.10838,1.10836,1370000,1500000
2017-06-16 14:00:59.184000,1.10839,1.10836,1870000,1500000
2017-06-16 14:01:00.101000,1.10839,1.10837,1000000,1500000
2017-06-16 14:01:00.412000,1.10841,1.10837,1310000,2620000
2017-06-16 14:01:00.700000,1.10843,1.10839,1310000,1500000
2017-06-16 14:01:01.262000,1.10842,1.10839,1310000,1870000
2017-06-16 14:01:01.940000,1.10842,1.10839,1620000,1870000
2017-06-16 14:01:02.400000,1.10851,1.10849,1250000,3000000
2017-06-16 14:01:02.452000,1.10853,1.10851,2250000,2620000
2017-06-16 14:01:02.759000,1.10858,1.10856,1120000,1370000
2017-06-16 14:01:03.161000,1.10856,1.10854,1870000,5620000
2017-06-16 14:01:03.673000,1.10855,1.10854,1000000,1120000
2017-06-16 14:01:03.776000,1.10858,1.10855,2620000,5060000
2017-06-16 14:01:04.003000,1.10859,1.10858,1000000,1000000
2017-06-16 14:01:04.259000,1.10861,1.10859,1000000,1690000
2017-06-16 14:01:04.312000,1.10863,1.10861,2870000,1690000
2017-06-16 14:01:04.622000,1.10855,1.10853,1870000,1000000
2017-06-16 14:01:04.815000,1.10851,1.1085,1870000,1000000
2017-06-16 14:01:05.175000,1.10853,1.10852,1120000,1000000
2017-06-16 14:01:05.385000,1.1086,1.10858,1000000,1120000
2017-06-16 14:01:06.132000,1.10855,1.10854,1000000,8620000
2017-06-16 14:01:06.183000,1.10852,1.10849,1370000,1870000
2017-06-16 14:01:06.700000,1.10851,1.10848,2620000,1000000
2017-06-16 14:01:06.803000,1.10845,1.10843,4310000,7500000
2017-06-16 14:01:06.855000,1.10843,1.10841,1120000,1370000
2017-06-16 14:01:07.388000,1.10842,1.1084,1500000,1370000
2017-06-16 14:01:07.440000,1.1084,1.10838,1870000,1370000
2017-06-16 14:01:07.492000,1.10838,1.10835,1120000,3940000
2017-06-16 14:01:08.005000,1.10837,1.10834,1120000,2060000
2017-06-16 14:01:08.568000,1.10836,1.10833,1120000,1620000
2017-06-16 14:01:08.671000,1.10837,1.10834,2620000,1120000
2017-06-16 14:01:08.876000,1.10839,1.10837,1000000,2100000
2017-06-16 14:01:08.979000,1.10841,1.10839,1120000,1370000
2017-06-16 14:01:09.289000,1.10845,1.10843,1000000,1690000
2017-06-16 14:01:09.601000,1.1085,1.10848,1120000,1560000
2017-06-16 14:01:10.112000,1.1085,1.10848,1870000,1000000
2017-06-16 14:01:10.517000,1.10851,1.10849,3750000,2060000
2017-06-16 14:01:11.026000,1.1085,1.10848,1120000,2060000
2017-06-16 14:01:11.437000,1.10849,1.10846,2620000,2060000
2017-06-16 14:01:11.488000,1.10848,1.10845,3750000,2060000
2017-06-16 14:01:12.010000,1.10848,1.10845,3000000,2060000
2017-06-16 14:01:12.165000,1.10844,1.10842,2060000,1500000
2017-06-16 14:01:12.402000,1.10836,1.10834,2620000,1560000
2017-06-16 14:01:13.814000,1.10838,1.10835,3000000,2060000
2017-06-16 14:01:14.131000,1.10839,1.10836,3000000,1500000
2017-06-16 14:01:14.634000,1.10839,1.10837,2060000,1370000
2017-06-16 14:01:15.043000,1.10837,1.10835,1370000,1500000
2017-06-16 14:01:15.147000,1.10838,1.10836,1120000,1500000
2017-06-16 14:01:15.344000,1.10839,1.10838,1500000,1120000
2017-06-16 14:01:15.600000,1.10841,1.10839,1120000,1000000
2017-06-16 14:01:16.118000,1.10843,1.10839,2810000,1120000
2017-06-16 14:01:16.516000,1.10839,1.10838,1250000,1870000
2017-06-16 14:01:16.569000,1.10839,1.10837,2440000,1000000
2017-06-16 14:01:16.622000,1.10837,1.10835,1120000,1000000
2017-06-16 14:01:16.675000,1.10837,1.10833,2060000,3750000
2017-06-16 14:01:17.186000,1.10836,1.10832,3750000,1870000
2017-06-16 14:01:17.519000,1.10833,1.10829,3190000,2170000
2017-06-16 14:01:18.031000,1.10833,1.10829,4690000,1000000
2017-06-16 14:01:18.916000,1.10833,1.1083,3750000,1000000
2017-06-16 14:01:19.121000,1.10834,1.10831,4500000,1000000
2017-06-16 14:01:20.198000,1.10833,1.10831,2250000,1000000
2017-06-16 14:01:20.762000,1.10834,1.10832,1000000,1000000
2017-06-16 14:01:20.967000,1.10836,1.10832,2440000,3000000
2017-06-16 14:01:21.406000,1.10837,1.10832,8470000,3370000
2017-06-16 14:01:22.055000,1.10837,1.10834,1500000,2620000
2017-06-16 14:01:22.158000,1.10838,1.10835,1120000,1500000
2017-06-16 14:01:23.485000,1.10839,1.10835,2620000,1870000
2017-06-16 14:01:24.313000,1.10839,1.10836,1120000,2060000
2017-06-16 14:01:24.517000,1.10841,1.10838,3190000,1370000
2017-06-16 14:01:24.821000,1.10822,1.10821,1000000,1120000
2017-06-16 14:01:24.923000,1.1082,1.10819,1120000,1500000
2017-06-16 14:01:25.456000,1.1082,1.10818,1310000,1870000
2017-06-16 14:01:25.803000,1.10822,1.10819,2810000,1500000
2017-06-16 14:01:26.161000,1.10824,1.10822,1690000,1000000
2017-06-16 14:01:26.314000,1.10825,1.10823,1500000,1120000
2017-06-16 14:01:26.366000,1.10826,1.10823,1310000,1870000
2017-06-16 14:01:26.881000,1.10826,1.10823,1620000,3000000
2017-06-16 14:01:27.446000,1.10826,1.10825,1310000,1000000
2017-06-16 14:01:27.820000,1.10829,1.10828,3370000,1500000
2017-06-16 14:01:28.127000,1.10831,1.1083,1120000,1000000
2017-06-16 14:01:29.539000,1.10831,1.10829,1370000,1120000
2017-06-16 14:01:30.049000,1.10831,1.10829,1120000,1870000
2017-06-16 14:01:30.571000,1.10829,1.10828,1120000,1000000
2017-06-16 14:01:31.341000,1.1083,1.10828,4120000,1870000
2017-06-16 14:01:31.851000,1.10828,1.10826,2620000,1760000
2017-06-16 14:01:31.903000,1.10826,1.10824,1370000,15730000
2017-06-16 14:01:32.428000,1.10826,1.10824,1120000,2990000
2017-06-16 14:01:33.068000,1.10826,1.10824,1120000,1000000
2017-06-16 14:01:33.375000,1.10821,1.10818,16309999,5250000
2017-06-16 14:01:33.924000,1.1082,1.10818,1120000,3000000
2017-06-16 14:01:34.333000,1.10818,1.10817,8250000,1120000
2017-06-16 14:01:34.487000,1.10814,1.10811,3190000,1870000
2017-06-16 14:01:34.908000,1.10812,1.10811,1120000,1000000
2017-06-16 14:01:35.268000,1.1081,1.10808,2440000,3070000
2017-06-16 14:01:35.320000,1.10809,1.10807,5060000,1120000
2017-06-16 14:01:35.627000,1.1081,1.10808,1310000,1870000
2017-06-16 14:01:36.157000,1.10811,1.10808,2060000,3000000
2017-06-16 14:01:36.667000,1.10809,1.10808,14620000,1000000
2017-06-16 14:01:37.635000,1.10809,1.10807,52490002,1120000
2017-06-16 14:01:37.994000,1.10815,1.10812,1620000,1870000
2017-06-16 14:01:38.604000,1.10815,1.10812,24190001,1110000
2017-06-16 14:01:39.664000,1.10814,1.10813,1120000,1500000
2017-06-16 14:01:40.437000,1.10812,1.10809,5440000,1000000
2017-06-16 14:01:40.637000,1.1081,1.10808,1500000,1000000
2017-06-16 14:01:41.475000,1.1081,1.10808,1500000,1120000
2017-06-16 14:01:41.782000,1.10811,1.10809,1120000,2250000
2017-06-16 14:01:42.083000,1.10816,1.10813,1120000,2250000
2017-06-16 14:01:42.491000,1.10817,1.10815,4120000,1460000
2017-06-16 14:01:42.595000,1.10818,1.10817,1000000,1120000
2017-06-16 14:01:42.647000,1.10821,1.10818,1620000,2580000
2017-06-16 14:01:43.158000,1.10821,1.10818,1120000,3520000
2017-06-16 14:01:43.669000,1.10822,1.1082,1500000,1000000
2017-06-16 14:01:44.198000,1.10823,1.1082,1690000,3370000
2017-06-16 14:01:44.710000,1.10822,1.10821,1120000,1120000
2017-06-16 14:01:44.915000,1.10821,1.10819,1120000,2100000
2017-06-16 14:01:45.066000,1.1082,1.10818,1370000,1870000
2017-06-16 14:01:45.731000,1.10821,1.10819,5250000,1000000
2017-06-16 14:01:46.039000,1.10824,1.10822,1690000,1370000
2017-06-16 14:01:46.265000,1.10822,1.10819,1620000,2250000
2017-06-16 14:01:47.796000,1.10823,1.1082,1500000,1870000
2017-06-16 14:01:48.328000,1.10824,1.10821,3560000,2530000
2017-06-16 14:01:48.482000,1.10822,1.1082,2620000,1410000
2017-06-16 14:01:48.792000,1.10828,1.10827,1120000,1030000
2017-06-16 14:01:48.846000,1.1083,1.10828,1000000,1410000
2017-06-16 14:01:48.898000,1.10832,1.1083,1120000,2720000
2017-06-16 14:01:48.950000,1.10835,1.10833,1500000,1780000
2017-06-16 14:01:49.514000,1.10836,1.10834,1120000,1030000
2017-06-16 14:01:50.027000,1.10834,1.10833,1000000,1120000
2017-06-16 14:01:50.079000,1.10832,1.1083,1120000,1780000
2017-06-16 14:01:50.335000,1.10833,1.10831,1310000,1780000
2017-06-16 14:01:50.438000,1.1083,1.10829,1000000,1030000
2017-06-16 14:01:50.958000,1.10829,1.10826,3000000,4120000
2017-06-16 14:01:52.612000,1.10829,1.10827,34689999,1000000
2017-06-16 14:01:53.100000,1.10827,1.10825,1120000,1370000
2017-06-16 14:01:53.614000,1.10827,1.10825,1120000,1500000
2017-06-16 14:01:54.125000,1.10828,1.10827,1120000,1000000
2017-06-16 14:01:54.638000,1.10829,1.10827,1120000,1370000
2017-06-16 14:01:55.047000,1.10827,1.10824,1370000,4500000
2017-06-16 14:01:55.098000,1.10828,1.10825,6940000,1370000
2017-06-16 14:01:55.615000,1.10827,1.10826,1120000,1000000
2017-06-16 14:01:57.335000,1.10827,1.10825,1370000,1120000
2017-06-16 14:01:57.438000,1.10828,1.10826,1690000,1500000
2017-06-16 14:01:58.475000,1.10828,1.10826,1690000,1120000
2017-06-16 14:01:58.628000,1.10827,1.10825,2060000,1000000
2017-06-16 14:02:00.668000,1.10828,1.10826,3000000,1370000
2017-06-16 14:02:04.266000,1.10829,1.10827,1120000,2250000
2017-06-16 14:02:04.574000,1.1083,1.10827,1870000,2620000
2017-06-16 14:02:06.047000,1.10827,1.10826,1500000,1120000
2017-06-16 14:02:06.657000,1.10825,1.10822,1250000,3370000
2017-06-16 14:02:07.169000,1.10825,1.10822,3190000,1120000
2017-06-16 14:02:07.720000,1.10825,1.10823,2440000,1000000
2017-06-16 14:02:09.590000,1.10825,1.10822,2440000,1420000
2017-06-16 14:02:10.489000,1.10821,1.1082,1250000,2170000
2017-06-16 14:02:10.592000,1.10818,1.10815,1870000,4690000
2017-06-16 14:02:11.103000,1.10818,1.10815,2810000,1500000
2017-06-16 14:02:11.650000,1.10819,1.10816,3000000,1500000
2017-06-16 14:02:11.701000,1.1082,1.10817,1870000,3370000
2017-06-16 14:02:12.007000,1.10821,1.10818,1120000,1120000
2017-06-16 14:02:13.131000,1.10823,1.1082,4870000,1120000
2017-06-16 14:02:13.234000,1.10823,1.1082,2250000,1750000
2017-06-16 14:02:14.368000,1.10823,1.1082,2440000,1120000
2017-06-16 14:02:14.419000,1.10823,1.10822,2810000,1000000
2017-06-16 14:02:14.932000,1.10824,1.10822,1870000,1500000
2017-06-16 14:02:15.461000,1.10825,1.10823,3940000,1120000
2017-06-16 14:02:15.972000,1.10825,1.10823,1310000,2250000
2017-06-16 14:02:16.223000,1.1083,1.10827,1690000,1870000
2017-06-16 14:02:16.735000,1.1083,1.10828,1690000,1000000
2017-06-16 14:02:17.243000,1.1083,1.10828,1120000,1120000
2017-06-16 14:02:17.550000,1.10832,1.1083,6370000,1690000
2017-06-16 14:02:17.603000,1.10836,1.10834,1870000,1120000
2017-06-16 14:02:18.114000,1.10837,1.10835,1370000,1500000
2017-06-16 14:02:18.588000,1.10834,1.10833,1500000,2810000
2017-06-16 14:02:18.947000,1.10836,1.10834,1120000,1500000
2017-06-16 14:02:19.449000,1.10836,1.10833,1370000,3560000
2017-06-16 14:02:19.909000,1.10833,1.10832,1250000,1000000
2017-06-16 14:02:20.013000,1.10832,1.10829,2620000,1500000
2017-06-16 14:02:20.167000,1.1083,1.10827,1500000,2250000
2017-06-16 14:02:21.356000,1.10826,1.10825,1500000,1000000
2017-06-16 14:02:21.458000,1.10824,1.10822,1000000,3560000
2017-06-16 14:02:21.982000,1.10824,1.10821,1870000,2620000
2017-06-16 14:02:22.628000,1.1082,1.10819,1000000,5620000
2017-06-16 14:02:22.680000,1.1082,1.10818,1870000,1870000
2017-06-16 14:02:23.207000,1.10819,1.10816,1370000,2810000
2017-06-16 14:02:23.875000,1.10819,1.10816,1370000,2440000
2017-06-16 14:02:24.674000,1.10819,1.10816,1000000,4690000
2017-06-16 14:02:25.185000,1.10819,1.10816,1120000,3940000
2017-06-16 14:02:26.358000,1.10819,1.10816,1120000,2810000
2017-06-16 14:02:26.916000,1.1082,1.10818,1000000,5810000
2017-06-16 14:02:27.019000,1.10823,1.10822,3000000,1000000
2017-06-16 14:02:27.122000,1.10826,1.10825,1500000,1000000
2017-06-16 14:02:27.635000,1.10827,1.10825,1120000,1370000
2017-06-16 14:02:27.738000,1.10829,1.10827,3750000,3940000
2017-06-16 14:02:27.875000,1.10831,1.1083,1870000,1000000
2017-06-16 14:02:28.339000,1.10834,1.10832,1870000,1000000
2017-06-16 14:02:28.442000,1.10835,1.10833,1500000,1000000
2017-06-16 14:02:29.034000,1.10836,1.10834,2250000,1000000
2017-06-16 14:02:29.188000,1.10837,1.10835,1500000,1870000
2017-06-16 14:02:30.105000,1.10836,1.10835,3070000,1120000
2017-06-16 14:02:30.156000,1.10835,1.10831,1370000,9190000
2017-06-16 14:02:30.407000,1.10835,1.10833,2250000,2810000
2017-06-16 14:02:30.564000,1.10837,1.10834,3000000,2250000
2017-06-16 14:02:30.616000,1.10838,1.10837,3000000,1000000
2017-06-16 14:02:30.719000,1.1084,1.10837,1370000,1690000
2017-06-16 14:02:31.232000,1.1084,1.10839,1120000,1120000
2017-06-16 14:02:31.354000,1.10842,1.10839,1500000,1500000
2017-06-16 14:02:31.865000,1.10843,1.1084,3000000,1120000
2017-06-16 14:02:33.226000,1.10843,1.1084,1690000,1500000
2017-06-16 14:02:33.380000,1.10844,1.10841,1690000,1120000
2017-06-16 14:02:33.892000,1.10845,1.10842,2440000,1120000
2017-06-16 14:02:35.146000,1.10842,1.10841,1000000,1120000
2017-06-16 14:02:35.198000,1.1084,1.10839,1120000,4500000
2017-06-16 14:02:35.448000,1.1084,1.10837,8210000,1000000
2017-06-16 14:02:35.963000,1.10841,1.10837,7310000,2250000
2017-06-16 14:02:36.482000,1.10841,1.10837,3940000,2620000
2017-06-16 14:02:36.584000,1.10837,1.10835,1310000,1000000
2017-06-16 14:02:36.892000,1.10829,1.10826,3190000,1870000
2017-06-16 14:02:37.705000,1.1083,1.10829,1000000,1000000
2017-06-16 14:02:37.757000,1.10832,1.10829,2620000,1870000
2017-06-16 14:02:38.268000,1.10834,1.1083,5440000,3370000
2017-06-16 14:02:38.444000,1.10834,1.1083,5060000,3370000
2017-06-16 14:02:38.496000,1.10836,1.10832,2440000,4120000
2017-06-16 14:02:38.549000,1.10834,1.10831,2020000,2620000
2017-06-16 14:02:39.061000,1.10834,1.10831,3560000,1120000
2017-06-16 14:02:39.429000,1.10832,1.10829,1310000,2620000
2017-06-16 14:02:39.582000,1.10833,1.10831,1000000,1120000
2017-06-16 14:02:40.094000,1.10834,1.10831,1250000,3790000
2017-06-16 14:02:40.527000,1.10835,1.10833,2810000,1000000
2017-06-16 14:02:41.040000,1.10835,1.10833,1310000,1500000
2017-06-16 14:02:41.958000,1.10834,1.10833,1000000,1500000
2017-06-16 14:02:42.473000,1.10835,1.10833,1250000,1500000
2017-06-16 14:02:43.170000,1.10836,1.10833,3370000,1500000
2017-06-16 14:02:43.479000,1.10837,1.10834,2440000,1370000
2017-06-16 14:02:43.786000,1.10838,1.10837,1120000,1540000
2017-06-16 14:02:43.889000,1.1084,1.10837,2440000,1870000
2017-06-16 14:02:44.350000,1.10842,1.10839,5250000,3560000
2017-06-16 14:02:44.454000,1.10844,1.10843,1120000,4540000
2017-06-16 14:02:44.506000,1.10847,1.10844,5440000,2250000
2017-06-16 14:02:44.712000,1.10848,1.10845,2060000,1370000
2017-06-16 14:02:45.152000,1.1085,1.10848,3560000,1500000
2017-06-16 14:02:45.664000,1.1085,1.10847,2810000,1500000
2017-06-16 14:02:46.807000,1.10848,1.10847,1000000,1000000
2017-06-16 14:02:48.890000,1.10844,1.10842,1000000,1870000
2017-06-16 14:02:49.199000,1.10838,1.10836,1000000,3000000
2017-06-16 14:02:49.436000,1.1084,1.10838,1000000,1500000
2017-06-16 14:02:49.947000,1.10839,1.10838,1000000,1000000
2017-06-16 14:02:50.491000,1.10841,1.10838,1000000,2810000
2017-06-16 14:02:51.002000,1.10841,1.10839,1000000,2810000
2017-06-16 14:02:52.067000,1.10841,1.10839,1000000,2060000
2017-06-16 14:02:52.430000,1.10837,1.10835,1120000,1870000
2017-06-16 14:02:52.625000,1.10836,1.10832,3190000,1870000
2017-06-16 14:02:52.677000,1.10834,1.10832,1000000,1870000
2017-06-16 14:02:53.192000,1.10834,1.10832,2440000,1000000
2017-06-16 14:02:53.718000,1.10833,1.10831,1000000,1500000
2017-06-16 14:02:54.128000,1.10834,1.10831,1120000,2250000
2017-06-16 14:02:54.733000,1.10833,1.10831,1000000,2620000
2017-06-16 14:02:55.142000,1.10835,1.10833,1000000,1870000
2017-06-16 14:02:55.450000,1.10834,1.10833,1000000,1000000
2017-06-16 14:02:56.037000,1.10834,1.10832,1000000,1870000
2017-06-16 14:02:56.555000,1.10834,1.10832,1000000,2250000
2017-06-16 14:02:56.812000,1.10826,1.10824,1000000,10310000
2017-06-16 14:02:57.335000,1.10826,1.10824,1000000,1870000
2017-06-16 14:02:57.489000,1.10824,1.10822,1000000,1780000
2017-06-16 14:02:57.950000,1.10826,1.10824,1120000,3000000
2017-06-16 14:02:58.053000,1.10828,1.10825,3560000,1870000
2017-06-16 14:02:58.208000,1.10826,1.10824,1000000,3000000
2017-06-16 14:02:58.720000,1.10826,1.10824,1000000,4500000
2017-06-16 14:02:59.775000,1.10825,1.10823,1500000,1280000
2017-06-16 14:02:59.826000,1.10823,1.10821,1000000,3560000
2017-06-16 14:03:00.594000,1.10822,1.1082,1000000,3560000
2017-06-16 14:03:00.885000,1.1082,1.10818,1000000,5810000
2017-06-16 14:03:01.039000,1.10818,1.10817,1000000,1500000
2017-06-16 14:03:01.346000,1.10818,1.10815,1870000,2440000
2017-06-16 14:03:02.329000,1.10817,1.10815,1000000,1120000
2017-06-16 14:03:02.432000,1.10815,1.10814,1250000,2620000
2017-06-16 14:03:02.536000,1.10812,1.1081,1120000,2620000
2017-06-16 14:03:02.690000,1.1081,1.10809,1000000,1500000
2017-06-16 14:03:03.218000,1.10812,1.10809,2440000,1120000
2017-06-16 14:03:03.729000,1.10812,1.1081,1120000,1000000
2017-06-16 14:03:04.384000,1.10813,1.1081,2440000,1000000
2017-06-16 14:03:04.856000,1.10813,1.10812,1690000,1000000
2017-06-16 14:03:05.011000,1.1082,1.10818,1500000,2250000
2017-06-16 14:03:05.266000,1.10822,1.10821,3750000,1000000
2017-06-16 14:03:05.777000,1.10824,1.10821,2620000,1000000
2017-06-16 14:03:06.410000,1.10824,1.10821,2060000,1120000
2017-06-16 14:03:06.720000,1.10825,1.10823,1500000,1350000
2017-06-16 14:03:07.247000,1.10824,1.10822,1310000,1120000
2017-06-16 14:03:07.686000,1.10826,1.10823,1250000,1870000
2017-06-16 14:03:08.198000,1.10828,1.10825,2440000,1500000
2017-06-16 14:03:08.449000,1.10829,1.10826,2060000,1500000
2017-06-16 14:03:08.551000,1.1083,1.10828,3190000,1000000
2017-06-16 14:03:09.063000,1.1083,1.10827,2440000,1120000
2017-06-16 14:03:09.638000,1.1083,1.10828,1250000,1000000
2017-06-16 14:03:10.152000,1.1083,1.10827,3560000,1120000
2017-06-16 14:03:10.494000,1.10825,1.10822,3750000,1000000
2017-06-16 14:03:11.009000,1.10824,1.10821,1120000,1000000
2017-06-16 14:03:12.163000,1.10825,1.10821,1870000,1160000
2017-06-16 14:03:12.678000,1.10826,1.10823,2250000,1000000
2017-06-16 14:03:13.117000,1.10828,1.10827,2250000,1000000
2017-06-16 14:03:13.168000,1.1083,1.10827,1500000,1000000
2017-06-16 14:03:13.681000,1.1083,1.10827,1870000,1000000
2017-06-16 14:03:14.263000,1.10829,1.10827,1000000,1000000
2017-06-16 14:03:14.775000,1.1083,1.10827,1500000,1500000
2017-06-16 14:03:16.743000,1.10829,1.10826,1870000,1950000
2017-06-16 14:03:16.846000,1.10826,1.10825,1000000,1120000
2017-06-16 14:03:16.898000,1.10825,1.10824,1870000,8250000
2017-06-16 14:03:17.001000,1.10825,1.10822,1870000,1500000
2017-06-16 14:03:17.881000,1.10825,1.10822,1870000,1500000
2017-06-16 14:03:18.499000,1.10825,1.10823,1120000,1000000
2017-06-16 14:03:18.602000,1.10826,1.10825,3370000,1000000
2017-06-16 14:03:18.959000,1.10829,1.10826,3750000,1000000
2017-06-16 14:03:19.494000,1.10829,1.10827,1120000,1000000
2017-06-16 14:03:19.808000,1.1083,1.10829,1500000,1000000
2017-06-16 14:03:20.371000,1.1083,1.10828,1120000,1120000
2017-06-16 14:03:23.591000,1.1083,1.10827,2620000,1690000
2017-06-16 14:03:24.122000,1.1083,1.10827,1120000,1870000
2017-06-16 14:03:25.271000,1.10829,1.10826,1000000,4690000
2017-06-16 14:03:25.913000,1.1083,1.10826,4120000,4500000
2017-06-16 14:03:26.016000,1.10825,1.10822,3000000,1120000
2017-06-16 14:03:26.526000,1.10824,1.10822,1000000,1500000
2017-06-16 14:03:27.695000,1.10824,1.10821,1000000,4310000
2017-06-16 14:03:28.241000,1.10825,1.10823,1870000,1120000
2017-06-16 14:03:28.906000,1.10824,1.10823,1000000,1000000
2017-06-16 14:03:29.274000,1.10823,1.1082,5620000,1870000
2017-06-16 14:03:29.636000,1.10819,1.10818,2620000,1120000
2017-06-16 14:03:30.166000,1.10819,1.10817,1870000,1000000
2017-06-16 14:03:30.680000,1.10819,1.10817,1000000,1120000
2017-06-16 14:03:31.015000,1.10821,1.10819,4120000,1250000
2017-06-16 14:03:31.473000,1.10822,1.10819,5250000,2990000
2017-06-16 14:03:32.200000,1.10822,1.10819,3750000,4500000
2017-06-16 14:03:32.816000,1.1082,1.10819,1000000,3750000
2017-06-16 14:03:32.920000,1.10819,1.10817,1000000,1500000
2017-06-16 14:03:33.819000,1.10819,1.10816,2250000,5440000
2017-06-16 14:03:34.585000,1.10818,1.10816,1000000,2440000
2017-06-16 14:03:35.095000,1.10819,1.10816,2620000,2060000
2017-06-16 14:03:35.598000,1.10818,1.10816,1000000,2440000
2017-06-16 14:03:36.108000,1.10819,1.10815,3750000,2810000
2017-06-16 14:03:36.616000,1.10818,1.10815,1500000,3000000
2017-06-16 14:03:37.126000,1.10819,1.10816,3370000,1000000
2017-06-16 14:03:37.849000,1.10818,1.10816,1000000,1870000
2017-06-16 14:03:38.360000,1.10819,1.10815,1870000,3660000
2017-06-16 14:03:38.949000,1.1082,1.10816,5250000,2340000
2017-06-16 14:03:39.727000,1.1082,1.10818,1120000,2620000
2017-06-16 14:03:40.238000,1.10822,1.1082,2620000,1000000
2017-06-16 14:03:40.780000,1.10822,1.1082,2620000,1500000
2017-06-16 14:03:41.294000,1.1082,1.10819,1000000,1000000
2017-06-16 14:03:41.795000,1.10822,1.10818,3370000,4500000
2017-06-16 14:03:42.102000,1.1082,1.10817,2620000,5620000
2017-06-16 14:03:42.413000,1.10818,1.10816,1370000,1500000
2017-06-16 14:03:42.723000,1.10816,1.10813,2250000,2620000
2017-06-16 14:03:43.720000,1.10814,1.10811,2620000,2060000
2017-06-16 14:03:44.338000,1.10815,1.10812,3750000,1120000
2017-06-16 14:03:44.699000,1.10815,1.10812,1500000,4500000
2017-06-16 14:03:45.029000,1.10817,1.10815,1500000,1190000
2017-06-16 14:03:45.543000,1.10817,1.10815,1120000,1500000
2017-06-16 14:03:45.903000,1.10818,1.10817,1500000,1500000
2017-06-16 14:03:46.210000,1.10816,1.10814,1120000,1000000
2017-06-16 14:03:46.261000,1.10815,1.10813,1370000,1120000
2017-06-16 14:03:46.364000,1.10813,1.10811,1000000,1690000
2017-06-16 14:03:46.838000,1.10815,1.10811,8440000,1500000
2017-06-16 14:03:46.890000,1.1081,1.10808,1000000,4120000
2017-06-16 14:03:47.421000,1.10811,1.10808,2250000,2060000
2017-06-16 14:03:47.929000,1.10811,1.10808,3000000,1500000
2017-06-16 14:03:48.442000,1.1081,1.10808,1120000,3370000
2017-06-16 14:03:49.027000,1.1081,1.10808,1000000,3000000
2017-06-16 14:03:49.540000,1.10811,1.10809,1120000,1370000
2017-06-16 14:03:50.055000,1.10811,1.10809,1370000,1250000
2017-06-16 14:03:50.829000,1.10812,1.10808,2250000,4690000
2017-06-16 14:03:51.432000,1.10812,1.10808,1870000,5440000
2017-06-16 14:03:51.837000,1.10806,1.10802,3370000,2440000
2017-06-16 14:03:52.146000,1.10809,1.10808,1120000,1000000
2017-06-16 14:03:52.352000,1.1081,1.10808,1120000,1500000
2017-06-16 14:03:52.869000,1.10811,1.10808,1370000,6190000
2017-06-16 14:03:53.380000,1.10812,1.10809,1370000,2620000
2017-06-16 14:03:53.972000,1.10812,1.10809,1120000,2810000
2017-06-16 14:03:54.484000,1.10812,1.10809,1120000,3560000
2017-06-16 14:03:54.740000,1.10814,1.10812,1000000,2660000
2017-06-16 14:03:55.068000,1.10816,1.10814,1120000,3190000
2017-06-16 14:03:55.579000,1.10819,1.10816,1870000,2250000
2017-06-16 14:03:56.109000,1.10819,1.10816,2620000,1500000
2017-06-16 14:03:56.470000,1.10819,1.10817,1000000,1000000
2017-06-16 14:03:57.091000,1.1082,1.10818,2250000,1000000
2017-06-16 14:03:57.630000,1.1082,1.10818,3000000,1000000
2017-06-16 14:03:58.201000,1.1082,1.10818,2250000,1000000
2017-06-16 14:03:59.025000,1.1082,1.10817,1120000,2320000
2017-06-16 14:03:59.381000,1.1082,1.10818,2250000,1000000
2017-06-16 14:03:59.903000,1.10818,1.10817,1000000,1000000
2017-06-16 14:04:00.418000,1.10819,1.10817,1500000,1000000
2017-06-16 14:04:00.633000,1.10819,1.10816,3000000,1500000
2017-06-16 14:04:01.093000,1.10819,1.10817,3000000,1000000
2017-06-16 14:04:01.971000,1.1082,1.10818,1120000,1000000
2017-06-16 14:04:03.462000,1.10821,1.10819,4120000,1000000
2017-06-16 14:04:03.616000,1.10822,1.1082,4500000,1000000
2017-06-16 14:04:03.769000,1.10823,1.10821,4870000,1000000
2017-06-16 14:04:03.943000,1.10827,1.10825,1870000,1870000
2017-06-16 14:04:04.047000,1.10829,1.10827,2620000,1000000
2017-06-16 14:04:04.569000,1.10828,1.10827,1500000,1000000
2017-06-16 14:04:04.833000,1.10829,1.10827,1000000,1000000
2017-06-16 14:04:05.243000,1.10827,1.10825,1000000,2440000
2017-06-16 14:04:05.398000,1.10826,1.10823,2250000,1870000
2017-06-16 14:04:05.924000,1.10826,1.10824,1500000,1000000
2017-06-16 14:04:06.437000,1.10827,1.10825,1870000,1000000
2017-06-16 14:04:06.744000,1.10828,1.10826,4870000,1000000
2017-06-16 14:04:07.131000,1.1083,1.10828,3000000,1000000
2017-06-16 14:04:07.658000,1.10831,1.10829,2620000,1000000
2017-06-16 14:04:08.207000,1.10831,1.10829,1000000,1000000
2017-06-16 14:04:08.514000,1.10834,1.10833,3000000,1120000
2017-06-16 14:04:08.566000,1.10839,1.10837,2250000,1000000
2017-06-16 14:04:09.018000,1.10841,1.10839,2250000,1000000
2017-06-16 14:04:09.478000,1.10839,1.10836,2250000,1500000
2017-06-16 14:04:09.531000,1.10839,1.10838,1500000,1000000
2017-06-16 14:04:09.843000,1.10843,1.10841,1370000,1500000
2017-06-16 14:04:10.152000,1.10844,1.10843,1120000,1000000
2017-06-16 14:04:10.703000,1.10846,1.10843,6750000,1000000
2017-06-16 14:04:10.808000,1.10845,1.10842,1120000,3000000
2017-06-16 14:04:11.401000,1.10845,1.10842,1500000,3750000
2017-06-16 14:04:11.911000,1.10845,1.10843,1500000,1120000
2017-06-16 14:04:13.297000,1.10845,1.10844,1120000,1000000
2017-06-16 14:04:13.833000,1.10845,1.10843,1370000,1120000
2017-06-16 14:04:14.369000,1.10844,1.10842,1000000,2810000
2017-06-16 14:04:15.665000,1.10844,1.10843,1000000,1000000
2017-06-16 14:04:16.186000,1.10844,1.10842,1000000,2620000
2017-06-16 14:04:17.647000,1.10845,1.10843,1500000,1120000
2017-06-16 14:04:18.108000,1.10846,1.10845,1000000,1690000
2017-06-16 14:04:18.414000,1.10848,1.10847,1000000,1000000
2017-06-16 14:04:18.894000,1.1085,1.10848,1000000,1120000
2017-06-16 14:04:19.925000,1.10851,1.10848,2250000,2440000
2017-06-16 14:04:20.484000,1.1085,1.10848,1000000,2620000
2017-06-16 14:04:20.987000,1.1085,1.10847,2250000,4870000
2017-06-16 14:04:22.736000,1.1085,1.10848,2620000,1500000
2017-06-16 14:04:23.270000,1.1085,1.10847,1120000,5060000
2017-06-16 14:04:23.790000,1.10849,1.10847,1000000,4120000
2017-06-16 14:04:24.697000,1.1085,1.10848,1870000,1500000
2017-06-16 14:04:26.071000,1.10849,1.10848,1000000,1870000
2017-06-16 14:04:27.550000,1.10851,1.10849,1870000,1000000
2017-06-16 14:04:27.806000,1.10849,1.10848,1000000,1120000
2017-06-16 14:04:28.186000,1.10851,1.10849,3000000,2250000
2017-06-16 14:04:28.339000,1.10852,1.1085,3000000,1000000
2017-06-16 14:04:28.704000,1.10851,1.10848,2620000,1500000
2017-06-16 14:04:29.206000,1.10851,1.10849,1870000,1000000
2017-06-16 14:04:29.715000,1.10851,1.10848,1120000,1500000
2017-06-16 14:04:30.022000,1.10849,1.10846,1120000,3560000
2017-06-16 14:04:30.533000,1.1085,1.10847,1870000,1810000
2017-06-16 14:04:33.828000,1.10852,1.10851,4870000,1250000
2017-06-16 14:04:34.084000,1.10854,1.10851,1870000,2810000
2017-06-16 14:04:34.288000,1.10853,1.10851,4310000,1570000
2017-06-16 14:04:34.485000,1.1085,1.10847,1370000,5440000
2017-06-16 14:04:34.998000,1.1085,1.10847,1870000,3370000
2017-06-16 14:04:35.506000,1.1085,1.10848,1120000,1000000
2017-06-16 14:04:35.864000,1.10849,1.10847,1000000,2440000
2017-06-16 14:04:36.375000,1.10849,1.10847,1000000,1690000
2017-06-16 14:04:36.916000,1.10849,1.10847,1000000,1690000
2017-06-16 14:04:37.329000,1.1085,1.10847,1870000,2810000
2017-06-16 14:04:37.841000,1.10849,1.10847,1000000,2810000
2017-06-16 14:04:38.128000,1.10846,1.10844,1000000,18000000
2017-06-16 14:04:38.284000,1.10844,1.10842,2250000,2250000
2017-06-16 14:04:38.336000,1.10844,1.10841,3370000,3190000
2017-06-16 14:04:39.286000,1.10843,1.10841,1000000,4310000
2017-06-16 14:04:39.949000,1.10844,1.10842,1000000,1870000
2017-06-16 14:04:40.486000,1.10843,1.10841,1000000,3640000
2017-06-16 14:04:41.005000,1.10844,1.10841,1120000,6820000
2017-06-16 14:04:41.542000,1.10843,1.10841,1000000,5700000
2017-06-16 14:04:42.063000,1.10844,1.10842,1000000,1000000
2017-06-16 14:04:43.733000,1.10843,1.10841,1870000,4760000
2017-06-16 14:04:43.888000,1.10843,1.1084,3750000,3000000
2017-06-16 14:04:44.300000,1.1084,1.10838,1000000,3370000
2017-06-16 14:04:44.609000,1.10837,1.10836,1120000,3640000
2017-06-16 14:04:44.661000,1.10837,1.10835,1120000,3300000
2017-06-16 14:04:45.136000,1.10839,1.10837,1500000,5060000
2017-06-16 14:04:45.649000,1.1084,1.10837,1500000,7570000
2017-06-16 14:04:46.031000,1.10839,1.10837,1370000,1390000
2017-06-16 14:04:46.340000,1.10841,1.10839,2250000,1120000
2017-06-16 14:04:47.055000,1.10842,1.1084,5250000,1120000
2017-06-16 14:04:47.216000,1.10843,1.10841,1120000,1120000
2017-06-16 14:04:47.884000,1.10844,1.10842,2250000,1000000
2017-06-16 14:04:48.658000,1.10844,1.10843,1500000,1000000
2017-06-16 14:04:49.391000,1.10845,1.10842,3370000,1120000
2017-06-16 14:04:49.903000,1.10844,1.10843,1000000,1000000
2017-06-16 14:04:50.416000,1.10845,1.10842,5250000,1120000
2017-06-16 14:04:50.569000,1.10845,1.10843,4500000,1000000
2017-06-16 14:04:50.723000,1.10846,1.10845,1000000,1120000
2017-06-16 14:04:51.031000,1.10848,1.10846,2620000,1000000
2017-06-16 14:04:51.553000,1.10849,1.10847,2250000,1120000
2017-06-16 14:04:52.065000,1.10849,1.10846,1870000,3370000
2017-06-16 14:04:52.570000,1.10849,1.10846,3000000,1570000
2017-06-16 14:04:53.082000,1.10849,1.10846,3000000,1950000
2017-06-16 14:04:53.872000,1.10847,1.10846,1000000,1100000
2017-06-16 14:04:54.384000,1.10847,1.10845,1870000,1370000
2017-06-16 14:04:54.912000,1.10848,1.10845,1870000,2810000
2017-06-16 14:04:55.426000,1.10849,1.10846,2250000,1870000
2017-06-16 14:04:56.337000,1.1085,1.10848,1870000,2250000
2017-06-16 14:04:56.541000,1.10853,1.10851,1870000,1120000
2017-06-16 14:04:57.056000,1.10853,1.1085,1120000,4030000
2017-06-16 14:04:57.566000,1.10854,1.10851,2250000,1600000
2017-06-16 14:04:58.152000,1.10854,1.1085,2250000,5800000
2017-06-16 14:04:58.666000,1.10853,1.1085,1000000,2530000
2017-06-16 14:05:00.831000,1.10854,1.10851,1870000,1000000
2017-06-16 14:05:01.999000,1.10852,1.10849,4870000,2810000
2017-06-16 14:05:02.509000,1.10853,1.1085,1870000,3000000
2017-06-16 14:05:03.028000,1.10854,1.10851,4500000,1310000
2017-06-16 14:05:03.336000,1.10848,1.10846,1500000,1000000
2017-06-16 14:05:03.714000,1.10849,1.10847,6370000,1000000
2017-06-16 14:05:04.316000,1.10848,1.10847,2250000,1000000
2017-06-16 14:05:04.907000,1.10849,1.10847,5250000,1000000
2017-06-16 14:05:05.549000,1.10849,1.10848,1500000,1000000
2017-06-16 14:05:06.061000,1.1085,1.10848,3750000,1000000
2017-06-16 14:05:06.521000,1.10853,1.10852,1870000,1120000
2017-06-16 14:05:07.032000,1.10855,1.10853,2810000,1000000
2017-06-16 14:05:07.083000,1.10854,1.10852,1310000,1120000
2017-06-16 14:05:07.186000,1.10855,1.10854,1120000,1120000
2017-06-16 14:05:07.575000,1.10858,1.10857,1250000,1000000
2017-06-16 14:05:07.628000,1.10861,1.10859,2440000,1000000
2017-06-16 14:05:07.834000,1.10859,1.10858,1120000,2620000
2017-06-16 14:05:07.989000,1.1086,1.10857,2440000,1500000
2017-06-16 14:05:08.041000,1.1086,1.10859,1250000,1000000
2017-06-16 14:05:08.561000,1.10862,1.1086,3560000,1000000
2017-06-16 14:05:09.074000,1.10865,1.10863,6380000,1000000
2017-06-16 14:05:09.408000,1.10869,1.10868,3370000,1000000
2017-06-16 14:05:09.714000,1.10872,1.1087,4500000,1000000
2017-06-16 14:05:10.682000,1.10872,1.10869,5620000,1120000
2017-06-16 14:05:10.938000,1.10869,1.10868,1000000,1500000
2017-06-16 14:05:11.167000,1.10862,1.1086,1000000,2060000
2017-06-16 14:05:11.372000,1.10865,1.10862,2320000,1500000
2017-06-16 14:05:11.884000,1.10867,1.10864,5250000,2810000
2017-06-16 14:05:12.222000,1.10868,1.10866,1120000,2060000
2017-06-16 14:05:12.274000,1.10869,1.10867,2250000,1000000
2017-06-16 14:05:12.785000,1.1087,1.10868,1200000,1000000
2017-06-16 14:05:13.314000,1.10871,1.10868,1570000,1500000
2017-06-16 14:05:13.723000,1.10875,1.10874,1000000,1000000
2017-06-16 14:05:13.878000,1.10876,1.10873,6190000,1750000
2017-06-16 14:05:13.929000,1.10874,1.10873,1120000,1120000
2017-06-16 14:05:15.004000,1.10875,1.10873,1120000,1000000
2017-06-16 14:05:15.564000,1.10876,1.10874,3900000,1500000
2017-06-16 14:05:15.667000,1.10877,1.10875,1120000,1230000
2017-06-16 14:05:15.873000,1.10878,1.10876,1500000,2090000
2017-06-16 14:05:16.184000,1.1088,1.10878,2250000,1000000
2017-06-16 14:05:16.534000,1.10877,1.10874,2250000,3370000
2017-06-16 14:05:17.271000,1.10876,1.10874,1120000,2250000
2017-06-16 14:05:17.425000,1.10878,1.10876,2250000,2810000
2017-06-16 14:05:17.477000,1.10876,1.10875,1120000,1870000
2017-06-16 14:05:17.630000,1.10876,1.10874,2620000,1500000
2017-06-16 14:05:18.295000,1.10876,1.10875,1120000,1120000
2017-06-16 14:05:18.500000,1.10878,1.10876,4120000,1000000
2017-06-16 14:05:18.758000,1.10879,1.10877,1000000,1690000
2017-06-16 14:05:18.810000,1.10882,1.1088,4120000,1000000
2017-06-16 14:05:19.284000,1.10885,1.10883,1870000,1120000
2017-06-16 14:05:19.336000,1.10884,1.10883,1120000,1120000
2017-06-16 14:05:19.646000,1.10885,1.10883,1120000,1120000
2017-06-16 14:05:19.698000,1.10886,1.10884,2620000,1000000
2017-06-16 14:05:19.751000,1.10883,1.10882,1870000,1000000
2017-06-16 14:05:19.804000,1.10882,1.1088,1870000,1120000
2017-06-16 14:05:20.125000,1.10881,1.10879,1370000,1500000
2017-06-16 14:05:20.177000,1.10879,1.10877,1120000,1500000
2017-06-16 14:05:20.688000,1.10879,1.10877,1500000,1000000
2017-06-16 14:05:21.247000,1.1088,1.10877,1500000,1120000
2017-06-16 14:05:21.606000,1.10881,1.10878,1500000,1870000
2017-06-16 14:05:21.811000,1.10882,1.1088,3370000,1000000
2017-06-16 14:05:22.119000,1.10883,1.10882,1000000,1000000
2017-06-16 14:05:22.440000,1.10881,1.10879,1000000,1500000
2017-06-16 14:05:22.953000,1.10882,1.10879,3750000,1500000
2017-06-16 14:05:23.668000,1.10882,1.10879,3750000,1000000
2017-06-16 14:05:24.591000,1.1088,1.10879,1000000,1000000
2017-06-16 14:05:25.131000,1.10882,1.10879,3750000,1500000
2017-06-16 14:05:26.178000,1.10882,1.10881,1120000,1000000
2017-06-16 14:05:26.711000,1.10882,1.1088,2250000,1120000
2017-06-16 14:05:27.223000,1.10882,1.10879,3000000,2060000
2017-06-16 14:05:27.634000,1.10884,1.10881,2620000,3190000
2017-06-16 14:05:27.937000,1.10881,1.10879,1500000,1120000
2017-06-16 14:05:28.452000,1.10881,1.10879,1000000,1500000
2017-06-16 14:05:28.759000,1.10882,1.1088,3750000,1000000
2017-06-16 14:05:28.862000,1.10882,1.10879,3370000,3260000
2017-06-16 14:05:28.913000,1.10882,1.1088,1500000,2060000
2017-06-16 14:05:29.091000,1.10885,1.10883,3750000,1000000
2017-06-16 14:05:29.604000,1.10886,1.10885,3370000,1000000
2017-06-16 14:05:29.758000,1.10887,1.10886,2620000,1000000
2017-06-16 14:05:29.963000,1.1089,1.10888,3000000,1000000
2017-06-16 14:05:30.169000,1.10888,1.10886,1120000,3000000
2017-06-16 14:05:30.596000,1.1089,1.10888,3000000,2310000
2017-06-16 14:05:30.803000,1.10892,1.10889,1120000,1500000
2017-06-16 14:05:31.349000,1.10894,1.1089,4870000,1870000
2017-06-16 14:05:31.656000,1.10892,1.1089,1000000,1870000
2017-06-16 14:05:31.911000,1.10894,1.1089,1910000,1870000
2017-06-16 14:05:32.401000,1.10891,1.10888,1000000,1950000
2017-06-16 14:05:32.912000,1.10895,1.10894,1000000,1720000
2017-06-16 14:05:33.215000,1.10897,1.10895,1000000,4870000
2017-06-16 14:05:33.424000,1.10894,1.10891,1910000,6750000
2017-06-16 14:05:33.476000,1.10892,1.1089,1000000,1120000
2017-06-16 14:05:33.528000,1.10893,1.1089,2250000,2250000
2017-06-16 14:05:33.580000,1.10903,1.109,2250000,2850000
2017-06-16 14:05:33.893000,1.10914,1.10912,14060000,1000000
2017-06-16 14:05:33.945000,1.10912,1.10911,1000000,1690000
2017-06-16 14:05:34.326000,1.10911,1.10908,1120000,2250000
2017-06-16 14:05:34.378000,1.10912,1.10911,1120000,1120000
2017-06-16 14:05:34.891000,1.10912,1.10909,3370000,4500000
2017-06-16 14:05:35.412000,1.1091,1.10908,2060000,2620000
2017-06-16 14:05:35.790000,1.10903,1.10902,1870000,1120000
2017-06-16 14:05:35.893000,1.10902,1.109,2850000,1000000
2017-06-16 14:05:36.407000,1.10902,1.109,1000000,2250000
2017-06-16 14:05:36.959000,1.10904,1.10903,3000000,1500000
2017-06-16 14:05:37.434000,1.10902,1.10901,1000000,1120000
2017-06-16 14:05:37.587000,1.10901,1.10899,1190000,2250000
2017-06-16 14:05:37.691000,1.10903,1.109,2440000,1870000
2017-06-16 14:05:37.947000,1.10904,1.10902,2620000,1500000
2017-06-16 14:05:38.188000,1.10903,1.10901,1000000,1000000
2017-06-16 14:05:38.343000,1.10905,1.10903,5620000,3750000
2017-06-16 14:05:38.447000,1.10907,1.10905,1000000,2250000
2017-06-16 14:05:38.651000,1.10908,1.10906,1000000,1500000
2017-06-16 14:05:39.168000,1.10908,1.10906,1000000,1870000
2017-06-16 14:05:39.530000,1.10905,1.10903,1000000,7120000
2017-06-16 14:05:39.757000,1.10906,1.10903,1910000,1500000
2017-06-16 14:05:39.809000,1.10905,1.10903,2060000,1000000
2017-06-16 14:05:40.319000,1.10904,1.10902,1120000,1000000
2017-06-16 14:05:40.853000,1.10903,1.10901,1870000,1000000
2017-06-16 14:05:41.313000,1.10904,1.10903,1120000,1000000
2017-06-16 14:05:41.830000,1.10905,1.10904,1250000,1000000
2017-06-16 14:05:41.986000,1.10904,1.10901,2620000,2620000
2017-06-16 14:05:42.498000,1.10904,1.10901,3600000,2440000
2017-06-16 14:05:42.982000,1.10902,1.109,1000000,1310000
2017-06-16 14:05:43.034000,1.109,1.10899,1000000,1000000
2017-06-16 14:05:43.547000,1.109,1.10898,1720000,1150000
2017-06-16 14:05:43.908000,1.10899,1.10896,2620000,1120000
2017-06-16 14:05:44.268000,1.10901,1.10898,3190000,1500000
2017-06-16 14:05:44.843000,1.10901,1.10899,1870000,1000000
2017-06-16 14:05:45.163000,1.10903,1.10902,1870000,1000000
2017-06-16 14:05:45.684000,1.10904,1.10902,1500000,1000000
2017-06-16 14:05:46.196000,1.10905,1.10903,1870000,1000000
2017-06-16 14:05:46.740000,1.10906,1.10904,1870000,1000000
2017-06-16 14:05:47.254000,1.10907,1.10905,8440000,1000000
2017-06-16 14:05:47.511000,1.10906,1.10904,1120000,1000000
2017-06-16 14:05:47.633000,1.10907,1.10905,6000000,1000000
2017-06-16 14:05:47.787000,1.10908,1.10906,5620000,1000000
2017-06-16 14:05:47.993000,1.10907,1.10905,1870000,1870000
2017-06-16 14:05:48.045000,1.10906,1.10904,1370000,3000000
2017-06-16 14:05:48.608000,1.10906,1.10904,1370000,1500000
2017-06-16 14:05:49.069000,1.10906,1.10905,1120000,1000000
2017-06-16 14:05:49.376000,1.10919,1.10917,5620000,1000000
2017-06-16 14:05:49.647000,1.10921,1.10919,5620000,1000000
2017-06-16 14:05:49.750000,1.10921,1.10917,4500000,6940000
2017-06-16 14:05:50.060000,1.10921,1.1092,3370000,1000000
2017-06-16 14:05:50.307000,1.1092,1.10918,1500000,1120000
2017-06-16 14:05:50.410000,1.10921,1.10919,1870000,1000000
2017-06-16 14:05:50.941000,1.10922,1.1092,1870000,1000000
2017-06-16 14:05:51.314000,1.10923,1.10921,1870000,1500000
2017-06-16 14:05:51.468000,1.10922,1.10918,2060000,5620000
2017-06-16 14:05:51.776000,1.10915,1.10913,1620000,1000000
2017-06-16 14:05:51.828000,1.10915,1.10912,2100000,1870000
2017-06-16 14:05:51.880000,1.10909,1.10908,1000000,2250000
2017-06-16 14:05:52.426000,1.10908,1.10906,1000000,1370000
2017-06-16 14:05:53.266000,1.10909,1.10907,1000000,1500000
2017-06-16 14:05:53.679000,1.10906,1.10905,1000000,2810000
2017-06-16 14:05:54.819000,1.10907,1.10905,1310000,1690000
2017-06-16 14:05:55.229000,1.10906,1.10904,1000000,2440000
2017-06-16 14:05:55.742000,1.10906,1.10905,1000000,1690000
2017-06-16 14:05:56.255000,1.10907,1.10905,1000000,2060000
2017-06-16 14:05:58.187000,1.10906,1.10905,1000000,1310000
2017-06-16 14:05:58.341000,1.10906,1.10903,7670000,1120000
2017-06-16 14:05:58.444000,1.10903,1.10901,1000000,1500000
2017-06-16 14:05:58.768000,1.10901,1.10899,1000000,1370000
2017-06-16 14:05:58.827000,1.109,1.10898,1000000,3000000
2017-06-16 14:05:59.337000,1.10901,1.10898,1310000,1690000
2017-06-16 14:05:59.388000,1.10899,1.10898,1000000,1310000
2017-06-16 14:05:59.922000,1.109,1.10899,1000000,1120000
2017-06-16 14:05:59.974000,1.10901,1.109,1000000,1120000
2017-06-16 14:06:00.797000,1.10902,1.109,1000000,1370000
2017-06-16 14:06:00.899000,1.10903,1.109,1120000,1750000
2017-06-16 14:06:01.411000,1.10902,1.10901,3370000,1000000
2017-06-16 14:06:01.766000,1.109,1.10899,1000000,1200000
2017-06-16 14:06:01.972000,1.10901,1.10899,1000000,2700000
2017-06-16 14:06:02.564000,1.10902,1.109,3560000,1370000
2017-06-16 14:06:02.667000,1.10904,1.10901,3190000,1120000
2017-06-16 14:06:03.241000,1.10903,1.10902,1200000,1870000
2017-06-16 14:06:03.446000,1.10905,1.10902,1250000,2250000
2017-06-16 14:06:04.313000,1.10905,1.10902,1870000,2620000
2017-06-16 14:06:04.828000,1.10904,1.10902,1000000,1120000
2017-06-16 14:06:05.352000,1.10903,1.10901,1000000,2620000
2017-06-16 14:06:07.404000,1.10903,1.10901,1000000,1500000
2017-06-16 14:06:07.915000,1.10903,1.10901,1000000,1000000
2017-06-16 14:06:08.440000,1.10904,1.10901,1000000,3370000
2017-06-16 14:06:08.543000,1.10906,1.10903,1970000,2620000
2017-06-16 14:06:09.053000,1.10905,1.10903,1000000,1120000
2017-06-16 14:06:09.587000,1.10904,1.10901,1120000,2620000
2017-06-16 14:06:10.468000,1.10903,1.10901,1000000,3370000
2017-06-16 14:06:10.978000,1.10903,1.10901,1000000,1500000
2017-06-16 14:06:11.832000,1.10903,1.109,1310000,2250000
2017-06-16 14:06:12.206000,1.10901,1.10899,1000000,1370000
2017-06-16 14:06:12.716000,1.10902,1.10899,3370000,1870000
2017-06-16 14:06:13.242000,1.10901,1.10898,1120000,2250000
2017-06-16 14:06:13.866000,1.10902,1.109,2060000,1000000
2017-06-16 14:06:14.379000,1.10901,1.10899,1000000,1000000
2017-06-16 14:06:14.888000,1.10902,1.10899,3940000,1500000
2017-06-16 14:06:15.400000,1.10903,1.109,3190000,1500000
2017-06-16 14:06:15.733000,1.10905,1.10902,1870000,1120000
2017-06-16 14:06:16.042000,1.10906,1.10905,1120000,1250000
2017-06-16 14:06:16.352000,1.10911,1.10908,1500000,1310000
2017-06-16 14:06:16.886000,1.10911,1.10908,1870000,2060000
2017-06-16 14:06:17.093000,1.1091,1.10908,1000000,2060000
2017-06-16 14:06:17.719000,1.10908,1.10906,1000000,1500000
2017-06-16 14:06:17.823000,1.10908,1.10905,1870000,2060000
2017-06-16 14:06:18.029000,1.10908,1.10907,1120000,1250000
2017-06-16 14:06:18.131000,1.10911,1.10908,10500000,1120000
2017-06-16 14:06:18.729000,1.10907,1.10906,2700000,2620000
2017-06-16 14:06:18.781000,1.10906,1.10903,3000000,4690000
2017-06-16 14:06:18.833000,1.10905,1.10903,6220000,1000000
2017-06-16 14:06:19.377000,1.10904,1.10902,3000000,1000000
2017-06-16 14:06:19.684000,1.10905,1.10903,2250000,1000000
2017-06-16 14:06:19.893000,1.10904,1.10902,1870000,1000000
2017-06-16 14:06:20.060000,1.10906,1.10904,1370000,1120000
2017-06-16 14:06:20.163000,1.109,1.10897,3600000,1250000
2017-06-16 14:06:20.266000,1.109,1.10899,1500000,1120000
2017-06-16 14:06:20.785000,1.10903,1.109,6370000,1120000
2017-06-16 14:06:21.347000,1.10902,1.10901,1000000,1000000
2017-06-16 14:06:21.802000,1.10907,1.10906,3000000,1000000
2017-06-16 14:06:22.008000,1.10906,1.10904,1120000,3940000
2017-06-16 14:06:22.517000,1.10907,1.10904,1500000,1870000
2017-06-16 14:06:22.619000,1.10908,1.10906,1120000,1000000
2017-06-16 14:06:22.722000,1.10906,1.10904,1000000,6190000
2017-06-16 14:06:23.082000,1.10907,1.10905,1000000,1870000
2017-06-16 14:06:23.288000,1.10907,1.10904,1120000,4870000
2017-06-16 14:06:23.794000,1.10906,1.10904,1000000,1000000
2017-06-16 14:06:24.308000,1.10905,1.10903,1000000,3370000
2017-06-16 14:06:24.644000,1.10904,1.10902,1000000,4120000
2017-06-16 14:06:25.158000,1.10904,1.10902,1120000,5440000
2017-06-16 14:06:25.669000,1.10906,1.10905,1000000,1120000
2017-06-16 14:06:26.212000,1.10907,1.10905,1000000,1250000
2017-06-16 14:06:26.518000,1.10909,1.10907,2250000,2060000
2017-06-16 14:06:27.020000,1.10909,1.10908,2250000,1000000
2017-06-16 14:06:27.380000,1.10911,1.10909,1370000,1000000
2017-06-16 14:06:27.927000,1.10911,1.10908,1370000,3940000
2017-06-16 14:06:28.239000,1.10912,1.1091,1870000,1000000
2017-06-16 14:06:28.454000,1.10914,1.10911,4500000,2060000
2017-06-16 14:06:28.711000,1.10914,1.10913,1000000,1000000
2017-06-16 14:06:29.612000,1.10914,1.10911,1370000,1310000
2017-06-16 14:06:29.919000,1.10916,1.10913,3370000,1120000
2017-06-16 14:06:30.626000,1.10916,1.10914,1870000,1000000
2017-06-16 14:06:31.459000,1.10916,1.10913,1370000,3260000
2017-06-16 14:06:32.048000,1.10916,1.10913,1370000,3370000
2017-06-16 14:06:32.201000,1.10917,1.10915,1870000,1000000
2017-06-16 14:06:32.796000,1.10919,1.10918,7500000,1000000
2017-06-16 14:06:33.001000,1.10921,1.10919,1870000,1000000
2017-06-16 14:06:33.504000,1.10919,1.10916,11290000,2250000
2017-06-16 14:06:33.555000,1.10918,1.10916,1500000,1120000
2017-06-16 14:06:34.067000,1.10917,1.10915,1370000,1000000
2017-06-16 14:06:34.594000,1.10917,1.10915,1870000,1000000
2017-06-16 14:06:35.126000,1.10917,1.10915,1870000,1000000
2017-06-16 14:06:35.446000,1.1092,1.10917,3370000,4120000
2017-06-16 14:06:35.957000,1.10922,1.10919,2620000,1120000
2017-06-16 14:06:36.059000,1.10922,1.10919,2250000,1120000
2017-06-16 14:06:36.649000,1.10922,1.1092,1000000,3560000
2017-06-16 14:06:37.161000,1.10922,1.10921,1000000,1000000
2017-06-16 14:06:37.569000,1.10924,1.10922,1000000,9040000
2017-06-16 14:06:37.730000,1.10925,1.10924,3560000,2060000
2017-06-16 14:06:37.792000,1.10927,1.10924,1500000,3560000
2017-06-16 14:06:38.275000,1.10928,1.10925,1870000,2060000
2017-06-16 14:06:38.778000,1.10928,1.10925,1870000,1310000
2017-06-16 14:06:39.310000,1.10928,1.10925,1500000,3340000
2017-06-16 14:06:39.825000,1.10928,1.10926,1000000,3710000
2017-06-16 14:06:40.338000,1.1093,1.10928,1500000,1500000
2017-06-16 14:06:40.390000,1.10931,1.1093,2620000,1310000
2017-06-16 14:06:40.441000,1.10932,1.1093,1000000,1690000
2017-06-16 14:06:40.963000,1.10934,1.10933,1120000,1500000
2017-06-16 14:06:41.475000,1.10935,1.10932,1000000,3940000
2017-06-16 14:06:42.192000,1.10936,1.10935,1120000,1000000
2017-06-16 14:06:42.346000,1.10938,1.10936,1500000,1250000
2017-06-16 14:06:42.448000,1.10939,1.10937,1000000,1620000
2017-06-16 14:06:43.379000,1.10939,1.10937,1000000,1120000
2017-06-16 14:06:43.888000,1.1094,1.10938,1000000,1000000
2017-06-16 14:06:44.398000,1.1094,1.10937,2620000,1310000
2017-06-16 14:06:44.941000,1.10941,1.10937,2250000,2250000
2017-06-16 14:06:45.466000,1.10939,1.10936,1000000,1500000
2017-06-16 14:06:46.748000,1.1094,1.10938,1690000,1120000
2017-06-16 14:06:47.518000,1.10941,1.10938,1370000,1870000
2017-06-16 14:06:47.863000,1.10967,1.10964,1000000,3000000
2017-06-16 14:06:47.917000,1.10965,1.10962,1870000,7120000
2017-06-16 14:06:48.275000,1.10964,1.10961,2700000,1000000
2017-06-16 14:06:48.582000,1.1096,1.10959,1000000,3000000
2017-06-16 14:06:48.736000,1.1096,1.10956,3710000,3000000
2017-06-16 14:06:48.940000,1.10956,1.10955,1000000,1000000
2017-06-16 14:06:49.441000,1.10957,1.10956,1000000,1000000
2017-06-16 14:06:49.748000,1.10955,1.10953,1000000,7310000
2017-06-16 14:06:50.158000,1.10955,1.10952,1120000,4310000
2017-06-16 14:06:50.653000,1.10949,1.10946,1000000,12260000
2017-06-16 14:06:50.807000,1.1095,1.10947,1500000,1690000
2017-06-16 14:06:50.858000,1.1095,1.10947,1120000,2060000
2017-06-16 14:06:51.179000,1.10954,1.10952,1000000,5290000
2017-06-16 14:06:51.231000,1.10956,1.10952,1000000,6040000
2017-06-16 14:06:51.641000,1.10955,1.10952,1000000,3750000
2017-06-16 14:06:52.096000,1.1095,1.10948,1000000,2060000
2017-06-16 14:06:52.149000,1.10952,1.10949,1120000,2620000
2017-06-16 14:06:52.677000,1.10954,1.10952,1120000,2620000
2017-06-16 14:06:52.831000,1.10957,1.10953,2060000,1120000
2017-06-16 14:06:53.359000,1.10957,1.10954,3560000,1000000
2017-06-16 14:06:53.615000,1.10955,1.10952,1000000,1120000
2017-06-16 14:06:53.821000,1.10953,1.10952,1000000,1000000
2017-06-16 14:06:54.046000,1.10952,1.1095,1000000,1000000
2017-06-16 14:06:54.557000,1.10953,1.1095,1000000,1500000
2017-06-16 14:06:55.078000,1.10954,1.10951,1000000,1120000
2017-06-16 14:06:55.590000,1.10953,1.1095,1120000,1690000
2017-06-16 14:06:56.412000,1.10951,1.1095,1000000,1120000
2017-06-16 14:06:57.032000,1.10952,1.1095,1120000,1120000
2017-06-16 14:06:57.809000,1.10953,1.1095,1000000,2810000
2017-06-16 14:06:58.300000,1.10954,1.1095,1120000,2810000
2017-06-16 14:06:58.814000,1.10953,1.10951,1000000,1120000
2017-06-16 14:06:59.324000,1.10953,1.1095,2250000,2060000
2017-06-16 14:06:59.584000,1.10953,1.10952,1000000,1000000
2017-06-16 14:06:59.687000,1.10955,1.10953,1000000,3190000
2017-06-16 14:06:59.945000,1.10954,1.10951,4160000,1000000
2017-06-16 14:07:00.477000,1.10952,1.10949,1120000,5600000
2017-06-16 14:07:00.681000,1.10953,1.10951,1120000,1120000
2017-06-16 14:07:00.990000,1.10955,1.10953,10690000,1000000
2017-06-16 14:07:01.092000,1.10954,1.10952,1620000,1000000
2017-06-16 14:07:01.424000,1.10951,1.10949,1000000,5250000
2017-06-16 14:07:01.733000,1.10949,1.10947,1500000,4120000
2017-06-16 14:07:02.245000,1.10949,1.10947,1120000,7120000
2017-06-16 14:07:02.780000,1.10949,1.10947,2470000,3750000
2017-06-16 14:07:02.934000,1.10945,1.10943,1000000,1000000
2017-06-16 14:07:04.237000,1.10946,1.10942,1690000,4500000
2017-06-16 14:07:04.937000,1.10946,1.10943,1310000,6940000
2017-06-16 14:07:06.226000,1.10947,1.10945,2060000,1000000
2017-06-16 14:07:06.839000,1.10946,1.10943,1000000,4690000
2017-06-16 14:07:07.381000,1.10946,1.10943,2250000,3190000
2017-06-16 14:07:08.232000,1.10947,1.10945,3560000,1000000
2017-06-16 14:07:08.883000,1.10947,1.10945,1690000,1000000
2017-06-16 14:07:09.853000,1.10948,1.10947,4870000,1000000
2017-06-16 14:07:10.030000,1.10949,1.10946,3750000,2250000
2017-06-16 14:07:10.087000,1.1095,1.10949,1000000,1000000
2017-06-16 14:07:10.394000,1.10953,1.10951,2440000,1000000
2017-06-16 14:07:10.992000,1.10953,1.10951,1500000,1000000
2017-06-16 14:07:11.197000,1.10952,1.10949,4540000,2250000
2017-06-16 14:07:11.301000,1.10949,1.10947,3190000,2810000
2017-06-16 14:07:11.456000,1.10946,1.10943,2660000,3560000
2017-06-16 14:07:11.986000,1.10945,1.10942,1120000,1870000
2017-06-16 14:07:12.803000,1.10944,1.10943,1000000,1000000
2017-06-16 14:07:13.267000,1.10943,1.10941,1000000,3150000
2017-06-16 14:07:13.319000,1.10941,1.1094,1000000,1120000
2017-06-16 14:07:13.371000,1.10941,1.10939,1500000,1000000
2017-06-16 14:07:13.928000,1.10944,1.10942,14060000,1000000
2017-06-16 14:07:14.185000,1.10946,1.10943,2250000,1350000
2017-06-16 14:07:14.237000,1.10946,1.10945,1870000,1000000
2017-06-16 14:07:14.560000,1.10946,1.10943,1870000,2290000
2017-06-16 14:07:15.071000,1.10947,1.10944,1870000,2810000
2017-06-16 14:07:15.125000,1.10947,1.10944,1870000,3370000
2017-06-16 14:07:16,1.10944,1.10941,3970000,2250000
2017-06-16 14:07:16.156000,1.10941,1.10939,1000000,1500000
2017-06-16 14:07:16.435000,1.1094,1.10938,2620000,1500000
2017-06-16 14:07:17.004000,1.1094,1.10938,2250000,1500000
2017-06-16 14:07:17.675000,1.1094,1.10937,2440000,1870000
2017-06-16 14:07:18.215000,1.10939,1.10938,1000000,1000000
2017-06-16 14:07:18.368000,1.1094,1.10939,5440000,1000000
2017-06-16 14:07:18.946000,1.1094,1.10938,4690000,1000000
2017-06-16 14:07:19.211000,1.10937,1.10936,1050000,1000000
2017-06-16 14:07:19.419000,1.10936,1.10933,1370000,1870000
2017-06-16 14:07:19.624000,1.10937,1.10935,10690000,1120000
2017-06-16 14:07:19.676000,1.10936,1.10933,2060000,3450000
2017-06-16 14:07:20.024000,1.10932,1.1093,1050000,10200000
2017-06-16 14:07:20.128000,1.10931,1.10928,1870000,1500000
2017-06-16 14:07:20.488000,1.10931,1.1093,1000000,1000000
2017-06-16 14:07:20.539000,1.10933,1.10932,5620000,1120000
2017-06-16 14:07:21.062000,1.10934,1.10932,1000000,1120000
2017-06-16 14:07:21.573000,1.10935,1.10933,3940000,1500000
2017-06-16 14:07:22.091000,1.10936,1.10933,3000000,1250000
2017-06-16 14:07:22.606000,1.10936,1.10934,1870000,1000000
2017-06-16 14:07:23.138000,1.10936,1.10934,1500000,1000000
2017-06-16 14:07:23.598000,1.10938,1.10936,1500000,2060000
2017-06-16 14:07:24.164000,1.10939,1.10936,1000000,2920000
2017-06-16 14:07:24.676000,1.1094,1.10937,1120000,2810000
2017-06-16 14:07:25.531000,1.10942,1.10939,4870000,1120000
2017-06-16 14:07:26.044000,1.1094,1.10938,1000000,1120000
2017-06-16 14:07:26.827000,1.10941,1.10938,1000000,2620000
2017-06-16 14:07:27.340000,1.1094,1.10937,1120000,2440000
2017-06-16 14:07:27.846000,1.10941,1.10938,1690000,1000000
2017-06-16 14:07:28.154000,1.10943,1.10942,1000000,1000000
2017-06-16 14:07:28.676000,1.10946,1.10944,4690000,1000000
2017-06-16 14:07:28.778000,1.10947,1.10945,6560000,1000000
2017-06-16 14:07:29.528000,1.10948,1.10944,1870000,1690000
2017-06-16 14:07:29.683000,1.10947,1.10944,4310000,1310000
2017-06-16 14:07:29.992000,1.10942,1.1094,1370000,1000000
2017-06-16 14:07:30.514000,1.1094,1.10937,1310000,2100000
2017-06-16 14:07:30.619000,1.10939,1.10936,1870000,3750000
2017-06-16 14:07:30.723000,1.10937,1.10936,1870000,1500000
2017-06-16 14:07:31.185000,1.1094,1.10938,1870000,1000000
2017-06-16 14:07:31.710000,1.10941,1.10939,1690000,1000000
2017-06-16 14:07:32.268000,1.10942,1.1094,4690000,1000000
2017-06-16 14:07:32.727000,1.10943,1.10941,5250000,1000000
2017-06-16 14:07:32.880000,1.10943,1.1094,1870000,2250000
2017-06-16 14:07:32.932000,1.10945,1.10943,4690000,1000000
2017-06-16 14:07:33.433000,1.10943,1.10942,1050000,1120000
2017-06-16 14:07:33.739000,1.10945,1.10943,5140000,1000000
2017-06-16 14:07:34.049000,1.10943,1.10941,1050000,2250000
2017-06-16 14:07:34.620000,1.10944,1.10942,1000000,2250000
2017-06-16 14:07:35.479000,1.10944,1.10942,1000000,1370000
2017-06-16 14:07:35.735000,1.10942,1.10941,1310000,1120000
2017-06-16 14:07:35.786000,1.1094,1.10939,1000000,1000000
2017-06-16 14:07:36.297000,1.1094,1.10938,1000000,1120000
2017-06-16 14:07:36.811000,1.1094,1.10938,1000000,1370000
2017-06-16 14:07:38.744000,1.1094,1.10938,1000000,3000000
2017-06-16 14:07:39.126000,1.10941,1.10939,1000000,1690000
2017-06-16 14:07:39.927000,1.10942,1.1094,1000000,1120000
2017-06-16 14:07:40.235000,1.10944,1.10942,1000000,1120000
2017-06-16 14:07:40.747000,1.10944,1.10943,1000000,1000000
2017-06-16 14:07:41.014000,1.10946,1.10944,1000000,2250000
2017-06-16 14:07:41.524000,1.10945,1.10944,1000000,1120000
2017-06-16 14:07:42.037000,1.10945,1.10943,1000000,2620000
2017-06-16 14:07:42.739000,1.10946,1.10943,2620000,1870000
2017-06-16 14:07:42.793000,1.10944,1.10942,1570000,1000000
2017-06-16 14:07:42.845000,1.10942,1.1094,1000000,4310000
2017-06-16 14:07:43.052000,1.10941,1.10939,1000000,2620000
2017-06-16 14:07:43.262000,1.10942,1.1094,1870000,1000000
2017-06-16 14:07:43.335000,1.1094,1.10938,1000000,4690000
2017-06-16 14:07:43.540000,1.10941,1.10939,1000000,2440000
2017-06-16 14:07:45.061000,1.10941,1.10939,1000000,2620000
2017-06-16 14:07:45.675000,1.10942,1.10939,1000000,3370000
2017-06-16 14:07:46.191000,1.10941,1.10939,1000000,2620000
2017-06-16 14:07:46.906000,1.10942,1.10941,1000000,1120000
2017-06-16 14:07:47.777000,1.10942,1.1094,1000000,2620000
2017-06-16 14:07:48.292000,1.10941,1.10939,1000000,2620000
2017-06-16 14:07:49.397000,1.10941,1.10939,1000000,2620000
2017-06-16 14:07:49.654000,1.10942,1.10941,1000000,1000000
2017-06-16 14:07:50.201000,1.10942,1.1094,1000000,1500000
2017-06-16 14:07:50.703000,1.10942,1.1094,1000000,2250000
2017-06-16 14:07:51.215000,1.10941,1.10939,1000000,3370000
2017-06-16 14:07:51.772000,1.10941,1.10939,1000000,2620000
2017-06-16 14:07:52.283000,1.10941,1.1094,1000000,1000000
2017-06-16 14:07:53.808000,1.10936,1.10934,2350000,3260000
2017-06-16 14:07:54.125000,1.10931,1.10929,3000000,1870000
2017-06-16 14:07:54.332000,1.10934,1.10932,1120000,1120000
2017-06-16 14:07:54.905000,1.10935,1.10932,1500000,4540000
2017-06-16 14:07:54.956000,1.10936,1.10933,3750000,5290000
2017-06-16 14:07:55.265000,1.10937,1.10934,1870000,2060000
2017-06-16 14:07:55.317000,1.10938,1.10935,2700000,2060000
2017-06-16 14:07:55.651000,1.10935,1.10933,1000000,3000000
2017-06-16 14:07:56.162000,1.10938,1.10935,2810000,1120000
2017-06-16 14:07:56.316000,1.10939,1.10938,1000000,1000000
2017-06-16 14:07:56.523000,1.10941,1.10938,1120000,3750000
2017-06-16 14:07:57.036000,1.10941,1.10938,3560000,1500000
2017-06-16 14:07:57.553000,1.10942,1.10939,2630000,1120000
2017-06-16 14:07:58.072000,1.10942,1.1094,1370000,1120000
2017-06-16 14:07:58.328000,1.10941,1.10938,1310000,6370000
2017-06-16 14:07:58.845000,1.10941,1.10938,3190000,1120000
2017-06-16 14:07:59.153000,1.10938,1.10937,1870000,1000000
2017-06-16 14:07:59.681000,1.10939,1.10936,1000000,2250000
2017-06-16 14:08:00.191000,1.10938,1.10936,1000000,2620000
2017-06-16 14:08:00.765000,1.10938,1.10936,1000000,1000000
2017-06-16 14:08:01.288000,1.10937,1.10935,1000000,1870000
2017-06-16 14:08:02.461000,1.10937,1.10935,1000000,2440000
2017-06-16 14:08:03.647000,1.10937,1.10936,1000000,1120000
2017-06-16 14:08:04.138000,1.10938,1.10935,1120000,3940000
2017-06-16 14:08:04.651000,1.10937,1.10934,1000000,4500000
2017-06-16 14:08:05.184000,1.10938,1.10936,1000000,1500000
2017-06-16 14:08:05.693000,1.10937,1.10935,1000000,2170000
2017-06-16 14:08:06.363000,1.10937,1.10935,1000000,3300000
2017-06-16 14:08:06.873000,1.10938,1.10936,1000000,3370000
2017-06-16 14:08:06.977000,1.1094,1.10936,2440000,4500000
2017-06-16 14:08:07.388000,1.10939,1.10937,1000000,2620000
2017-06-16 14:08:07.931000,1.10939,1.10936,1000000,3560000
2017-06-16 14:08:08.535000,1.10938,1.10935,1870000,1190000
2017-06-16 14:08:08.586000,1.10936,1.10934,1000000,1620000
2017-06-16 14:08:09.107000,1.10937,1.10934,1120000,3560000
2017-06-16 14:08:09.557000,1.10935,1.10933,1000000,4500000
2017-06-16 14:08:10.072000,1.10935,1.10933,1120000,2060000
2017-06-16 14:08:10.645000,1.10936,1.10933,1500000,5060000
2017-06-16 14:08:11.157000,1.10935,1.10934,1000000,1250000
2017-06-16 14:08:11.311000,1.10936,1.10934,1120000,1310000
2017-06-16 14:08:12.097000,1.10935,1.10934,1000000,1310000
2017-06-16 14:08:12.812000,1.10936,1.10935,1000000,1310000
2017-06-16 14:08:12.863000,1.10937,1.10935,1000000,5290000
2017-06-16 14:08:13.369000,1.10938,1.10935,2250000,1310000
2017-06-16 14:08:13.574000,1.10934,1.10933,1000000,1870000
2017-06-16 14:08:13.627000,1.10933,1.10932,1000000,1120000
2017-06-16 14:08:13.678000,1.10933,1.1093,2250000,1000000
2017-06-16 14:08:14.601000,1.10933,1.10931,1370000,1500000
2017-06-16 14:08:15.160000,1.10934,1.10931,1370000,2810000
2017-06-16 14:08:15.211000,1.10934,1.10933,1000000,1000000
2017-06-16 14:08:15.752000,1.10935,1.10933,1370000,1000000
2017-06-16 14:08:16.060000,1.10939,1.10937,2810000,1000000
2017-06-16 14:08:16.577000,1.1094,1.10938,1500000,1000000
2017-06-16 14:08:17.092000,1.10941,1.10938,5620000,1000000
2017-06-16 14:08:17.725000,1.10941,1.10939,1870000,1000000
2017-06-16 14:08:18.234000,1.10942,1.10939,3000000,2620000
2017-06-16 14:08:18.394000,1.10943,1.10942,3370000,1000000
2017-06-16 14:08:18.906000,1.10944,1.10942,5810000,1000000
2017-06-16 14:08:19.060000,1.10945,1.10943,1690000,1000000
2017-06-16 14:08:19.576000,1.10946,1.10944,4310000,1000000
2017-06-16 14:08:19.985000,1.10944,1.10943,1000000,1120000
2017-06-16 14:08:20.531000,1.10945,1.10942,1870000,1690000
2017-06-16 14:08:20.789000,1.10946,1.10944,3560000,1000000
2017-06-16 14:08:21.523000,1.10945,1.10944,1000000,1000000
2017-06-16 14:08:21.795000,1.10948,1.10945,4500000,1120000
2017-06-16 14:08:21.846000,1.10948,1.10947,2250000,1000000
2017-06-16 14:08:21.899000,1.1095,1.10948,9750000,1870000
2017-06-16 14:08:22.434000,1.1095,1.10948,1370000,1000000
2017-06-16 14:08:22.957000,1.1095,1.10949,1120000,1000000
2017-06-16 14:08:23.167000,1.10951,1.10949,1000000,1000000
2017-06-16 14:08:23.899000,1.10952,1.1095,3000000,1000000
2017-06-16 14:08:24.155000,1.10953,1.10952,1120000,1000000
2017-06-16 14:08:24.545000,1.10951,1.10949,1120000,3190000
2017-06-16 14:08:25.009000,1.10953,1.1095,4120000,1500000
2017-06-16 14:08:25.268000,1.10954,1.10952,1120000,1000000
2017-06-16 14:08:25.651000,1.10953,1.1095,1120000,2810000
2017-06-16 14:08:26.155000,1.10954,1.10951,1500000,2250000
2017-06-16 14:08:26.666000,1.10955,1.10952,3190000,1000000
2017-06-16 14:08:27.216000,1.10955,1.10952,2440000,1120000
2017-06-16 14:08:27.527000,1.10953,1.10951,1000000,3840000
2017-06-16 14:08:27.991000,1.10954,1.10953,1120000,1000000
2017-06-16 14:08:28.095000,1.10954,1.10951,1120000,3660000
2017-06-16 14:08:28.689000,1.10954,1.10951,3370000,1410000
2017-06-16 14:08:29.226000,1.10954,1.10952,1370000,1000000
2017-06-16 14:08:29.758000,1.10954,1.10952,1120000,1250000
2017-06-16 14:08:32.585000,1.10955,1.10952,3600000,4690000
2017-06-16 14:08:32.841000,1.10955,1.10954,1000000,1250000
2017-06-16 14:08:33.033000,1.10958,1.10955,3000000,2620000
2017-06-16 14:08:33.545000,1.10957,1.10955,3000000,1000000
2017-06-16 14:08:34.053000,1.10958,1.10956,5060000,1000000
2017-06-16 14:08:34.208000,1.10956,1.10953,1950000,3560000
2017-06-16 14:08:34.310000,1.10957,1.10955,1870000,1000000
2017-06-16 14:08:34.831000,1.10956,1.10955,2250000,1000000
2017-06-16 14:08:35.342000,1.10957,1.10956,1000000,1000000
2017-06-16 14:08:36.079000,1.10956,1.10954,6560000,1250000
2017-06-16 14:08:36.233000,1.10955,1.10952,2250000,1500000
2017-06-16 14:08:37.054000,1.10954,1.10951,1000000,2620000
2017-06-16 14:08:37.360000,1.10954,1.10953,1000000,1000000
2017-06-16 14:08:37.885000,1.10954,1.10952,1500000,1000000
2017-06-16 14:08:40.004000,1.10955,1.10953,2440000,1000000
2017-06-16 14:08:40.178000,1.10956,1.10954,8440000,1120000
2017-06-16 14:08:40.231000,1.10957,1.10955,2810000,1000000
2017-06-16 14:08:40.640000,1.10957,1.10954,1500000,3000000
2017-06-16 14:08:42.817000,1.10957,1.10954,1500000,3370000
2017-06-16 14:08:43.335000,1.10958,1.10954,2750000,3370000
2017-06-16 14:08:43.846000,1.10957,1.10954,1500000,4500000
2017-06-16 14:08:44.366000,1.10957,1.10955,1500000,1000000
2017-06-16 14:08:47.427000,1.10959,1.10956,4440000,1000000
2017-06-16 14:08:47.970000,1.10958,1.10955,2000000,2240000
2017-06-16 14:08:48.123000,1.10959,1.10957,1870000,1120000
2017-06-16 14:08:48.175000,1.10959,1.10957,1000000,1870000
2017-06-16 14:08:48.686000,1.1096,1.10958,1200000,3560000
2017-06-16 14:08:49.201000,1.10961,1.10959,1070000,1000000
2017-06-16 14:08:49.711000,1.10961,1.10959,1120000,1120000
2017-06-16 14:08:50.790000,1.10957,1.10956,3000000,11810000
2017-06-16 14:08:50.896000,1.10955,1.10952,1120000,1500000
2017-06-16 14:08:51.423000,1.10954,1.10951,2060000,1870000
2017-06-16 14:08:51.984000,1.10954,1.10951,1310000,2620000
2017-06-16 14:08:52.489000,1.10953,1.10951,1000000,2060000
2017-06-16 14:08:54.320000,1.10954,1.10951,3190000,2890000
2017-06-16 14:08:55.509000,1.10953,1.10951,1500000,2890000
2017-06-16 14:08:55.613000,1.10951,1.1095,2250000,2510000
2017-06-16 14:08:55.770000,1.1095,1.10948,1000000,1120000
2017-06-16 14:08:56.283000,1.10949,1.10946,1120000,3750000
2017-06-16 14:08:56.438000,1.10948,1.10945,2060000,1870000
2017-06-16 14:08:57.002000,1.10947,1.10945,1000000,1500000
2017-06-16 14:08:58.025000,1.10947,1.10945,1000000,1870000
2017-06-16 14:08:58.395000,1.10942,1.1094,3560000,10500000
2017-06-16 14:08:58.907000,1.10941,1.10939,1250000,1000000
2017-06-16 14:08:59.429000,1.1094,1.10938,1310000,1000000
2017-06-16 14:08:59.736000,1.10941,1.1094,1120000,1000000
2017-06-16 14:09:00.257000,1.10942,1.1094,1690000,1120000
2017-06-16 14:09:00.564000,1.10944,1.10942,1310000,1000000
2017-06-16 14:09:01.158000,1.10947,1.10944,6190000,1000000
2017-06-16 14:09:01.210000,1.10948,1.10945,4310000,1000000
2017-06-16 14:09:01.723000,1.10948,1.10944,2810000,4310000
2017-06-16 14:09:02.265000,1.10948,1.10945,2810000,1120000
2017-06-16 14:09:02.368000,1.10945,1.10944,1250000,2060000
2017-06-16 14:09:02.638000,1.10936,1.10933,2810000,1120000
2017-06-16 14:09:03.057000,1.10936,1.10934,2620000,4720000
2017-06-16 14:09:03.162000,1.10948,1.10945,1870000,1870000
2017-06-16 14:09:03.264000,1.10948,1.10946,6000000,1690000
2017-06-16 14:09:03.524000,1.10949,1.10946,1870000,2440000
2017-06-16 14:09:03.697000,1.10949,1.10946,2060000,1000000
2017-06-16 14:09:03.903000,1.10952,1.1095,1000000,1870000
2017-06-16 14:09:04.301000,1.10954,1.10952,2510000,1000000
2017-06-16 14:09:04.812000,1.10955,1.10952,2980000,1120000
2017-06-16 14:09:05.315000,1.10953,1.10951,1000000,3000000
2017-06-16 14:09:06.120000,1.10953,1.10951,1000000,2250000
2017-06-16 14:09:06.806000,1.10952,1.10951,1000000,1500000
2017-06-16 14:09:07.607000,1.10951,1.1095,1000000,1500000
2017-06-16 14:09:07.710000,1.10951,1.10948,4690000,4500000
2017-06-16 14:09:07.762000,1.10947,1.10946,1120000,1120000
2017-06-16 14:09:07.814000,1.10947,1.10945,1120000,4690000
2017-06-16 14:09:08.388000,1.10947,1.10945,1000000,4310000
2017-06-16 14:09:10.910000,1.10949,1.10947,1610000,2620000
2017-06-16 14:09:11.421000,1.10949,1.10946,1000000,4690000
2017-06-16 14:09:12.051000,1.10948,1.10946,1500000,1250000
2017-06-16 14:09:13.104000,1.10948,1.10946,1000000,1560000
2017-06-16 14:09:13.633000,1.10948,1.10945,1500000,6900000
2017-06-16 14:09:14.161000,1.10946,1.10944,1000000,4120000
2017-06-16 14:09:14.696000,1.10947,1.10944,1120000,2060000
2017-06-16 14:09:15.208000,1.10946,1.10944,1000000,2060000
2017-06-16 14:09:15.721000,1.10947,1.10945,1120000,1310000
2017-06-16 14:09:16.308000,1.10947,1.10945,1120000,1620000
2017-06-16 14:09:20.554000,1.10947,1.10945,1000000,2060000
2017-06-16 14:09:21.976000,1.10946,1.10943,1500000,5440000
2017-06-16 14:09:22.079000,1.10944,1.10943,1120000,1120000
2017-06-16 14:09:22.591000,1.10946,1.10943,4310000,1870000
2017-06-16 14:09:23.141000,1.10946,1.10944,1690000,1120000
2017-06-16 14:09:23.911000,1.10946,1.10944,1310000,1120000
2017-06-16 14:09:24.342000,1.10947,1.10945,1000000,1870000
2017-06-16 14:09:25.209000,1.10948,1.10945,1120000,2850000
2017-06-16 14:09:25.722000,1.10947,1.10946,1000000,1120000
2017-06-16 14:09:26.239000,1.10948,1.10946,1120000,1870000
2017-06-16 14:09:27.585000,1.10948,1.10946,1120000,1300000
2017-06-16 14:09:28.397000,1.10947,1.10946,1000000,1350000
2017-06-16 14:09:28.899000,1.10948,1.10945,1120000,1220000
2017-06-16 14:09:30.771000,1.10948,1.10947,1120000,1000000
2017-06-16 14:09:31.280000,1.10948,1.10946,1120000,1000000
2017-06-16 14:09:32.256000,1.10949,1.10947,1120000,1000000
2017-06-16 14:09:32.716000,1.10951,1.10948,1350000,6000000
2017-06-16 14:09:33.388000,1.10951,1.10949,1120000,1000000
2017-06-16 14:09:35.931000,1.1095,1.10948,1000000,1560000
2017-06-16 14:09:37.354000,1.10951,1.10949,1500000,1310000
2017-06-16 14:09:37.916000,1.1095,1.10947,3370000,3190000
2017-06-16 14:09:37.967000,1.10948,1.10946,1000000,3370000
2017-06-16 14:09:38.122000,1.10947,1.10945,3750000,2620000
2017-06-16 14:09:38.226000,1.10946,1.10944,2440000,1120000
2017-06-16 14:09:38.278000,1.10946,1.10943,3190000,3370000
2017-06-16 14:09:38.383000,1.10943,1.10941,1500000,2250000
2017-06-16 14:09:38.865000,1.10941,1.1094,1000000,1120000
2017-06-16 14:09:39.121000,1.1094,1.10938,1120000,1120000
2017-06-16 14:09:40.651000,1.10941,1.10939,3000000,1000000
2017-06-16 14:09:41.649000,1.10941,1.10939,1690000,1500000
2017-06-16 14:09:42.217000,1.10941,1.1094,1690000,1000000
2017-06-16 14:09:44.226000,1.1094,1.10938,3940000,1690000
2017-06-16 14:09:44.278000,1.10938,1.10935,2810000,1870000
2017-06-16 14:09:44.432000,1.10938,1.10935,2810000,1120000
2017-06-16 14:09:45.006000,1.10938,1.10937,3190000,1250000
2017-06-16 14:09:45.263000,1.10941,1.10939,2660000,1000000
2017-06-16 14:09:45.366000,1.1094,1.10938,1190000,1120000
2017-06-16 14:09:45.876000,1.10939,1.10936,1250000,2740000
2017-06-16 14:09:46.382000,1.1094,1.10937,2440000,3000000
2017-06-16 14:09:46.650000,1.10941,1.10938,3040000,1120000
2017-06-16 14:09:47.215000,1.1094,1.10937,1000000,2810000
2017-06-16 14:09:47.947000,1.1094,1.10938,1000000,2060000
2017-06-16 14:09:48.469000,1.10941,1.10938,1050000,2060000
2017-06-16 14:09:49.248000,1.1094,1.10938,1000000,1620000
2017-06-16 14:09:49.915000,1.10941,1.10939,1350000,1870000
2017-06-16 14:09:50.291000,1.10945,1.10943,2250000,1370000
2017-06-16 14:09:50.800000,1.10945,1.10943,1870000,1370000
2017-06-16 14:09:51.789000,1.10945,1.10942,1690000,2960000
2017-06-16 14:09:52.096000,1.10943,1.10941,2440000,1340000
2017-06-16 14:09:52.469000,1.10942,1.10939,1870000,2250000
2017-06-16 14:09:53.846000,1.10943,1.10941,1690000,1120000
2017-06-16 14:09:54.349000,1.10943,1.10941,2060000,1000000
2017-06-16 14:09:54.859000,1.10943,1.1094,6560000,1310000
2017-06-16 14:09:56.806000,1.10946,1.10944,2810000,3100000
2017-06-16 14:09:56.858000,1.10949,1.10947,1690000,1720000
2017-06-16 14:09:57.229000,1.10948,1.10944,4690000,2620000
2017-06-16 14:09:58.214000,1.10948,1.10945,2440000,1390000
2017-06-16 14:09:59.256000,1.10947,1.10945,1260000,1120000
2017-06-16 14:09:59.789000,1.10947,1.10944,1630000,2160000
2017-06-16 14:10:01.642000,1.10946,1.10944,1000000,1410000
2017-06-16 14:10:02.175000,1.10947,1.10944,2250000,1410000
2017-06-16 14:10:02.943000,1.10947,1.10944,2250000,1430000
2017-06-16 14:10:04.017000,1.10948,1.10945,1500000,3030000
2017-06-16 14:10:04.531000,1.10948,1.10944,3000000,2620000
2017-06-16 14:10:05.260000,1.10948,1.10944,4120000,2620000
2017-06-16 14:10:05.761000,1.10947,1.10944,1120000,1560000
2017-06-16 14:10:08.043000,1.10946,1.10944,1000000,1310000
2017-06-16 14:10:10.469000,1.10948,1.10946,1500000,3600000
2017-06-16 14:10:10.573000,1.1095,1.10948,1000000,1120000
2017-06-16 14:10:11.085000,1.1095,1.10949,1000000,1120000
2017-06-16 14:10:12.566000,1.10951,1.10948,1120000,1870000
2017-06-16 14:10:13.552000,1.10951,1.10948,2250000,1620000
2017-06-16 14:10:14.075000,1.1095,1.10949,1000000,1310000
2017-06-16 14:10:14.179000,1.10952,1.10949,3750000,2060000
2017-06-16 14:10:14.734000,1.10952,1.1095,1870000,1500000
2017-06-16 14:10:15.338000,1.1095,1.10949,4500000,1000000
2017-06-16 14:10:15.641000,1.10952,1.10949,6000000,1000000
2017-06-16 14:10:15.847000,1.10954,1.10952,5440000,1000000
2017-06-16 14:10:16.462000,1.10954,1.10951,2440000,1120000
2017-06-16 14:10:16.821000,1.10955,1.10953,5810000,1000000
2017-06-16 14:10:16.872000,1.10955,1.10952,2440000,1120000
2017-06-16 14:10:16.924000,1.10955,1.10953,2440000,1000000
2017-06-16 14:10:17.383000,1.10955,1.10952,1250000,3000000
2017-06-16 14:10:17.485000,1.10955,1.10953,1250000,1000000
2017-06-16 14:10:18,1.10955,1.10952,1000000,5440000
2017-06-16 14:10:18.172000,1.10956,1.10954,1380000,4350000
2017-06-16 14:10:18.483000,1.10959,1.10957,1120000,1000000
2017-06-16 14:10:19.016000,1.10959,1.10955,2700000,5060000
2017-06-16 14:10:19.294000,1.10956,1.10954,3370000,1870000
2017-06-16 14:10:19.600000,1.10954,1.10952,1370000,1000000
2017-06-16 14:10:20.125000,1.10953,1.1095,1120000,6940000
2017-06-16 14:10:20.433000,1.10956,1.10954,4690000,1000000
2017-06-16 14:10:20.936000,1.10956,1.10955,3000000,1000000
2017-06-16 14:10:21.245000,1.1096,1.10958,3940000,1000000
2017-06-16 14:10:21.501000,1.10958,1.10956,1000000,1120000
2017-06-16 14:10:21.882000,1.1096,1.10957,1690000,1870000
2017-06-16 14:10:22.139000,1.10961,1.10959,2440000,1000000
2017-06-16 14:10:22.242000,1.10961,1.10958,3190000,1500000
2017-06-16 14:10:22.346000,1.10961,1.10959,5440000,1000000
2017-06-16 14:10:22.865000,1.10961,1.1096,2440000,1000000
2017-06-16 14:10:23.353000,1.10961,1.10958,1690000,2620000
2017-06-16 14:10:23.559000,1.10962,1.1096,11440000,1000000
2017-06-16 14:10:23.997000,1.10964,1.1096,3190000,1870000
2017-06-16 14:10:24.201000,1.10962,1.10959,3000000,5060000
2017-06-16 14:10:24.407000,1.10964,1.10962,6190000,1000000
2017-06-16 14:10:24.552000,1.10963,1.10961,1120000,1000000
2017-06-16 14:10:24.605000,1.10964,1.10963,1000000,1000000
2017-06-16 14:10:25.013000,1.10966,1.10965,1000000,1000000
2017-06-16 14:10:25.524000,1.10966,1.10964,1000000,1870000
2017-06-16 14:10:26.048000,1.10967,1.10964,1870000,4500000
2017-06-16 14:10:26.713000,1.10967,1.10964,1370000,3190000
2017-06-16 14:10:27.296000,1.10968,1.10967,1120000,1000000
2017-06-16 14:10:27.552000,1.10967,1.10964,1870000,2060000
2017-06-16 14:10:28.556000,1.10967,1.10966,1870000,1000000
2017-06-16 14:10:29.105000,1.10967,1.10964,2620000,2060000
2017-06-16 14:10:30.622000,1.10963,1.10962,1500000,7870000
2017-06-16 14:10:30.776000,1.10963,1.1096,2620000,2250000
2017-06-16 14:10:31.300000,1.10963,1.10961,1270000,1000000
2017-06-16 14:10:31.455000,1.10964,1.10962,2440000,1000000
2017-06-16 14:10:31.610000,1.10966,1.10964,4650000,1000000
2017-06-16 14:10:32.123000,1.10965,1.10963,1840000,1000000
2017-06-16 14:10:32.225000,1.10966,1.10964,2060000,1000000
2017-06-16 14:10:33.474000,1.10965,1.10963,1120000,1870000
2017-06-16 14:10:33.884000,1.10964,1.10962,2250000,5620000
2017-06-16 14:10:34.171000,1.10966,1.10963,3000000,1120000
2017-06-16 14:10:34.426000,1.10966,1.10965,1500000,1000000
2017-06-16 14:10:34.784000,1.10966,1.10963,1120000,2060000
2017-06-16 14:10:35.040000,1.10964,1.10961,1870000,4870000
2017-06-16 14:10:35.609000,1.10962,1.10961,1000000,1120000
2017-06-16 14:10:35.661000,1.10962,1.1096,4310000,1500000
2017-06-16 14:10:36.098000,1.10959,1.10958,1000000,3370000
2017-06-16 14:10:36.611000,1.10959,1.10957,1000000,1120000
2017-06-16 14:10:37.131000,1.10959,1.10958,1870000,1000000
2017-06-16 14:10:37.895000,1.10959,1.10957,1120000,1000000
2017-06-16 14:10:38.405000,1.10959,1.10956,1120000,3190000
2017-06-16 14:10:39.230000,1.10957,1.10956,1690000,1120000
2017-06-16 14:10:39.541000,1.10948,1.10946,1870000,1000000
2017-06-16 14:10:40.078000,1.10944,1.10943,3860000,1120000
2017-06-16 14:10:40.129000,1.10944,1.10942,5170000,7870000
2017-06-16 14:10:40.435000,1.10944,1.1094,4800000,2620000
2017-06-16 14:10:40.631000,1.10944,1.10942,4050000,1000000
2017-06-16 14:10:41.607000,1.10944,1.10943,5210000,1000000
2017-06-16 14:10:41.659000,1.10949,1.10946,5810000,1000000
2017-06-16 14:10:41.812000,1.10949,1.10948,1500000,1000000
2017-06-16 14:10:42.326000,1.10949,1.10947,1120000,1000000
2017-06-16 14:10:43.110000,1.10946,1.10945,1500000,3750000
2017-06-16 14:10:43.260000,1.10943,1.10942,1500000,1500000
2017-06-16 14:10:43.416000,1.10942,1.1094,1370000,1870000
2017-06-16 14:10:43.928000,1.10942,1.1094,3600000,1000000
2017-06-16 14:10:44.436000,1.10942,1.10939,5810000,1000000
2017-06-16 14:10:44.796000,1.10938,1.10937,1240000,1000000
2017-06-16 14:10:44.848000,1.10937,1.10935,1620000,4120000
2017-06-16 14:10:45.064000,1.10938,1.10936,3940000,1000000
2017-06-16 14:10:45.217000,1.10937,1.10935,1620000,1000000
2017-06-16 14:10:45.732000,1.10937,1.10934,4310000,1120000
2017-06-16 14:10:46.406000,1.10937,1.10936,1300000,2250000
2017-06-16 14:10:46.509000,1.1094,1.10937,3190000,1120000
2017-06-16 14:10:46.817000,1.1094,1.10938,1500000,1000000
2017-06-16 14:10:47.430000,1.10942,1.10939,2620000,1000000
2017-06-16 14:10:47.738000,1.10938,1.10937,1000000,1000000
2017-06-16 14:10:48.092000,1.10941,1.10939,4500000,1000000
2017-06-16 14:10:48.807000,1.10941,1.10938,3220000,1120000
2017-06-16 14:10:49.124000,1.10942,1.1094,3000000,1000000
2017-06-16 14:10:49.638000,1.10942,1.1094,2250000,1000000
2017-06-16 14:10:53.411000,1.10941,1.10939,1120000,2250000
2017-06-16 14:10:53.938000,1.10941,1.1094,1500000,1000000
2017-06-16 14:10:56.026000,1.10942,1.1094,2250000,1000000
2017-06-16 14:10:56.536000,1.10943,1.10941,6000000,1000000
2017-06-16 14:10:57.392000,1.10942,1.10941,1870000,1000000
2017-06-16 14:10:58.175000,1.10943,1.10941,2250000,1000000
2017-06-16 14:10:58.695000,1.10943,1.10942,1000000,1000000
2017-06-16 14:10:58.747000,1.10942,1.1094,2250000,1870000
2017-06-16 14:10:58.850000,1.10939,1.10937,1870000,4120000
2017-06-16 14:10:59.156000,1.1094,1.10939,1000000,1000000
2017-06-16 14:10:59.664000,1.10939,1.10937,1000000,4310000
2017-06-16 14:10:59.870000,1.1094,1.10939,1120000,1000000
2017-06-16 14:11:00.330000,1.10938,1.10936,1870000,2250000
2017-06-16 14:11:00.850000,1.10939,1.10938,1000000,1000000
2017-06-16 14:11:01.387000,1.10939,1.10937,1500000,1000000
2017-06-16 14:11:01.986000,1.10939,1.10936,1800000,3190000
2017-06-16 14:11:02.488000,1.10939,1.10937,1500000,1000000
2017-06-16 14:11:03.073000,1.1094,1.10938,3000000,1000000
2017-06-16 14:11:03.702000,1.10939,1.10937,1120000,1000000
2017-06-16 14:11:04.310000,1.1094,1.10938,1500000,2060000
2017-06-16 14:11:04.625000,1.10939,1.10937,5250000,1000000
2017-06-16 14:11:04.728000,1.1094,1.10938,1500000,1000000
2017-06-16 14:11:05.254000,1.10939,1.10936,2620000,2440000
2017-06-16 14:11:07.131000,1.10939,1.10936,4500000,2810000
2017-06-16 14:11:07.434000,1.1094,1.10939,1120000,1000000
2017-06-16 14:11:07.640000,1.10939,1.10937,2250000,1000000
2017-06-16 14:11:08.494000,1.10941,1.10938,3750000,1000000
2017-06-16 14:11:08.650000,1.10938,1.10937,1000000,1870000
2017-06-16 14:11:08.858000,1.10937,1.10934,3000000,2250000
2017-06-16 14:11:11.545000,1.10935,1.10934,1000000,1500000
2017-06-16 14:11:12.085000,1.10935,1.10934,1500000,1000000
2017-06-16 14:11:13.139000,1.10934,1.10933,1000000,1500000
2017-06-16 14:11:13.293000,1.10931,1.10929,1000000,8810000
2017-06-16 14:11:13.447000,1.1093,1.10927,1120000,3190000
2017-06-16 14:11:13.795000,1.1093,1.10926,4500000,3940000
2017-06-16 14:11:14.482000,1.10929,1.10926,1370000,4690000
2017-06-16 14:11:15.046000,1.10928,1.10927,1500000,1000000
2017-06-16 14:11:17.820000,1.1093,1.10928,6000000,1000000
2017-06-16 14:11:17.922000,1.10931,1.1093,1000000,1000000
2017-06-16 14:11:18.432000,1.10931,1.10929,1870000,1500000
2017-06-16 14:11:18.943000,1.10931,1.1093,1000000,1000000
2017-06-16 14:11:19.494000,1.10931,1.10929,6370000,1000000
2017-06-16 14:11:20.128000,1.10931,1.1093,1000000,1000000
2017-06-16 14:11:20.641000,1.10934,1.10932,4870000,1000000
2017-06-16 14:11:21.112000,1.10933,1.10931,1500000,1000000
2017-06-16 14:11:21.623000,1.10931,1.1093,9000000,1000000
2017-06-16 14:11:21.674000,1.1093,1.10929,1120000,1000000
2017-06-16 14:11:22.577000,1.10931,1.10929,7870000,1000000
2017-06-16 14:11:23.174000,1.10931,1.1093,1000000,1000000
2017-06-16 14:11:23.687000,1.1093,1.10929,1120000,1500000
2017-06-16 14:11:24.279000,1.10931,1.1093,1500000,1000000
2017-06-16 14:11:24.790000,1.1093,1.10929,1540000,1000000
2017-06-16 14:11:25.099000,1.1094,1.10938,3370000,1000000
2017-06-16 14:11:25.350000,1.10944,1.10943,1500000,1000000
2017-06-16 14:11:25.401000,1.10949,1.10947,1870000,1000000
2017-06-16 14:11:25.762000,1.1095,1.10949,3220000,2620000
2017-06-16 14:11:25.865000,1.10948,1.10945,1500000,3750000
2017-06-16 14:11:26.081000,1.10948,1.10946,1500000,1000000
2017-06-16 14:11:26.599000,1.10949,1.10946,2620000,1500000
2017-06-16 14:11:27.120000,1.10949,1.10946,3750000,1120000
2017-06-16 14:11:27.589000,1.10947,1.10945,1000000,3190000
2017-06-16 14:11:28.381000,1.10945,1.10944,1000000,1870000
2017-06-16 14:11:28.432000,1.10943,1.10942,1000000,1120000
2017-06-16 14:11:28.740000,1.10946,1.10944,4120000,1000000
2017-06-16 14:11:29.129000,1.10943,1.10941,1000000,7690000
2017-06-16 14:11:29.183000,1.10948,1.10945,1000000,3640000
2017-06-16 14:11:30.577000,1.10947,1.10946,1000000,1000000
2017-06-16 14:11:31.090000,1.10947,1.10944,1000000,2810000
2017-06-16 14:11:31.722000,1.10946,1.10944,1000000,2810000
2017-06-16 14:11:32.304000,1.10946,1.10944,1000000,1690000
2017-06-16 14:11:32.625000,1.10942,1.10939,1870000,2810000
2017-06-16 14:11:32.983000,1.1094,1.10938,1000000,1690000
2017-06-16 14:11:33.542000,1.10941,1.10938,1000000,3940000
2017-06-16 14:11:34.617000,1.10942,1.10939,1500000,2060000
2017-06-16 14:11:34.925000,1.10945,1.10944,1000000,1000000
2017-06-16 14:11:35.285000,1.10942,1.1094,1120000,2810000
2017-06-16 14:11:35.734000,1.10944,1.10942,3000000,2060000
2017-06-16 14:11:36.298000,1.10944,1.10943,1000000,1000000
2017-06-16 14:11:36.503000,1.10942,1.1094,1000000,3560000
2017-06-16 14:11:36.976000,1.1094,1.10938,1120000,1250000
2017-06-16 14:11:37.030000,1.10939,1.10937,1000000,2060000
2017-06-16 14:11:37.541000,1.10939,1.10937,1500000,2440000
2017-06-16 14:11:37.748000,1.10936,1.10935,1000000,1120000
2017-06-16 14:11:37.799000,1.10935,1.10933,1120000,5440000
2017-06-16 14:11:38.382000,1.10936,1.10933,2610000,2060000
2017-06-16 14:11:40.463000,1.10937,1.10934,7570000,2250000
2017-06-16 14:11:40.541000,1.10939,1.10937,3000000,2250000
2017-06-16 14:11:41.437000,1.10937,1.10934,1370000,3940000
2017-06-16 14:11:41.998000,1.10939,1.10937,5320000,1000000
2017-06-16 14:11:42.528000,1.10941,1.10937,4870000,3940000
2017-06-16 14:11:42.939000,1.10944,1.10943,7500000,1250000
2017-06-16 14:11:43.042000,1.10945,1.10944,4120000,1120000
2017-06-16 14:11:43.403000,1.10942,1.1094,1370000,1690000
2017-06-16 14:11:43.455000,1.10942,1.10939,1370000,3190000
2017-06-16 14:11:43.507000,1.10942,1.1094,1000000,2810000
2017-06-16 14:11:43.764000,1.10945,1.10943,3000000,1120000
2017-06-16 14:11:44.175000,1.10946,1.10943,12750000,1870000
2017-06-16 14:11:44.278000,1.10947,1.10943,6370000,3370000
2017-06-16 14:11:44.832000,1.10947,1.10944,3000000,1870000
2017-06-16 14:11:45.531000,1.10946,1.10945,1000000,1120000
2017-06-16 14:11:45.583000,1.10949,1.10947,10570000,2850000
2017-06-16 14:11:45.688000,1.10952,1.10949,8810000,1120000
2017-06-16 14:11:46.315000,1.10951,1.10949,1000000,1870000
2017-06-16 14:11:46.829000,1.10952,1.10949,2810000,1120000
2017-06-16 14:11:47.085000,1.10949,1.10947,1000000,1870000
2017-06-16 14:11:47.137000,1.10948,1.10945,1120000,2810000
2017-06-16 14:11:47.580000,1.10949,1.10946,1750000,1500000
2017-06-16 14:11:47.990000,1.10948,1.10945,2620000,2060000
2017-06-16 14:11:48.143000,1.10947,1.10944,2060000,1120000
2017-06-16 14:11:49.718000,1.10946,1.10945,1000000,1120000
2017-06-16 14:11:49.769000,1.10948,1.10946,4120000,1870000
2017-06-16 14:11:49.924000,1.1095,1.10949,5060000,1000000
2017-06-16 14:11:50.143000,1.10952,1.10949,5620000,1120000
2017-06-16 14:11:50.354000,1.1095,1.10948,2060000,1500000
2017-06-16 14:11:51.019000,1.1095,1.10949,1570000,1000000
2017-06-16 14:11:51.122000,1.10952,1.10949,2620000,1870000
2017-06-16 14:11:51.590000,1.1095,1.10948,1870000,1120000
2017-06-16 14:11:51.692000,1.10949,1.10946,2060000,1120000
2017-06-16 14:11:52.252000,1.10949,1.10946,2320000,1120000
2017-06-16 14:11:52.765000,1.10949,1.10947,1120000,1120000
2017-06-16 14:11:52.868000,1.10948,1.10945,2250000,1120000
2017-06-16 14:11:53.395000,1.10948,1.10946,1000000,1120000
2017-06-16 14:11:53.907000,1.10949,1.10946,1120000,2440000
2017-06-16 14:11:54.435000,1.10948,1.10946,1250000,1870000
2017-06-16 14:11:54.539000,1.10947,1.10944,1120000,1120000
2017-06-16 14:11:56.014000,1.10945,1.10943,1000000,2250000
2017-06-16 14:11:56.330000,1.10943,1.1094,1120000,2620000
2017-06-16 14:11:56.844000,1.10942,1.1094,1120000,1870000
2017-06-16 14:11:57.370000,1.10942,1.1094,1000000,1870000
2017-06-16 14:11:58.469000,1.10942,1.1094,1000000,1120000
2017-06-16 14:11:58.841000,1.10941,1.10938,1500000,1690000
2017-06-16 14:11:59.097000,1.10941,1.1094,1500000,1000000
2017-06-16 14:11:59.404000,1.1094,1.10938,1000000,1120000
2017-06-16 14:11:59.661000,1.10938,1.10936,1000000,4870000
2017-06-16 14:12:00.205000,1.10938,1.10937,1000000,1120000
2017-06-16 14:12:00.740000,1.10938,1.10936,1000000,3190000
2017-06-16 14:12:01.422000,1.10937,1.10935,1000000,3190000
2017-06-16 14:12:01.577000,1.10934,1.10932,1000000,2250000
2017-06-16 14:12:02.104000,1.10933,1.10931,1000000,1500000
2017-06-16 14:12:02.635000,1.10933,1.10931,1000000,1870000
2017-06-16 14:12:04.020000,1.10934,1.10933,2620000,1120000
2017-06-16 14:12:04.123000,1.10935,1.10933,1000000,1000000
2017-06-16 14:12:05.714000,1.10934,1.10932,1000000,2440000
2017-06-16 14:12:06.234000,1.10933,1.10932,1000000,1870000
2017-06-16 14:12:08.831000,1.10935,1.10933,1120000,1120000
2017-06-16 14:12:09.253000,1.10936,1.10935,1000000,1000000
2017-06-16 14:12:09.679000,1.10935,1.10933,1000000,1690000
2017-06-16 14:12:10.192000,1.10936,1.10934,1000000,2620000
2017-06-16 14:12:10.820000,1.10937,1.10935,1000000,2250000
2017-06-16 14:12:11.428000,1.10938,1.10936,1000000,3190000
2017-06-16 14:12:11.839000,1.10939,1.10937,1000000,1870000
2017-06-16 14:12:11.891000,1.10941,1.1094,2250000,1000000
2017-06-16 14:12:12.401000,1.10942,1.1094,1000000,2250000
2017-06-16 14:12:12.667000,1.10941,1.10939,1000000,2250000
2017-06-16 14:12:13.429000,1.1094,1.10938,1000000,2810000
2017-06-16 14:12:13.583000,1.10941,1.10938,1870000,2060000
2017-06-16 14:12:13.954000,1.1094,1.10938,1000000,2060000
2017-06-16 14:12:15.136000,1.10939,1.10937,4910000,1000000
2017-06-16 14:12:15.189000,1.10937,1.10935,1000000,1500000
2017-06-16 14:12:15.720000,1.10937,1.10936,1000000,2060000
2017-06-16 14:12:16.246000,1.10938,1.10937,1000000,1120000
2017-06-16 14:12:17.976000,1.10939,1.10937,1120000,1870000
2017-06-16 14:12:18.721000,1.1094,1.10939,1000000,1120000
2017-06-16 14:12:19.083000,1.10938,1.10936,1250000,2810000
2017-06-16 14:12:19.185000,1.10935,1.10934,1000000,1120000
2017-06-16 14:12:19.692000,1.10934,1.10933,1000000,1120000
2017-06-16 14:12:22.018000,1.10937,1.10936,2620000,1250000
2017-06-16 14:12:22.533000,1.10937,1.10935,1000000,1500000
2017-06-16 14:12:22.842000,1.10939,1.10938,1000000,1120000
2017-06-16 14:12:24.418000,1.10939,1.10936,2440000,2810000
2017-06-16 14:12:24.956000,1.10938,1.10937,1000000,1120000
2017-06-16 14:12:25.470000,1.10939,1.10938,1000000,1120000
2017-06-16 14:12:26.460000,1.1094,1.10939,1500000,1000000
2017-06-16 14:12:26.985000,1.10941,1.10939,1000000,2620000
2017-06-16 14:12:27.497000,1.1094,1.10938,1000000,1870000
2017-06-16 14:12:28.322000,1.10939,1.10937,1000000,3750000
2017-06-16 14:12:28.527000,1.10941,1.10938,2060000,1870000
2017-06-16 14:12:29.210000,1.1094,1.10939,1000000,1500000
2017-06-16 14:12:29.313000,1.10947,1.10945,6560000,1370000
2017-06-16 14:12:29.481000,1.10949,1.10947,1250000,2470000
2017-06-16 14:12:29.532000,1.1095,1.10948,1000000,6410000
2017-06-16 14:12:29.584000,1.10951,1.10949,1000000,1870000
2017-06-16 14:12:30.533000,1.1095,1.10949,2620000,1500000
2017-06-16 14:12:30.585000,1.1095,1.10946,6560000,1870000
2017-06-16 14:12:30.636000,1.10948,1.10946,1000000,1500000
2017-06-16 14:12:31.150000,1.10947,1.10945,1000000,3190000
2017-06-16 14:12:31.453000,1.10949,1.10947,3000000,2620000
2017-06-16 14:12:31.972000,1.1095,1.10948,1310000,2620000
2017-06-16 14:12:32.228000,1.10947,1.10945,1000000,2060000
2017-06-16 14:12:32.729000,1.10949,1.10947,1120000,1370000
2017-06-16 14:12:33.241000,1.10949,1.10947,1000000,2250000
2017-06-16 14:12:33.673000,1.1095,1.10949,1000000,1000000
2017-06-16 14:12:34.081000,1.10951,1.10949,1000000,1620000
2017-06-16 14:12:34.589000,1.10951,1.10949,1000000,1690000
2017-06-16 14:12:35.131000,1.10952,1.1095,1000000,1000000
2017-06-16 14:12:35.763000,1.10951,1.10949,1000000,2440000
2017-06-16 14:12:36.742000,1.10952,1.1095,1000000,1000000
2017-06-16 14:12:41.361000,1.10951,1.10949,1000000,1870000
2017-06-16 14:12:41.898000,1.10951,1.1095,1000000,1000000
2017-06-16 14:12:42.408000,1.10951,1.10949,1000000,3000000
2017-06-16 14:12:43.428000,1.10953,1.10952,2250000,1000000
2017-06-16 14:12:44.933000,1.10955,1.10953,1500000,3600000
2017-06-16 14:12:45.036000,1.10956,1.10954,1120000,3190000
2017-06-16 14:12:45.243000,1.10955,1.10953,1000000,3000000
2017-06-16 14:12:45.691000,1.10958,1.10957,3750000,1000000
2017-06-16 14:12:45.947000,1.10963,1.1096,4690000,1500000
2017-06-16 14:12:45.998000,1.10961,1.10958,1250000,2250000
2017-06-16 14:12:46.050000,1.10959,1.10957,1000000,2620000
2017-06-16 14:12:47.022000,1.10958,1.10956,1000000,3750000
2017-06-16 14:12:47.310000,1.10957,1.10955,1000000,1500000
2017-06-16 14:12:47.362000,1.10956,1.10954,1000000,4500000
2017-06-16 14:12:47.465000,1.10957,1.10955,1000000,1500000
2017-06-16 14:12:47.977000,1.10957,1.10955,1000000,2620000
2017-06-16 14:12:48.080000,1.10955,1.10953,1000000,1870000
2017-06-16 14:12:48.582000,1.10956,1.10953,1690000,3750000
2017-06-16 14:12:48.633000,1.10956,1.10954,1000000,2620000
2017-06-16 14:12:49.146000,1.10957,1.10955,1000000,1000000
2017-06-16 14:12:49.448000,1.10956,1.10954,1000000,1870000
2017-06-16 14:12:49.655000,1.10954,1.10952,1000000,1500000
2017-06-16 14:12:50.174000,1.10953,1.10951,1000000,1500000
2017-06-16 14:12:51.761000,1.10952,1.1095,1000000,2250000
2017-06-16 14:12:52.843000,1.10952,1.10951,1000000,1500000
2017-06-16 14:12:53.050000,1.10954,1.10952,1870000,1250000
2017-06-16 14:12:53.588000,1.10955,1.10953,1000000,1120000
2017-06-16 14:12:53.639000,1.10956,1.10953,1500000,1120000
2017-06-16 14:12:53.876000,1.10953,1.10951,1000000,3750000
2017-06-16 14:12:54.387000,1.10951,1.10949,1000000,2250000
2017-06-16 14:12:54.439000,1.10952,1.1095,1000000,1370000
2017-06-16 14:12:54.541000,1.10954,1.10953,6000000,1870000
2017-06-16 14:12:54.824000,1.10953,1.10952,1000000,1000000
2017-06-16 14:12:55.130000,1.10952,1.10949,1000000,6000000
2017-06-16 14:12:56.066000,1.10951,1.10949,1000000,2620000
2017-06-16 14:12:56.118000,1.1095,1.10948,1000000,1500000
2017-06-16 14:12:56.629000,1.10951,1.10949,1000000,1870000
2017-06-16 14:12:56.782000,1.10952,1.10949,1310000,1870000
2017-06-16 14:12:57.004000,1.1095,1.10947,1310000,2250000
2017-06-16 14:12:57.312000,1.10945,1.10943,1000000,3000000
2017-06-16 14:12:57.844000,1.10946,1.10943,1000000,1870000
2017-06-16 14:12:59.606000,1.10945,1.10943,1000000,1500000
2017-06-16 14:13:00.117000,1.10946,1.10943,1000000,1870000
2017-06-16 14:13:02.136000,1.10947,1.10944,1250000,2620000
2017-06-16 14:13:02.646000,1.10946,1.10944,1000000,1500000
2017-06-16 14:13:04.670000,1.10948,1.10946,3370000,1120000
2017-06-16 14:13:05.029000,1.10947,1.10944,1870000,1000000
2017-06-16 14:13:05.339000,1.10945,1.10943,1000000,1870000
2017-06-16 14:13:05.877000,1.10944,1.10943,1000000,1000000
2017-06-16 14:13:06.283000,1.10947,1.10943,7310000,2250000
2017-06-16 14:13:07.653000,1.10947,1.10943,3560000,3370000
2017-06-16 14:13:08.166000,1.10947,1.10943,5060000,3370000
2017-06-16 14:13:09.770000,1.10947,1.10943,6190000,3000000
2017-06-16 14:13:10.704000,1.10947,1.10943,6940000,2250000
2017-06-16 14:13:11.899000,1.10946,1.10943,2060000,1870000
2017-06-16 14:13:12.436000,1.10946,1.10942,2810000,3370000
2017-06-16 14:13:12.959000,1.10947,1.10943,5440000,3000000
2017-06-16 14:13:13.278000,1.10944,1.10942,1000000,1160000
2017-06-16 14:13:13.592000,1.1094,1.10938,1000000,2250000
2017-06-16 14:13:13.901000,1.10933,1.1093,1370000,3000000
2017-06-16 14:13:14.464000,1.10933,1.1093,1370000,3000000
2017-06-16 14:13:15.814000,1.10933,1.10931,1000000,3000000
2017-06-16 14:13:16.999000,1.10935,1.10933,5060000,1120000
2017-06-16 14:13:18.980000,1.10935,1.10934,1000000,1870000
2017-06-16 14:13:19.523000,1.10936,1.10933,2060000,1120000
2017-06-16 14:13:20.663000,1.10935,1.10933,1000000,3750000
2017-06-16 14:13:21.189000,1.10936,1.10935,1250000,1000000
2017-06-16 14:13:21.430000,1.10938,1.10936,1370000,4200000
2017-06-16 14:13:21.944000,1.10939,1.10937,1000000,2620000
2017-06-16 14:13:23.297000,1.10941,1.10939,1870000,1000000
2017-06-16 14:13:23.747000,1.10939,1.10937,1620000,1500000
2017-06-16 14:13:24.257000,1.10939,1.10937,1620000,1000000
2017-06-16 14:13:24.690000,1.10937,1.10935,1000000,1000000
2017-06-16 14:13:25.200000,1.10937,1.10935,2810000,1000000
2017-06-16 14:13:26.780000,1.10939,1.10936,3370000,3820000
2017-06-16 14:13:26.933000,1.10939,1.10938,1000000,1000000
2017-06-16 14:13:27.454000,1.1094,1.10939,1250000,1000000
2017-06-16 14:13:27.970000,1.10941,1.10938,2810000,1870000
2017-06-16 14:13:28.479000,1.1094,1.10937,2440000,1870000
2017-06-16 14:13:28.531000,1.10939,1.10936,2060000,1870000
2017-06-16 14:13:28.973000,1.10937,1.10934,3560000,1120000
2017-06-16 14:13:29.485000,1.10936,1.10934,1620000,1500000
2017-06-16 14:13:31.427000,1.10935,1.10933,1250000,1000000
2017-06-16 14:13:31.937000,1.10935,1.10932,1620000,2620000
2017-06-16 14:13:32.321000,1.10931,1.1093,1000000,4950000
2017-06-16 14:13:32.640000,1.10929,1.10928,1870000,1000000
2017-06-16 14:13:32.692000,1.10931,1.10929,5250000,1000000
2017-06-16 14:13:32.743000,1.10929,1.10928,1000000,1120000
2017-06-16 14:13:32.795000,1.1093,1.10928,1690000,1000000
2017-06-16 14:13:33.329000,1.1093,1.10929,1000000,1000000
2017-06-16 14:13:33.869000,1.1093,1.10928,2060000,1000000
2017-06-16 14:13:34.022000,1.10929,1.10926,2250000,1120000
2017-06-16 14:13:34.073000,1.10926,1.10924,5470000,5620000
2017-06-16 14:13:34.125000,1.10924,1.10922,2290000,1000000
2017-06-16 14:13:34.228000,1.10922,1.1092,1000000,1000000
2017-06-16 14:13:34.448000,1.10922,1.10919,2440000,1120000
2017-06-16 14:13:34.499000,1.10919,1.10918,1120000,1250000
2017-06-16 14:13:34.705000,1.10921,1.10919,1870000,1370000
2017-06-16 14:13:35.094000,1.10925,1.10922,4310000,1120000
2017-06-16 14:13:35.605000,1.10924,1.10921,1370000,2250000
2017-06-16 14:13:36.149000,1.10925,1.10921,2810000,2550000
2017-06-16 14:13:36.456000,1.10927,1.10924,1690000,2810000
2017-06-16 14:13:36.961000,1.10927,1.10924,1310000,2810000
2017-06-16 14:13:37.544000,1.10928,1.10926,1620000,1000000
2017-06-16 14:13:38.065000,1.10929,1.10926,2810000,1000000
2017-06-16 14:13:39.303000,1.10928,1.10924,2810000,5740000
2017-06-16 14:13:39.819000,1.10928,1.10924,2440000,3190000
2017-06-16 14:13:39.975000,1.10928,1.10926,1000000,3000000
2017-06-16 14:13:40.488000,1.10929,1.10926,2250000,1000000
2017-06-16 14:13:40.729000,1.1093,1.10928,1870000,1120000
2017-06-16 14:13:41.475000,1.10932,1.10931,6070000,1500000
2017-06-16 14:13:41.578000,1.10935,1.10931,6560000,2620000
2017-06-16 14:13:41.898000,1.10932,1.1093,1120000,1870000
2017-06-16 14:13:42.205000,1.1093,1.10928,1120000,2170000
2017-06-16 14:13:42.308000,1.1093,1.10926,2440000,3370000
2017-06-16 14:13:42.410000,1.10927,1.10925,1000000,2620000
2017-06-16 14:13:42.922000,1.10928,1.10925,1620000,1120000
2017-06-16 14:13:43.327000,1.10928,1.10927,1000000,1120000
2017-06-16 14:13:43.432000,1.10931,1.10927,3940000,3370000
2017-06-16 14:13:43.817000,1.10934,1.10931,1620000,3750000
2017-06-16 14:13:44.176000,1.10934,1.10931,1250000,3600000
2017-06-16 14:13:44.329000,1.10936,1.10933,2440000,1500000
2017-06-16 14:13:44.960000,1.10936,1.10932,3940000,1870000
2017-06-16 14:13:45.370000,1.10934,1.10931,2060000,1500000
2017-06-16 14:13:45.706000,1.10934,1.10933,1000000,1870000
2017-06-16 14:13:45.758000,1.10936,1.10934,1500000,1870000
2017-06-16 14:13:46.222000,1.10938,1.10936,2810000,1250000
2017-06-16 14:13:46.769000,1.10937,1.10934,3560000,1000000
2017-06-16 14:13:47.287000,1.10937,1.10933,2810000,3000000
2017-06-16 14:13:47.835000,1.10937,1.10933,3560000,1370000
2017-06-16 14:13:48.665000,1.10935,1.10934,1500000,1000000
2017-06-16 14:13:48.768000,1.10933,1.10931,1310000,1000000
2017-06-16 14:13:48.973000,1.10931,1.1093,1250000,1000000
2017-06-16 14:13:49.596000,1.10931,1.10929,1250000,1000000
2017-06-16 14:13:50.136000,1.10932,1.10929,1500000,1870000
2017-06-16 14:13:50.699000,1.10932,1.10931,1120000,1500000
2017-06-16 14:13:51.311000,1.10933,1.10931,1000000,1800000
2017-06-16 14:13:51.617000,1.10935,1.10932,1250000,3370000
2017-06-16 14:13:52.241000,1.10934,1.10931,1000000,3040000
2017-06-16 14:13:53.410000,1.10935,1.10932,2440000,2250000
2017-06-16 14:13:53.920000,1.10935,1.10932,2060000,1500000
2017-06-16 14:13:54.482000,1.10935,1.10932,1690000,1500000
2017-06-16 14:13:54.805000,1.10933,1.10929,3560000,1870000
2017-06-16 14:13:55.539000,1.10933,1.1093,3000000,1950000
2017-06-16 14:13:55.906000,1.10938,1.10936,1000000,1950000
2017-06-16 14:13:56.164000,1.10935,1.10934,1250000,3370000
2017-06-16 14:13:56.269000,1.10935,1.10932,2810000,2250000
2017-06-16 14:13:56.836000,1.10937,1.10933,5810000,2250000
2017-06-16 14:13:57.379000,1.10937,1.10933,5440000,2250000
2017-06-16 14:13:57.698000,1.10938,1.10934,2810000,2620000
2017-06-16 14:13:58.118000,1.10937,1.10934,1870000,1120000
2017-06-16 14:13:58.374000,1.10935,1.10932,1310000,2620000
2017-06-16 14:13:58.882000,1.10934,1.10931,1120000,1910000
2017-06-16 14:13:59.539000,1.10933,1.1093,1690000,1500000
2017-06-16 14:13:59.641000,1.10933,1.10929,3190000,2250000
2017-06-16 14:13:59.846000,1.10934,1.10931,5440000,1120000
2017-06-16 14:14:01.156000,1.10933,1.10929,3190000,2250000
2017-06-16 14:14:01.572000,1.1093,1.10928,1000000,1370000
2017-06-16 14:14:01.727000,1.10929,1.10925,3000000,3370000
2017-06-16 14:14:02.240000,1.10929,1.10926,2250000,3000000
2017-06-16 14:14:02.678000,1.10931,1.10927,4690000,2620000
2017-06-16 14:14:02.831000,1.10929,1.10926,1000000,1910000
2017-06-16 14:14:03.399000,1.1093,1.10927,1500000,1120000
2017-06-16 14:14:03.997000,1.10931,1.10927,2440000,4120000
2017-06-16 14:14:04.958000,1.1093,1.10927,1120000,1500000
2017-06-16 14:14:05.265000,1.10929,1.10925,3560000,2620000
2017-06-16 14:14:05.520000,1.1093,1.10927,1500000,2250000
2017-06-16 14:14:06.270000,1.10931,1.1093,1000000,1150000
2017-06-16 14:14:06.782000,1.10932,1.1093,1000000,1990000
2017-06-16 14:14:07.651000,1.10934,1.10931,3560000,1500000
2017-06-16 14:14:08.216000,1.10933,1.1093,1250000,3110000
2017-06-16 14:14:08.933000,1.10933,1.10931,1000000,1000000
2017-06-16 14:14:09.712000,1.10932,1.10931,1000000,1870000
2017-06-16 14:14:10.453000,1.10934,1.10933,1690000,1000000
2017-06-16 14:14:10.696000,1.10932,1.1093,1000000,9190000
2017-06-16 14:14:10.954000,1.10931,1.10929,1000000,1610000
2017-06-16 14:14:11.210000,1.10932,1.1093,1120000,2810000
2017-06-16 14:14:13.333000,1.10932,1.1093,1000000,1310000
2017-06-16 14:14:13.843000,1.10931,1.10929,1000000,1120000
2017-06-16 14:14:14.149000,1.10929,1.10927,1000000,2250000
2017-06-16 14:14:16.183000,1.1093,1.10928,1000000,1870000
2017-06-16 14:14:16.711000,1.10931,1.10929,1000000,2250000
2017-06-16 14:14:17.181000,1.10932,1.1093,2250000,2250000
2017-06-16 14:14:17.728000,1.10933,1.10931,1120000,2250000
2017-06-16 14:14:18.695000,1.10935,1.10934,2250000,1000000
2017-06-16 14:14:18.747000,1.10936,1.10934,1120000,3370000
2017-06-16 14:14:19.768000,1.10937,1.10934,2810000,1870000
2017-06-16 14:14:20.040000,1.10937,1.10935,1870000,3750000
2017-06-16 14:14:20.525000,1.10937,1.10934,1120000,1500000
2017-06-16 14:14:20.730000,1.10938,1.10936,1000000,1120000
2017-06-16 14:14:21.039000,1.10934,1.10933,1000000,1870000
2017-06-16 14:14:22.144000,1.10934,1.10932,1000000,1120000
2017-06-16 14:14:23.091000,1.10933,1.10931,1120000,1000000
2017-06-16 14:14:24.521000,1.10934,1.10931,1250000,2620000
2017-06-16 14:14:26.169000,1.10934,1.10931,2060000,1000000
2017-06-16 14:14:26.985000,1.10935,1.10932,5250000,1000000
2017-06-16 14:14:27.528000,1.10933,1.1093,1000000,2440000
2017-06-16 14:14:27.937000,1.10932,1.10929,2290000,1870000
2017-06-16 14:14:28.140000,1.10916,1.10914,1000000,1870000
2017-06-16 14:14:30.328000,1.10916,1.10913,1000000,4720000
2017-06-16 14:14:30.981000,1.10914,1.10913,1250000,2250000
2017-06-16 14:14:31.186000,1.1091,1.10908,1000000,1000000
2017-06-16 14:14:31.732000,1.10909,1.10907,1000000,1000000
2017-06-16 14:14:31.785000,1.10907,1.10906,1250000,2250000
2017-06-16 14:14:31.939000,1.10904,1.10901,4310000,1120000
2017-06-16 14:14:32.480000,1.10903,1.109,1120000,2060000
2017-06-16 14:14:32.999000,1.109,1.10898,1000000,2620000
2017-06-16 14:14:33.051000,1.10899,1.10896,4120000,1870000
2017-06-16 14:14:33.688000,1.10906,1.10904,1000000,4350000
2017-06-16 14:14:34.278000,1.10908,1.10907,7500000,1120000
2017-06-16 14:14:34.331000,1.1091,1.10907,1500000,6220000
2017-06-16 14:14:35.253000,1.1091,1.10907,2060000,1000000
2017-06-16 14:14:35.908000,1.10909,1.10907,1310000,1120000
2017-06-16 14:14:35.960000,1.10907,1.10903,3190000,5850000
2017-06-16 14:14:36.063000,1.10905,1.10901,2440000,4120000
2017-06-16 14:14:37.151000,1.10903,1.10902,1000000,1500000
2017-06-16 14:14:37.775000,1.10903,1.10901,1000000,2060000
2017-06-16 14:14:37.982000,1.10904,1.10903,1000000,1120000
2017-06-16 14:14:39.332000,1.10903,1.10902,1000000,3000000
2017-06-16 14:14:39.891000,1.10902,1.10901,1000000,1120000
2017-06-16 14:14:41.033000,1.10901,1.10899,1000000,4690000
2017-06-16 14:14:41.087000,1.109,1.10898,3190000,1870000
2017-06-16 14:14:41.190000,1.10897,1.10896,1120000,1500000
2017-06-16 14:14:42.334000,1.10898,1.10896,1120000,1000000
2017-06-16 14:14:42.642000,1.10899,1.10896,2440000,2250000
2017-06-16 14:14:43.175000,1.10898,1.10897,1000000,1500000
2017-06-16 14:14:43.613000,1.10898,1.10895,1370000,1870000
2017-06-16 14:14:44.701000,1.10898,1.10895,1500000,1370000
2017-06-16 14:14:45.719000,1.10898,1.10895,2620000,1120000
2017-06-16 14:14:46.128000,1.10899,1.10895,3190000,2620000
2017-06-16 14:14:46.180000,1.109,1.10899,2060000,1690000
2017-06-16 14:14:46.232000,1.10901,1.10899,1000000,2060000
2017-06-16 14:14:46.578000,1.10903,1.109,1500000,2470000
2017-06-16 14:14:47.090000,1.10904,1.10902,1120000,3600000
2017-06-16 14:14:47.295000,1.10909,1.10905,7690000,4310000
2017-06-16 14:14:47.454000,1.10906,1.10903,2620000,3820000
2017-06-16 14:14:47.913000,1.10904,1.10901,2060000,1000000
2017-06-16 14:14:48.170000,1.10901,1.10898,1500000,1500000
2017-06-16 14:14:48.325000,1.10902,1.109,1120000,1500000
2017-06-16 14:14:48.912000,1.10903,1.10901,1500000,1120000
2017-06-16 14:14:49.422000,1.10904,1.10901,3560000,1120000
2017-06-16 14:14:51.121000,1.10905,1.10901,6560000,2250000
2017-06-16 14:14:51.520000,1.10909,1.10905,3560000,2060000
2017-06-16 14:14:51.572000,1.10907,1.10903,4690000,1500000
2017-06-16 14:14:51.623000,1.10905,1.10901,3000000,2440000
2017-06-16 14:14:52.135000,1.10905,1.10901,3750000,2060000
2017-06-16 14:14:52.769000,1.10906,1.10902,2810000,3370000
2017-06-16 14:14:53.280000,1.10906,1.10904,1000000,2250000
2017-06-16 14:14:53.805000,1.10907,1.10904,1690000,1120000
2017-06-16 14:14:54.568000,1.10907,1.10906,1120000,1120000
2017-06-16 14:14:54.677000,1.1091,1.10908,3370000,1000000
2017-06-16 14:14:55.554000,1.10912,1.10909,2810000,1120000
2017-06-16 14:14:56.166000,1.10912,1.10909,3560000,1500000
2017-06-16 14:14:57.148000,1.10912,1.1091,3190000,1000000
2017-06-16 14:14:57.681000,1.10911,1.10909,3190000,1120000
2017-06-16 14:15:00.535000,1.1091,1.10907,1120000,1870000
